constant	MTRAccessControlAccessRestrictionTypeAttributeAccessForbidden
constant	MTRAccessControlAccessRestrictionTypeAttributeWriteForbidden
constant	MTRAccessControlAccessRestrictionTypeCommandForbidden
constant	MTRAccessControlAccessRestrictionTypeEventForbidden
constant	MTRAccessControlAuthModeCASE
constant	MTRAccessControlAuthModeGroup
constant	MTRAccessControlAuthModePASE
constant	MTRAccessControlChangeTypeAdded
constant	MTRAccessControlChangeTypeChanged
constant	MTRAccessControlChangeTypeRemoved
constant	MTRAccessControlEntryAuthModeCASE
constant	MTRAccessControlEntryAuthModeGroup
constant	MTRAccessControlEntryAuthModePASE
constant	MTRAccessControlEntryPrivilegeAdminister
constant	MTRAccessControlEntryPrivilegeManage
constant	MTRAccessControlEntryPrivilegeOperate
constant	MTRAccessControlEntryPrivilegeProxyView
constant	MTRAccessControlEntryPrivilegeView
constant	MTRAccessControlFeatureExtension
constant	MTRAccessControlFeatureManagedDevice
constant	MTRAccessControlPrivilegeAdminister
constant	MTRAccessControlPrivilegeManage
constant	MTRAccessControlPrivilegeOperate
constant	MTRAccessControlPrivilegeProxyView
constant	MTRAccessControlPrivilegeView
constant	MTRActionsActionErrorInterrupted
constant	MTRActionsActionErrorUnknown
constant	MTRActionsActionStateActive
constant	MTRActionsActionStateDisabled
constant	MTRActionsActionStateInactive
constant	MTRActionsActionStatePaused
constant	MTRActionsActionTypeAlarm
constant	MTRActionsActionTypeAutomation
constant	MTRActionsActionTypeException
constant	MTRActionsActionTypeNotification
constant	MTRActionsActionTypeOther
constant	MTRActionsActionTypeScene
constant	MTRActionsActionTypeSequence
constant	MTRActionsCommandBitsDisableAction
constant	MTRActionsCommandBitsDisableActionWithDuration
constant	MTRActionsCommandBitsEnableAction
constant	MTRActionsCommandBitsEnableActionWithDuration
constant	MTRActionsCommandBitsInstantAction
constant	MTRActionsCommandBitsInstantActionWithTransition
constant	MTRActionsCommandBitsPauseAction
constant	MTRActionsCommandBitsPauseActionWithDuration
constant	MTRActionsCommandBitsResumeAction
constant	MTRActionsCommandBitsStartAction
constant	MTRActionsCommandBitsStartActionWithDuration
constant	MTRActionsCommandBitsStopAction
constant	MTRActionsEndpointListTypeOther
constant	MTRActionsEndpointListTypeRoom
constant	MTRActionsEndpointListTypeZone
constant	MTRActivatedCarbonFilterMonitoringChangeIndicationCritical
constant	MTRActivatedCarbonFilterMonitoringChangeIndicationOK
constant	MTRActivatedCarbonFilterMonitoringChangeIndicationWarning
constant	MTRActivatedCarbonFilterMonitoringDegradationDirectionDown
constant	MTRActivatedCarbonFilterMonitoringDegradationDirectionUp
constant	MTRActivatedCarbonFilterMonitoringFeatureCondition
constant	MTRActivatedCarbonFilterMonitoringFeatureReplacementProductList
constant	MTRActivatedCarbonFilterMonitoringFeatureWarning
constant	MTRActivatedCarbonFilterMonitoringProductIdentifierTypeEAN
constant	MTRActivatedCarbonFilterMonitoringProductIdentifierTypeGTIN14
constant	MTRActivatedCarbonFilterMonitoringProductIdentifierTypeGTIN8
constant	MTRActivatedCarbonFilterMonitoringProductIdentifierTypeOEM
constant	MTRActivatedCarbonFilterMonitoringProductIdentifierTypeUPC
constant	MTRAdministratorCommissioningCommissioningWindowStatusBasicWindowOpen
constant	MTRAdministratorCommissioningCommissioningWindowStatusEnhancedWindowOpen
constant	MTRAdministratorCommissioningCommissioningWindowStatusWindowNotOpen
constant	MTRAdministratorCommissioningFeatureBasic
constant	MTRAdministratorCommissioningStatusCodeBusy
constant	MTRAdministratorCommissioningStatusCodePAKEParameterError
constant	MTRAdministratorCommissioningStatusCodeWindowNotOpen
constant	MTRAirQualityExtremelyPoor
constant	MTRAirQualityFair
constant	MTRAirQualityFeatureExtremelyPoor
constant	MTRAirQualityFeatureFair
constant	MTRAirQualityFeatureModerate
constant	MTRAirQualityFeatureVeryPoor
constant	MTRAirQualityGood
constant	MTRAirQualityModerate
constant	MTRAirQualityPoor
constant	MTRAirQualityUnknown
constant	MTRAirQualityVeryPoor
constant	MTRApplicationBasicApplicationStatusActiveHidden
constant	MTRApplicationBasicApplicationStatusActiveVisibleFocus
constant	MTRApplicationBasicApplicationStatusActiveVisibleNotFocus
constant	MTRApplicationBasicApplicationStatusStopped
constant	MTRApplicationLauncherFeatureApplicationPlatform
constant	MTRApplicationLauncherStatusAppNotAvailable
constant	MTRApplicationLauncherStatusDownloading
constant	MTRApplicationLauncherStatusInstalling
constant	MTRApplicationLauncherStatusPendingUserApproval
constant	MTRApplicationLauncherStatusSuccess
constant	MTRApplicationLauncherStatusSystemBusy
constant	MTRAttributeIDTypeClusterAccessControlAttributeACLID
constant	MTRAttributeIDTypeClusterAccessControlAttributeARLID
constant	MTRAttributeIDTypeClusterAccessControlAttributeAcceptedCommandListID
constant	MTRAttributeIDTypeClusterAccessControlAttributeAccessControlEntriesPerFabricID
constant	MTRAttributeIDTypeClusterAccessControlAttributeAttributeListID
constant	MTRAttributeIDTypeClusterAccessControlAttributeClusterRevisionID
constant	MTRAttributeIDTypeClusterAccessControlAttributeCommissioningARLID
constant	MTRAttributeIDTypeClusterAccessControlAttributeExtensionID
constant	MTRAttributeIDTypeClusterAccessControlAttributeFeatureMapID
constant	MTRAttributeIDTypeClusterAccessControlAttributeGeneratedCommandListID
constant	MTRAttributeIDTypeClusterAccessControlAttributeSubjectsPerAccessControlEntryID
constant	MTRAttributeIDTypeClusterAccessControlAttributeTargetsPerAccessControlEntryID
constant	MTRAttributeIDTypeClusterAccountLoginAttributeAcceptedCommandListID
constant	MTRAttributeIDTypeClusterAccountLoginAttributeAttributeListID
constant	MTRAttributeIDTypeClusterAccountLoginAttributeClusterRevisionID
constant	MTRAttributeIDTypeClusterAccountLoginAttributeFeatureMapID
constant	MTRAttributeIDTypeClusterAccountLoginAttributeGeneratedCommandListID
constant	MTRAttributeIDTypeClusterActionsAttributeAcceptedCommandListID
constant	MTRAttributeIDTypeClusterActionsAttributeActionListID
constant	MTRAttributeIDTypeClusterActionsAttributeAttributeListID
constant	MTRAttributeIDTypeClusterActionsAttributeClusterRevisionID
constant	MTRAttributeIDTypeClusterActionsAttributeEndpointListsID
constant	MTRAttributeIDTypeClusterActionsAttributeFeatureMapID
constant	MTRAttributeIDTypeClusterActionsAttributeGeneratedCommandListID
constant	MTRAttributeIDTypeClusterActionsAttributeSetupURLID
constant	MTRAttributeIDTypeClusterActivatedCarbonFilterMonitoringAttributeAcceptedCommandListID
constant	MTRAttributeIDTypeClusterActivatedCarbonFilterMonitoringAttributeAttributeListID
constant	MTRAttributeIDTypeClusterActivatedCarbonFilterMonitoringAttributeChangeIndicationID
constant	MTRAttributeIDTypeClusterActivatedCarbonFilterMonitoringAttributeClusterRevisionID
constant	MTRAttributeIDTypeClusterActivatedCarbonFilterMonitoringAttributeConditionID
constant	MTRAttributeIDTypeClusterActivatedCarbonFilterMonitoringAttributeDegradationDirectionID
constant	MTRAttributeIDTypeClusterActivatedCarbonFilterMonitoringAttributeFeatureMapID
constant	MTRAttributeIDTypeClusterActivatedCarbonFilterMonitoringAttributeGeneratedCommandListID
constant	MTRAttributeIDTypeClusterActivatedCarbonFilterMonitoringAttributeInPlaceIndicatorID
constant	MTRAttributeIDTypeClusterActivatedCarbonFilterMonitoringAttributeLastChangedTimeID
constant	MTRAttributeIDTypeClusterActivatedCarbonFilterMonitoringAttributeReplacementProductListID
constant	MTRAttributeIDTypeClusterAdministratorCommissioningAttributeAcceptedCommandListID
constant	MTRAttributeIDTypeClusterAdministratorCommissioningAttributeAdminFabricIndexID
constant	MTRAttributeIDTypeClusterAdministratorCommissioningAttributeAdminVendorIdID
constant	MTRAttributeIDTypeClusterAdministratorCommissioningAttributeAttributeListID
constant	MTRAttributeIDTypeClusterAdministratorCommissioningAttributeClusterRevisionID
constant	MTRAttributeIDTypeClusterAdministratorCommissioningAttributeFeatureMapID
constant	MTRAttributeIDTypeClusterAdministratorCommissioningAttributeGeneratedCommandListID
constant	MTRAttributeIDTypeClusterAdministratorCommissioningAttributeWindowStatusID
constant	MTRAttributeIDTypeClusterAirQualityAttributeAcceptedCommandListID
constant	MTRAttributeIDTypeClusterAirQualityAttributeAirQualityID
constant	MTRAttributeIDTypeClusterAirQualityAttributeAttributeListID
constant	MTRAttributeIDTypeClusterAirQualityAttributeClusterRevisionID
constant	MTRAttributeIDTypeClusterAirQualityAttributeFeatureMapID
constant	MTRAttributeIDTypeClusterAirQualityAttributeGeneratedCommandListID
constant	MTRAttributeIDTypeClusterApplicationBasicAttributeAcceptedCommandListID
constant	MTRAttributeIDTypeClusterApplicationBasicAttributeAllowedVendorListID
constant	MTRAttributeIDTypeClusterApplicationBasicAttributeApplicationID
constant	MTRAttributeIDTypeClusterApplicationBasicAttributeApplicationNameID
constant	MTRAttributeIDTypeClusterApplicationBasicAttributeApplicationVersionID
constant	MTRAttributeIDTypeClusterApplicationBasicAttributeAttributeListID
constant	MTRAttributeIDTypeClusterApplicationBasicAttributeClusterRevisionID
constant	MTRAttributeIDTypeClusterApplicationBasicAttributeFeatureMapID
constant	MTRAttributeIDTypeClusterApplicationBasicAttributeGeneratedCommandListID
constant	MTRAttributeIDTypeClusterApplicationBasicAttributeProductIDID
constant	MTRAttributeIDTypeClusterApplicationBasicAttributeStatusID
constant	MTRAttributeIDTypeClusterApplicationBasicAttributeVendorIDID
constant	MTRAttributeIDTypeClusterApplicationBasicAttributeVendorNameID
constant	MTRAttributeIDTypeClusterApplicationLauncherAttributeAcceptedCommandListID
constant	MTRAttributeIDTypeClusterApplicationLauncherAttributeAttributeListID
constant	MTRAttributeIDTypeClusterApplicationLauncherAttributeCatalogListID
constant	MTRAttributeIDTypeClusterApplicationLauncherAttributeClusterRevisionID
constant	MTRAttributeIDTypeClusterApplicationLauncherAttributeCurrentAppID
constant	MTRAttributeIDTypeClusterApplicationLauncherAttributeFeatureMapID
constant	MTRAttributeIDTypeClusterApplicationLauncherAttributeGeneratedCommandListID
constant	MTRAttributeIDTypeClusterAudioOutputAttributeAcceptedCommandListID
constant	MTRAttributeIDTypeClusterAudioOutputAttributeAttributeListID
constant	MTRAttributeIDTypeClusterAudioOutputAttributeClusterRevisionID
constant	MTRAttributeIDTypeClusterAudioOutputAttributeCurrentOutputID
constant	MTRAttributeIDTypeClusterAudioOutputAttributeFeatureMapID
constant	MTRAttributeIDTypeClusterAudioOutputAttributeGeneratedCommandListID
constant	MTRAttributeIDTypeClusterAudioOutputAttributeOutputListID
constant	MTRAttributeIDTypeClusterBallastConfigurationAttributeAcceptedCommandListID
constant	MTRAttributeIDTypeClusterBallastConfigurationAttributeAttributeListID
constant	MTRAttributeIDTypeClusterBallastConfigurationAttributeBallastFactorAdjustmentID
constant	MTRAttributeIDTypeClusterBallastConfigurationAttributeBallastStatusID
constant	MTRAttributeIDTypeClusterBallastConfigurationAttributeClusterRevisionID
constant	MTRAttributeIDTypeClusterBallastConfigurationAttributeFeatureMapID
constant	MTRAttributeIDTypeClusterBallastConfigurationAttributeGeneratedCommandListID
constant	MTRAttributeIDTypeClusterBallastConfigurationAttributeIntrinsicBallastFactorID
constant	MTRAttributeIDTypeClusterBallastConfigurationAttributeLampAlarmModeID
constant	MTRAttributeIDTypeClusterBallastConfigurationAttributeLampBurnHoursID
constant	MTRAttributeIDTypeClusterBallastConfigurationAttributeLampBurnHoursTripPointID
constant	MTRAttributeIDTypeClusterBallastConfigurationAttributeLampManufacturerID
constant	MTRAttributeIDTypeClusterBallastConfigurationAttributeLampQuantityID
constant	MTRAttributeIDTypeClusterBallastConfigurationAttributeLampRatedHoursID
constant	MTRAttributeIDTypeClusterBallastConfigurationAttributeLampTypeID
constant	MTRAttributeIDTypeClusterBallastConfigurationAttributeMaxLevelID
constant	MTRAttributeIDTypeClusterBallastConfigurationAttributeMinLevelID
constant	MTRAttributeIDTypeClusterBallastConfigurationAttributePhysicalMaxLevelID
constant	MTRAttributeIDTypeClusterBallastConfigurationAttributePhysicalMinLevelID
constant	MTRAttributeIDTypeClusterBarrierControlAttributeAcceptedCommandListID
constant	MTRAttributeIDTypeClusterBarrierControlAttributeAttributeListID
constant	MTRAttributeIDTypeClusterBarrierControlAttributeBarrierCapabilitiesID
constant	MTRAttributeIDTypeClusterBarrierControlAttributeBarrierCloseEventsID
constant	MTRAttributeIDTypeClusterBarrierControlAttributeBarrierClosePeriodID
constant	MTRAttributeIDTypeClusterBarrierControlAttributeBarrierCommandCloseEventsID
constant	MTRAttributeIDTypeClusterBarrierControlAttributeBarrierCommandOpenEventsID
constant	MTRAttributeIDTypeClusterBarrierControlAttributeBarrierMovingStateID
constant	MTRAttributeIDTypeClusterBarrierControlAttributeBarrierOpenEventsID
constant	MTRAttributeIDTypeClusterBarrierControlAttributeBarrierOpenPeriodID
constant	MTRAttributeIDTypeClusterBarrierControlAttributeBarrierPositionID
constant	MTRAttributeIDTypeClusterBarrierControlAttributeBarrierSafetyStatusID
constant	MTRAttributeIDTypeClusterBarrierControlAttributeClusterRevisionID
constant	MTRAttributeIDTypeClusterBarrierControlAttributeFeatureMapID
constant	MTRAttributeIDTypeClusterBarrierControlAttributeGeneratedCommandListID
constant	MTRAttributeIDTypeClusterBasicInformationAttributeAcceptedCommandListID
constant	MTRAttributeIDTypeClusterBasicInformationAttributeAttributeListID
constant	MTRAttributeIDTypeClusterBasicInformationAttributeCapabilityMinimaID
constant	MTRAttributeIDTypeClusterBasicInformationAttributeClusterRevisionID
constant	MTRAttributeIDTypeClusterBasicInformationAttributeDataModelRevisionID
constant	MTRAttributeIDTypeClusterBasicInformationAttributeFeatureMapID
constant	MTRAttributeIDTypeClusterBasicInformationAttributeGeneratedCommandListID
constant	MTRAttributeIDTypeClusterBasicInformationAttributeHardwareVersionID
constant	MTRAttributeIDTypeClusterBasicInformationAttributeHardwareVersionStringID
constant	MTRAttributeIDTypeClusterBasicInformationAttributeLocalConfigDisabledID
constant	MTRAttributeIDTypeClusterBasicInformationAttributeLocationID
constant	MTRAttributeIDTypeClusterBasicInformationAttributeManufacturingDateID
constant	MTRAttributeIDTypeClusterBasicInformationAttributeMaxPathsPerInvokeID
constant	MTRAttributeIDTypeClusterBasicInformationAttributeNodeLabelID
constant	MTRAttributeIDTypeClusterBasicInformationAttributePartNumberID
constant	MTRAttributeIDTypeClusterBasicInformationAttributeProductAppearanceID
constant	MTRAttributeIDTypeClusterBasicInformationAttributeProductIDID
constant	MTRAttributeIDTypeClusterBasicInformationAttributeProductLabelID
constant	MTRAttributeIDTypeClusterBasicInformationAttributeProductNameID
constant	MTRAttributeIDTypeClusterBasicInformationAttributeProductURLID
constant	MTRAttributeIDTypeClusterBasicInformationAttributeReachableID
constant	MTRAttributeIDTypeClusterBasicInformationAttributeSerialNumberID
constant	MTRAttributeIDTypeClusterBasicInformationAttributeSoftwareVersionID
constant	MTRAttributeIDTypeClusterBasicInformationAttributeSoftwareVersionStringID
constant	MTRAttributeIDTypeClusterBasicInformationAttributeSpecificationVersionID
constant	MTRAttributeIDTypeClusterBasicInformationAttributeUniqueIDID
constant	MTRAttributeIDTypeClusterBasicInformationAttributeVendorIDID
constant	MTRAttributeIDTypeClusterBasicInformationAttributeVendorNameID
constant	MTRAttributeIDTypeClusterBinaryInputBasicAttributeAcceptedCommandListID
constant	MTRAttributeIDTypeClusterBinaryInputBasicAttributeActiveTextID
constant	MTRAttributeIDTypeClusterBinaryInputBasicAttributeApplicationTypeID
constant	MTRAttributeIDTypeClusterBinaryInputBasicAttributeAttributeListID
constant	MTRAttributeIDTypeClusterBinaryInputBasicAttributeClusterRevisionID
constant	MTRAttributeIDTypeClusterBinaryInputBasicAttributeDescriptionID
constant	MTRAttributeIDTypeClusterBinaryInputBasicAttributeFeatureMapID
constant	MTRAttributeIDTypeClusterBinaryInputBasicAttributeGeneratedCommandListID
constant	MTRAttributeIDTypeClusterBinaryInputBasicAttributeInactiveTextID
constant	MTRAttributeIDTypeClusterBinaryInputBasicAttributeOutOfServiceID
constant	MTRAttributeIDTypeClusterBinaryInputBasicAttributePolarityID
constant	MTRAttributeIDTypeClusterBinaryInputBasicAttributePresentValueID
constant	MTRAttributeIDTypeClusterBinaryInputBasicAttributeReliabilityID
constant	MTRAttributeIDTypeClusterBinaryInputBasicAttributeStatusFlagsID
constant	MTRAttributeIDTypeClusterBindingAttributeAcceptedCommandListID
constant	MTRAttributeIDTypeClusterBindingAttributeAttributeListID
constant	MTRAttributeIDTypeClusterBindingAttributeBindingID
constant	MTRAttributeIDTypeClusterBindingAttributeClusterRevisionID
constant	MTRAttributeIDTypeClusterBindingAttributeFeatureMapID
constant	MTRAttributeIDTypeClusterBindingAttributeGeneratedCommandListID
constant	MTRAttributeIDTypeClusterBooleanStateAttributeAcceptedCommandListID
constant	MTRAttributeIDTypeClusterBooleanStateAttributeAttributeListID
constant	MTRAttributeIDTypeClusterBooleanStateAttributeClusterRevisionID
constant	MTRAttributeIDTypeClusterBooleanStateAttributeFeatureMapID
constant	MTRAttributeIDTypeClusterBooleanStateAttributeGeneratedCommandListID
constant	MTRAttributeIDTypeClusterBooleanStateAttributeStateValueID
constant	MTRAttributeIDTypeClusterBooleanStateConfigurationAttributeAcceptedCommandListID
constant	MTRAttributeIDTypeClusterBooleanStateConfigurationAttributeAlarmsActiveID
constant	MTRAttributeIDTypeClusterBooleanStateConfigurationAttributeAlarmsEnabledID
constant	MTRAttributeIDTypeClusterBooleanStateConfigurationAttributeAlarmsSupportedID
constant	MTRAttributeIDTypeClusterBooleanStateConfigurationAttributeAlarmsSuppressedID
constant	MTRAttributeIDTypeClusterBooleanStateConfigurationAttributeAttributeListID
constant	MTRAttributeIDTypeClusterBooleanStateConfigurationAttributeClusterRevisionID
constant	MTRAttributeIDTypeClusterBooleanStateConfigurationAttributeCurrentSensitivityLevelID
constant	MTRAttributeIDTypeClusterBooleanStateConfigurationAttributeDefaultSensitivityLevelID
constant	MTRAttributeIDTypeClusterBooleanStateConfigurationAttributeFeatureMapID
constant	MTRAttributeIDTypeClusterBooleanStateConfigurationAttributeGeneratedCommandListID
constant	MTRAttributeIDTypeClusterBooleanStateConfigurationAttributeSensorFaultID
constant	MTRAttributeIDTypeClusterBooleanStateConfigurationAttributeSupportedSensitivityLevelsID
constant	MTRAttributeIDTypeClusterBridgedDeviceBasicInformationAttributeAcceptedCommandListID
constant	MTRAttributeIDTypeClusterBridgedDeviceBasicInformationAttributeAttributeListID
constant	MTRAttributeIDTypeClusterBridgedDeviceBasicInformationAttributeClusterRevisionID
constant	MTRAttributeIDTypeClusterBridgedDeviceBasicInformationAttributeFeatureMapID
constant	MTRAttributeIDTypeClusterBridgedDeviceBasicInformationAttributeGeneratedCommandListID
constant	MTRAttributeIDTypeClusterBridgedDeviceBasicInformationAttributeHardwareVersionID
constant	MTRAttributeIDTypeClusterBridgedDeviceBasicInformationAttributeHardwareVersionStringID
constant	MTRAttributeIDTypeClusterBridgedDeviceBasicInformationAttributeManufacturingDateID
constant	MTRAttributeIDTypeClusterBridgedDeviceBasicInformationAttributeNodeLabelID
constant	MTRAttributeIDTypeClusterBridgedDeviceBasicInformationAttributePartNumberID
constant	MTRAttributeIDTypeClusterBridgedDeviceBasicInformationAttributeProductAppearanceID
constant	MTRAttributeIDTypeClusterBridgedDeviceBasicInformationAttributeProductIDID
constant	MTRAttributeIDTypeClusterBridgedDeviceBasicInformationAttributeProductLabelID
constant	MTRAttributeIDTypeClusterBridgedDeviceBasicInformationAttributeProductNameID
constant	MTRAttributeIDTypeClusterBridgedDeviceBasicInformationAttributeProductURLID
constant	MTRAttributeIDTypeClusterBridgedDeviceBasicInformationAttributeReachableID
constant	MTRAttributeIDTypeClusterBridgedDeviceBasicInformationAttributeSerialNumberID
constant	MTRAttributeIDTypeClusterBridgedDeviceBasicInformationAttributeSoftwareVersionID
constant	MTRAttributeIDTypeClusterBridgedDeviceBasicInformationAttributeSoftwareVersionStringID
constant	MTRAttributeIDTypeClusterBridgedDeviceBasicInformationAttributeUniqueIDID
constant	MTRAttributeIDTypeClusterBridgedDeviceBasicInformationAttributeVendorIDID
constant	MTRAttributeIDTypeClusterBridgedDeviceBasicInformationAttributeVendorNameID
constant	MTRAttributeIDTypeClusterCarbonDioxideConcentrationMeasurementAttributeAcceptedCommandListID
constant	MTRAttributeIDTypeClusterCarbonDioxideConcentrationMeasurementAttributeAttributeListID
constant	MTRAttributeIDTypeClusterCarbonDioxideConcentrationMeasurementAttributeAverageMeasuredValueID
constant	MTRAttributeIDTypeClusterCarbonDioxideConcentrationMeasurementAttributeAverageMeasuredValueWindowID
constant	MTRAttributeIDTypeClusterCarbonDioxideConcentrationMeasurementAttributeClusterRevisionID
constant	MTRAttributeIDTypeClusterCarbonDioxideConcentrationMeasurementAttributeFeatureMapID
constant	MTRAttributeIDTypeClusterCarbonDioxideConcentrationMeasurementAttributeGeneratedCommandListID
constant	MTRAttributeIDTypeClusterCarbonDioxideConcentrationMeasurementAttributeLevelValueID
constant	MTRAttributeIDTypeClusterCarbonDioxideConcentrationMeasurementAttributeMaxMeasuredValueID
constant	MTRAttributeIDTypeClusterCarbonDioxideConcentrationMeasurementAttributeMeasuredValueID
constant	MTRAttributeIDTypeClusterCarbonDioxideConcentrationMeasurementAttributeMeasurementMediumID
constant	MTRAttributeIDTypeClusterCarbonDioxideConcentrationMeasurementAttributeMeasurementUnitID
constant	MTRAttributeIDTypeClusterCarbonDioxideConcentrationMeasurementAttributeMinMeasuredValueID
constant	MTRAttributeIDTypeClusterCarbonDioxideConcentrationMeasurementAttributePeakMeasuredValueID
constant	MTRAttributeIDTypeClusterCarbonDioxideConcentrationMeasurementAttributePeakMeasuredValueWindowID
constant	MTRAttributeIDTypeClusterCarbonDioxideConcentrationMeasurementAttributeUncertaintyID
constant	MTRAttributeIDTypeClusterCarbonMonoxideConcentrationMeasurementAttributeAcceptedCommandListID
constant	MTRAttributeIDTypeClusterCarbonMonoxideConcentrationMeasurementAttributeAttributeListID
constant	MTRAttributeIDTypeClusterCarbonMonoxideConcentrationMeasurementAttributeAverageMeasuredValueID
constant	MTRAttributeIDTypeClusterCarbonMonoxideConcentrationMeasurementAttributeAverageMeasuredValueWindowID
constant	MTRAttributeIDTypeClusterCarbonMonoxideConcentrationMeasurementAttributeClusterRevisionID
constant	MTRAttributeIDTypeClusterCarbonMonoxideConcentrationMeasurementAttributeFeatureMapID
constant	MTRAttributeIDTypeClusterCarbonMonoxideConcentrationMeasurementAttributeGeneratedCommandListID
constant	MTRAttributeIDTypeClusterCarbonMonoxideConcentrationMeasurementAttributeLevelValueID
constant	MTRAttributeIDTypeClusterCarbonMonoxideConcentrationMeasurementAttributeMaxMeasuredValueID
constant	MTRAttributeIDTypeClusterCarbonMonoxideConcentrationMeasurementAttributeMeasuredValueID
constant	MTRAttributeIDTypeClusterCarbonMonoxideConcentrationMeasurementAttributeMeasurementMediumID
constant	MTRAttributeIDTypeClusterCarbonMonoxideConcentrationMeasurementAttributeMeasurementUnitID
constant	MTRAttributeIDTypeClusterCarbonMonoxideConcentrationMeasurementAttributeMinMeasuredValueID
constant	MTRAttributeIDTypeClusterCarbonMonoxideConcentrationMeasurementAttributePeakMeasuredValueID
constant	MTRAttributeIDTypeClusterCarbonMonoxideConcentrationMeasurementAttributePeakMeasuredValueWindowID
constant	MTRAttributeIDTypeClusterCarbonMonoxideConcentrationMeasurementAttributeUncertaintyID
constant	MTRAttributeIDTypeClusterChannelAttributeAcceptedCommandListID
constant	MTRAttributeIDTypeClusterChannelAttributeAttributeListID
constant	MTRAttributeIDTypeClusterChannelAttributeChannelListID
constant	MTRAttributeIDTypeClusterChannelAttributeClusterRevisionID
constant	MTRAttributeIDTypeClusterChannelAttributeCurrentChannelID
constant	MTRAttributeIDTypeClusterChannelAttributeFeatureMapID
constant	MTRAttributeIDTypeClusterChannelAttributeGeneratedCommandListID
constant	MTRAttributeIDTypeClusterChannelAttributeLineupID
constant	MTRAttributeIDTypeClusterColorControlAttributeAcceptedCommandListID
constant	MTRAttributeIDTypeClusterColorControlAttributeAttributeListID
constant	MTRAttributeIDTypeClusterColorControlAttributeClusterRevisionID
constant	MTRAttributeIDTypeClusterColorControlAttributeColorCapabilitiesID
constant	MTRAttributeIDTypeClusterColorControlAttributeColorLoopActiveID
constant	MTRAttributeIDTypeClusterColorControlAttributeColorLoopDirectionID
constant	MTRAttributeIDTypeClusterColorControlAttributeColorLoopStartEnhancedHueID
constant	MTRAttributeIDTypeClusterColorControlAttributeColorLoopStoredEnhancedHueID
constant	MTRAttributeIDTypeClusterColorControlAttributeColorLoopTimeID
constant	MTRAttributeIDTypeClusterColorControlAttributeColorModeID
constant	MTRAttributeIDTypeClusterColorControlAttributeColorPointBIntensityID
constant	MTRAttributeIDTypeClusterColorControlAttributeColorPointBXID
constant	MTRAttributeIDTypeClusterColorControlAttributeColorPointBYID
constant	MTRAttributeIDTypeClusterColorControlAttributeColorPointGIntensityID
constant	MTRAttributeIDTypeClusterColorControlAttributeColorPointGXID
constant	MTRAttributeIDTypeClusterColorControlAttributeColorPointGYID
constant	MTRAttributeIDTypeClusterColorControlAttributeColorPointRIntensityID
constant	MTRAttributeIDTypeClusterColorControlAttributeColorPointRXID
constant	MTRAttributeIDTypeClusterColorControlAttributeColorPointRYID
constant	MTRAttributeIDTypeClusterColorControlAttributeColorTempPhysicalMaxMiredsID
constant	MTRAttributeIDTypeClusterColorControlAttributeColorTempPhysicalMinMiredsID
constant	MTRAttributeIDTypeClusterColorControlAttributeColorTemperatureMiredsID
constant	MTRAttributeIDTypeClusterColorControlAttributeCompensationTextID
constant	MTRAttributeIDTypeClusterColorControlAttributeCoupleColorTempToLevelMinMiredsID
constant	MTRAttributeIDTypeClusterColorControlAttributeCurrentHueID
constant	MTRAttributeIDTypeClusterColorControlAttributeCurrentSaturationID
constant	MTRAttributeIDTypeClusterColorControlAttributeCurrentXID
constant	MTRAttributeIDTypeClusterColorControlAttributeCurrentYID
constant	MTRAttributeIDTypeClusterColorControlAttributeDriftCompensationID
constant	MTRAttributeIDTypeClusterColorControlAttributeEnhancedColorModeID
constant	MTRAttributeIDTypeClusterColorControlAttributeEnhancedCurrentHueID
constant	MTRAttributeIDTypeClusterColorControlAttributeFeatureMapID
constant	MTRAttributeIDTypeClusterColorControlAttributeGeneratedCommandListID
constant	MTRAttributeIDTypeClusterColorControlAttributeNumberOfPrimariesID
constant	MTRAttributeIDTypeClusterColorControlAttributeOptionsID
constant	MTRAttributeIDTypeClusterColorControlAttributePrimary1IntensityID
constant	MTRAttributeIDTypeClusterColorControlAttributePrimary1XID
constant	MTRAttributeIDTypeClusterColorControlAttributePrimary1YID
constant	MTRAttributeIDTypeClusterColorControlAttributePrimary2IntensityID
constant	MTRAttributeIDTypeClusterColorControlAttributePrimary2XID
constant	MTRAttributeIDTypeClusterColorControlAttributePrimary2YID
constant	MTRAttributeIDTypeClusterColorControlAttributePrimary3IntensityID
constant	MTRAttributeIDTypeClusterColorControlAttributePrimary3XID
constant	MTRAttributeIDTypeClusterColorControlAttributePrimary3YID
constant	MTRAttributeIDTypeClusterColorControlAttributePrimary4IntensityID
constant	MTRAttributeIDTypeClusterColorControlAttributePrimary4XID
constant	MTRAttributeIDTypeClusterColorControlAttributePrimary4YID
constant	MTRAttributeIDTypeClusterColorControlAttributePrimary5IntensityID
constant	MTRAttributeIDTypeClusterColorControlAttributePrimary5XID
constant	MTRAttributeIDTypeClusterColorControlAttributePrimary5YID
constant	MTRAttributeIDTypeClusterColorControlAttributePrimary6IntensityID
constant	MTRAttributeIDTypeClusterColorControlAttributePrimary6XID
constant	MTRAttributeIDTypeClusterColorControlAttributePrimary6YID
constant	MTRAttributeIDTypeClusterColorControlAttributeRemainingTimeID
constant	MTRAttributeIDTypeClusterColorControlAttributeStartUpColorTemperatureMiredsID
constant	MTRAttributeIDTypeClusterColorControlAttributeWhitePointXID
constant	MTRAttributeIDTypeClusterColorControlAttributeWhitePointYID
constant	MTRAttributeIDTypeClusterCommissionerControlAttributeAcceptedCommandListID
constant	MTRAttributeIDTypeClusterCommissionerControlAttributeAttributeListID
constant	MTRAttributeIDTypeClusterCommissionerControlAttributeClusterRevisionID
constant	MTRAttributeIDTypeClusterCommissionerControlAttributeFeatureMapID
constant	MTRAttributeIDTypeClusterCommissionerControlAttributeGeneratedCommandListID
constant	MTRAttributeIDTypeClusterCommissionerControlAttributeSupportedDeviceCategoriesID
constant	MTRAttributeIDTypeClusterContentAppObserverAttributeAcceptedCommandListID
constant	MTRAttributeIDTypeClusterContentAppObserverAttributeAttributeListID
constant	MTRAttributeIDTypeClusterContentAppObserverAttributeClusterRevisionID
constant	MTRAttributeIDTypeClusterContentAppObserverAttributeFeatureMapID
constant	MTRAttributeIDTypeClusterContentAppObserverAttributeGeneratedCommandListID
constant	MTRAttributeIDTypeClusterContentLauncherAttributeAcceptHeaderID
constant	MTRAttributeIDTypeClusterContentLauncherAttributeAcceptedCommandListID
constant	MTRAttributeIDTypeClusterContentLauncherAttributeAttributeListID
constant	MTRAttributeIDTypeClusterContentLauncherAttributeClusterRevisionID
constant	MTRAttributeIDTypeClusterContentLauncherAttributeFeatureMapID
constant	MTRAttributeIDTypeClusterContentLauncherAttributeGeneratedCommandListID
constant	MTRAttributeIDTypeClusterContentLauncherAttributeSupportedStreamingProtocolsID
constant	MTRAttributeIDTypeClusterDescriptorAttributeAcceptedCommandListID
constant	MTRAttributeIDTypeClusterDescriptorAttributeAttributeListID
constant	MTRAttributeIDTypeClusterDescriptorAttributeClientListID
constant	MTRAttributeIDTypeClusterDescriptorAttributeClusterRevisionID
constant	MTRAttributeIDTypeClusterDescriptorAttributeDeviceTypeListID
constant	MTRAttributeIDTypeClusterDescriptorAttributeFeatureMapID
constant	MTRAttributeIDTypeClusterDescriptorAttributeGeneratedCommandListID
constant	MTRAttributeIDTypeClusterDescriptorAttributePartsListID
constant	MTRAttributeIDTypeClusterDescriptorAttributeServerListID
constant	MTRAttributeIDTypeClusterDeviceEnergyManagementAttributeAbsMaxPowerID
constant	MTRAttributeIDTypeClusterDeviceEnergyManagementAttributeAbsMinPowerID
constant	MTRAttributeIDTypeClusterDeviceEnergyManagementAttributeAcceptedCommandListID
constant	MTRAttributeIDTypeClusterDeviceEnergyManagementAttributeAttributeListID
constant	MTRAttributeIDTypeClusterDeviceEnergyManagementAttributeClusterRevisionID
constant	MTRAttributeIDTypeClusterDeviceEnergyManagementAttributeESACanGenerateID
constant	MTRAttributeIDTypeClusterDeviceEnergyManagementAttributeESAStateID
constant	MTRAttributeIDTypeClusterDeviceEnergyManagementAttributeESATypeID
constant	MTRAttributeIDTypeClusterDeviceEnergyManagementAttributeFeatureMapID
constant	MTRAttributeIDTypeClusterDeviceEnergyManagementAttributeForecastID
constant	MTRAttributeIDTypeClusterDeviceEnergyManagementAttributeGeneratedCommandListID
constant	MTRAttributeIDTypeClusterDeviceEnergyManagementAttributeOptOutStateID
constant	MTRAttributeIDTypeClusterDeviceEnergyManagementAttributePowerAdjustmentCapabilityID
constant	MTRAttributeIDTypeClusterDeviceEnergyManagementModeAttributeAcceptedCommandListID
constant	MTRAttributeIDTypeClusterDeviceEnergyManagementModeAttributeAttributeListID
constant	MTRAttributeIDTypeClusterDeviceEnergyManagementModeAttributeClusterRevisionID
constant	MTRAttributeIDTypeClusterDeviceEnergyManagementModeAttributeCurrentModeID
constant	MTRAttributeIDTypeClusterDeviceEnergyManagementModeAttributeFeatureMapID
constant	MTRAttributeIDTypeClusterDeviceEnergyManagementModeAttributeGeneratedCommandListID
constant	MTRAttributeIDTypeClusterDeviceEnergyManagementModeAttributeSupportedModesID
constant	MTRAttributeIDTypeClusterDiagnosticLogsAttributeAcceptedCommandListID
constant	MTRAttributeIDTypeClusterDiagnosticLogsAttributeAttributeListID
constant	MTRAttributeIDTypeClusterDiagnosticLogsAttributeClusterRevisionID
constant	MTRAttributeIDTypeClusterDiagnosticLogsAttributeFeatureMapID
constant	MTRAttributeIDTypeClusterDiagnosticLogsAttributeGeneratedCommandListID
constant	MTRAttributeIDTypeClusterDishwasherAlarmAttributeAcceptedCommandListID
constant	MTRAttributeIDTypeClusterDishwasherAlarmAttributeAttributeListID
constant	MTRAttributeIDTypeClusterDishwasherAlarmAttributeClusterRevisionID
constant	MTRAttributeIDTypeClusterDishwasherAlarmAttributeFeatureMapID
constant	MTRAttributeIDTypeClusterDishwasherAlarmAttributeGeneratedCommandListID
constant	MTRAttributeIDTypeClusterDishwasherAlarmAttributeLatchID
constant	MTRAttributeIDTypeClusterDishwasherAlarmAttributeMaskID
constant	MTRAttributeIDTypeClusterDishwasherAlarmAttributeStateID
constant	MTRAttributeIDTypeClusterDishwasherAlarmAttributeSupportedID
constant	MTRAttributeIDTypeClusterDishwasherModeAttributeAcceptedCommandListID
constant	MTRAttributeIDTypeClusterDishwasherModeAttributeAttributeListID
constant	MTRAttributeIDTypeClusterDishwasherModeAttributeClusterRevisionID
constant	MTRAttributeIDTypeClusterDishwasherModeAttributeCurrentModeID
constant	MTRAttributeIDTypeClusterDishwasherModeAttributeFeatureMapID
constant	MTRAttributeIDTypeClusterDishwasherModeAttributeGeneratedCommandListID
constant	MTRAttributeIDTypeClusterDishwasherModeAttributeSupportedModesID
constant	MTRAttributeIDTypeClusterDoorLockAttributeAcceptedCommandListID
constant	MTRAttributeIDTypeClusterDoorLockAttributeActuatorEnabledID
constant	MTRAttributeIDTypeClusterDoorLockAttributeAliroBLEAdvertisingVersionID
constant	MTRAttributeIDTypeClusterDoorLockAttributeAliroExpeditedTransactionSupportedProtocolVersionsID
constant	MTRAttributeIDTypeClusterDoorLockAttributeAliroGroupResolvingKeyID
constant	MTRAttributeIDTypeClusterDoorLockAttributeAliroReaderGroupIdentifierID
constant	MTRAttributeIDTypeClusterDoorLockAttributeAliroReaderGroupSubIdentifierID
constant	MTRAttributeIDTypeClusterDoorLockAttributeAliroReaderVerificationKeyID
constant	MTRAttributeIDTypeClusterDoorLockAttributeAliroSupportedBLEUWBProtocolVersionsID
constant	MTRAttributeIDTypeClusterDoorLockAttributeAttributeListID
constant	MTRAttributeIDTypeClusterDoorLockAttributeAutoRelockTimeID
constant	MTRAttributeIDTypeClusterDoorLockAttributeClusterRevisionID
constant	MTRAttributeIDTypeClusterDoorLockAttributeCredentialRulesSupportID
constant	MTRAttributeIDTypeClusterDoorLockAttributeDefaultConfigurationRegisterID
constant	MTRAttributeIDTypeClusterDoorLockAttributeDoorClosedEventsID
constant	MTRAttributeIDTypeClusterDoorLockAttributeDoorOpenEventsID
constant	MTRAttributeIDTypeClusterDoorLockAttributeDoorStateID
constant	MTRAttributeIDTypeClusterDoorLockAttributeEnableInsideStatusLEDID
constant	MTRAttributeIDTypeClusterDoorLockAttributeEnableLocalProgrammingID
constant	MTRAttributeIDTypeClusterDoorLockAttributeEnableOneTouchLockingID
constant	MTRAttributeIDTypeClusterDoorLockAttributeEnablePrivacyModeButtonID
constant	MTRAttributeIDTypeClusterDoorLockAttributeExpiringUserTimeoutID
constant	MTRAttributeIDTypeClusterDoorLockAttributeFeatureMapID
constant	MTRAttributeIDTypeClusterDoorLockAttributeGeneratedCommandListID
constant	MTRAttributeIDTypeClusterDoorLockAttributeLEDSettingsID
constant	MTRAttributeIDTypeClusterDoorLockAttributeLanguageID
constant	MTRAttributeIDTypeClusterDoorLockAttributeLocalProgrammingFeaturesID
constant	MTRAttributeIDTypeClusterDoorLockAttributeLockStateID
constant	MTRAttributeIDTypeClusterDoorLockAttributeLockTypeID
constant	MTRAttributeIDTypeClusterDoorLockAttributeMaxPINCodeLengthID
constant	MTRAttributeIDTypeClusterDoorLockAttributeMaxRFIDCodeLengthID
constant	MTRAttributeIDTypeClusterDoorLockAttributeMinPINCodeLengthID
constant	MTRAttributeIDTypeClusterDoorLockAttributeMinRFIDCodeLengthID
constant	MTRAttributeIDTypeClusterDoorLockAttributeNumberOfAliroCredentialIssuerKeysSupportedID
constant	MTRAttributeIDTypeClusterDoorLockAttributeNumberOfAliroEndpointKeysSupportedID
constant	MTRAttributeIDTypeClusterDoorLockAttributeNumberOfCredentialsSupportedPerUserID
constant	MTRAttributeIDTypeClusterDoorLockAttributeNumberOfHolidaySchedulesSupportedID
constant	MTRAttributeIDTypeClusterDoorLockAttributeNumberOfPINUsersSupportedID
constant	MTRAttributeIDTypeClusterDoorLockAttributeNumberOfRFIDUsersSupportedID
constant	MTRAttributeIDTypeClusterDoorLockAttributeNumberOfTotalUsersSupportedID
constant	MTRAttributeIDTypeClusterDoorLockAttributeNumberOfWeekDaySchedulesSupportedPerUserID
constant	MTRAttributeIDTypeClusterDoorLockAttributeNumberOfYearDaySchedulesSupportedPerUserID
constant	MTRAttributeIDTypeClusterDoorLockAttributeOpenPeriodID
constant	MTRAttributeIDTypeClusterDoorLockAttributeOperatingModeID
constant	MTRAttributeIDTypeClusterDoorLockAttributeRequirePINforRemoteOperationID
constant	MTRAttributeIDTypeClusterDoorLockAttributeSendPINOverTheAirID
constant	MTRAttributeIDTypeClusterDoorLockAttributeSoundVolumeID
constant	MTRAttributeIDTypeClusterDoorLockAttributeSupportedOperatingModesID
constant	MTRAttributeIDTypeClusterDoorLockAttributeUserCodeTemporaryDisableTimeID
constant	MTRAttributeIDTypeClusterDoorLockAttributeWrongCodeEntryLimitID
constant	MTRAttributeIDTypeClusterElectricalEnergyMeasurementAttributeAcceptedCommandListID
constant	MTRAttributeIDTypeClusterElectricalEnergyMeasurementAttributeAccuracyID
constant	MTRAttributeIDTypeClusterElectricalEnergyMeasurementAttributeAttributeListID
constant	MTRAttributeIDTypeClusterElectricalEnergyMeasurementAttributeClusterRevisionID
constant	MTRAttributeIDTypeClusterElectricalEnergyMeasurementAttributeCumulativeEnergyExportedID
constant	MTRAttributeIDTypeClusterElectricalEnergyMeasurementAttributeCumulativeEnergyImportedID
constant	MTRAttributeIDTypeClusterElectricalEnergyMeasurementAttributeCumulativeEnergyResetID
constant	MTRAttributeIDTypeClusterElectricalEnergyMeasurementAttributeFeatureMapID
constant	MTRAttributeIDTypeClusterElectricalEnergyMeasurementAttributeGeneratedCommandListID
constant	MTRAttributeIDTypeClusterElectricalEnergyMeasurementAttributePeriodicEnergyExportedID
constant	MTRAttributeIDTypeClusterElectricalEnergyMeasurementAttributePeriodicEnergyImportedID
constant	MTRAttributeIDTypeClusterElectricalMeasurementAttributeAcActivePowerOverloadID
constant	MTRAttributeIDTypeClusterElectricalMeasurementAttributeAcCurrentDivisorID
constant	MTRAttributeIDTypeClusterElectricalMeasurementAttributeAcCurrentMultiplierID
constant	MTRAttributeIDTypeClusterElectricalMeasurementAttributeAcCurrentOverloadID
constant	MTRAttributeIDTypeClusterElectricalMeasurementAttributeAcFrequencyDivisorID
constant	MTRAttributeIDTypeClusterElectricalMeasurementAttributeAcFrequencyID
constant	MTRAttributeIDTypeClusterElectricalMeasurementAttributeAcFrequencyMaxID
constant	MTRAttributeIDTypeClusterElectricalMeasurementAttributeAcFrequencyMinID
constant	MTRAttributeIDTypeClusterElectricalMeasurementAttributeAcFrequencyMultiplierID
constant	MTRAttributeIDTypeClusterElectricalMeasurementAttributeAcOverloadAlarmsMaskID
constant	MTRAttributeIDTypeClusterElectricalMeasurementAttributeAcPowerDivisorID
constant	MTRAttributeIDTypeClusterElectricalMeasurementAttributeAcPowerMultiplierID
constant	MTRAttributeIDTypeClusterElectricalMeasurementAttributeAcReactivePowerOverloadID
constant	MTRAttributeIDTypeClusterElectricalMeasurementAttributeAcVoltageDivisorID
constant	MTRAttributeIDTypeClusterElectricalMeasurementAttributeAcVoltageMultiplierID
constant	MTRAttributeIDTypeClusterElectricalMeasurementAttributeAcVoltageOverloadID
constant	MTRAttributeIDTypeClusterElectricalMeasurementAttributeAcceptedCommandListID
constant	MTRAttributeIDTypeClusterElectricalMeasurementAttributeActiveCurrentPhaseBID
constant	MTRAttributeIDTypeClusterElectricalMeasurementAttributeActiveCurrentPhaseCID
constant	MTRAttributeIDTypeClusterElectricalMeasurementAttributeActivePowerID
constant	MTRAttributeIDTypeClusterElectricalMeasurementAttributeActivePowerMaxID
constant	MTRAttributeIDTypeClusterElectricalMeasurementAttributeActivePowerMaxPhaseBID
constant	MTRAttributeIDTypeClusterElectricalMeasurementAttributeActivePowerMaxPhaseCID
constant	MTRAttributeIDTypeClusterElectricalMeasurementAttributeActivePowerMinID
constant	MTRAttributeIDTypeClusterElectricalMeasurementAttributeActivePowerMinPhaseBID
constant	MTRAttributeIDTypeClusterElectricalMeasurementAttributeActivePowerMinPhaseCID
constant	MTRAttributeIDTypeClusterElectricalMeasurementAttributeActivePowerPhaseBID
constant	MTRAttributeIDTypeClusterElectricalMeasurementAttributeActivePowerPhaseCID
constant	MTRAttributeIDTypeClusterElectricalMeasurementAttributeApparentPowerID
constant	MTRAttributeIDTypeClusterElectricalMeasurementAttributeApparentPowerPhaseBID
constant	MTRAttributeIDTypeClusterElectricalMeasurementAttributeApparentPowerPhaseCID
constant	MTRAttributeIDTypeClusterElectricalMeasurementAttributeAttributeListID
constant	MTRAttributeIDTypeClusterElectricalMeasurementAttributeAverageRmsOverVoltageCounterPhaseBID
constant	MTRAttributeIDTypeClusterElectricalMeasurementAttributeAverageRmsOverVoltageCounterPhaseCID
constant	MTRAttributeIDTypeClusterElectricalMeasurementAttributeAverageRmsOverVoltageID
constant	MTRAttributeIDTypeClusterElectricalMeasurementAttributeAverageRmsUnderVoltageCounterID
constant	MTRAttributeIDTypeClusterElectricalMeasurementAttributeAverageRmsUnderVoltageCounterPhaseBID
constant	MTRAttributeIDTypeClusterElectricalMeasurementAttributeAverageRmsUnderVoltageCounterPhaseCID
constant	MTRAttributeIDTypeClusterElectricalMeasurementAttributeAverageRmsUnderVoltageID
constant	MTRAttributeIDTypeClusterElectricalMeasurementAttributeAverageRmsVoltageMeasurementPeriodID
constant	MTRAttributeIDTypeClusterElectricalMeasurementAttributeAverageRmsVoltageMeasurementPeriodPhaseBID
constant	MTRAttributeIDTypeClusterElectricalMeasurementAttributeAverageRmsVoltageMeasurementPeriodPhaseCID
constant	MTRAttributeIDTypeClusterElectricalMeasurementAttributeClusterRevisionID
constant	MTRAttributeIDTypeClusterElectricalMeasurementAttributeCurrentOverloadID
constant	MTRAttributeIDTypeClusterElectricalMeasurementAttributeDcCurrentDivisorID
constant	MTRAttributeIDTypeClusterElectricalMeasurementAttributeDcCurrentID
constant	MTRAttributeIDTypeClusterElectricalMeasurementAttributeDcCurrentMaxID
constant	MTRAttributeIDTypeClusterElectricalMeasurementAttributeDcCurrentMinID
constant	MTRAttributeIDTypeClusterElectricalMeasurementAttributeDcCurrentMultiplierID
constant	MTRAttributeIDTypeClusterElectricalMeasurementAttributeDcPowerDivisorID
constant	MTRAttributeIDTypeClusterElectricalMeasurementAttributeDcPowerID
constant	MTRAttributeIDTypeClusterElectricalMeasurementAttributeDcPowerMaxID
constant	MTRAttributeIDTypeClusterElectricalMeasurementAttributeDcPowerMinID
constant	MTRAttributeIDTypeClusterElectricalMeasurementAttributeDcPowerMultiplierID
constant	MTRAttributeIDTypeClusterElectricalMeasurementAttributeDcVoltageDivisorID
constant	MTRAttributeIDTypeClusterElectricalMeasurementAttributeDcVoltageID
constant	MTRAttributeIDTypeClusterElectricalMeasurementAttributeDcVoltageMaxID
constant	MTRAttributeIDTypeClusterElectricalMeasurementAttributeDcVoltageMinID
constant	MTRAttributeIDTypeClusterElectricalMeasurementAttributeDcVoltageMultiplierID
constant	MTRAttributeIDTypeClusterElectricalMeasurementAttributeFeatureMapID
constant	MTRAttributeIDTypeClusterElectricalMeasurementAttributeGeneratedCommandListID
constant	MTRAttributeIDTypeClusterElectricalMeasurementAttributeHarmonicCurrentMultiplierID
constant	MTRAttributeIDTypeClusterElectricalMeasurementAttributeInstantaneousActiveCurrentID
constant	MTRAttributeIDTypeClusterElectricalMeasurementAttributeInstantaneousLineCurrentID
constant	MTRAttributeIDTypeClusterElectricalMeasurementAttributeInstantaneousPowerID
constant	MTRAttributeIDTypeClusterElectricalMeasurementAttributeInstantaneousReactiveCurrentID
constant	MTRAttributeIDTypeClusterElectricalMeasurementAttributeInstantaneousVoltageID
constant	MTRAttributeIDTypeClusterElectricalMeasurementAttributeLineCurrentPhaseBID
constant	MTRAttributeIDTypeClusterElectricalMeasurementAttributeLineCurrentPhaseCID
constant	MTRAttributeIDTypeClusterElectricalMeasurementAttributeMeasured11thHarmonicCurrentID
constant	MTRAttributeIDTypeClusterElectricalMeasurementAttributeMeasured1stHarmonicCurrentID
constant	MTRAttributeIDTypeClusterElectricalMeasurementAttributeMeasured3rdHarmonicCurrentID
constant	MTRAttributeIDTypeClusterElectricalMeasurementAttributeMeasured5thHarmonicCurrentID
constant	MTRAttributeIDTypeClusterElectricalMeasurementAttributeMeasured7thHarmonicCurrentID
constant	MTRAttributeIDTypeClusterElectricalMeasurementAttributeMeasured9thHarmonicCurrentID
constant	MTRAttributeIDTypeClusterElectricalMeasurementAttributeMeasuredPhase11thHarmonicCurrentID
constant	MTRAttributeIDTypeClusterElectricalMeasurementAttributeMeasuredPhase1stHarmonicCurrentID
constant	MTRAttributeIDTypeClusterElectricalMeasurementAttributeMeasuredPhase3rdHarmonicCurrentID
constant	MTRAttributeIDTypeClusterElectricalMeasurementAttributeMeasuredPhase5thHarmonicCurrentID
constant	MTRAttributeIDTypeClusterElectricalMeasurementAttributeMeasuredPhase7thHarmonicCurrentID
constant	MTRAttributeIDTypeClusterElectricalMeasurementAttributeMeasuredPhase9thHarmonicCurrentID
constant	MTRAttributeIDTypeClusterElectricalMeasurementAttributeMeasurementTypeID
constant	MTRAttributeIDTypeClusterElectricalMeasurementAttributeNeutralCurrentID
constant	MTRAttributeIDTypeClusterElectricalMeasurementAttributeOverloadAlarmsMaskID
constant	MTRAttributeIDTypeClusterElectricalMeasurementAttributePhaseHarmonicCurrentMultiplierID
constant	MTRAttributeIDTypeClusterElectricalMeasurementAttributePowerDivisorID
constant	MTRAttributeIDTypeClusterElectricalMeasurementAttributePowerFactorID
constant	MTRAttributeIDTypeClusterElectricalMeasurementAttributePowerFactorPhaseBID
constant	MTRAttributeIDTypeClusterElectricalMeasurementAttributePowerFactorPhaseCID
constant	MTRAttributeIDTypeClusterElectricalMeasurementAttributePowerMultiplierID
constant	MTRAttributeIDTypeClusterElectricalMeasurementAttributeReactiveCurrentPhaseBID
constant	MTRAttributeIDTypeClusterElectricalMeasurementAttributeReactiveCurrentPhaseCID
constant	MTRAttributeIDTypeClusterElectricalMeasurementAttributeReactivePowerID
constant	MTRAttributeIDTypeClusterElectricalMeasurementAttributeReactivePowerPhaseBID
constant	MTRAttributeIDTypeClusterElectricalMeasurementAttributeReactivePowerPhaseCID
constant	MTRAttributeIDTypeClusterElectricalMeasurementAttributeRmsCurrentID
constant	MTRAttributeIDTypeClusterElectricalMeasurementAttributeRmsCurrentMaxID
constant	MTRAttributeIDTypeClusterElectricalMeasurementAttributeRmsCurrentMaxPhaseBID
constant	MTRAttributeIDTypeClusterElectricalMeasurementAttributeRmsCurrentMaxPhaseCID
constant	MTRAttributeIDTypeClusterElectricalMeasurementAttributeRmsCurrentMinID
constant	MTRAttributeIDTypeClusterElectricalMeasurementAttributeRmsCurrentMinPhaseBID
constant	MTRAttributeIDTypeClusterElectricalMeasurementAttributeRmsCurrentMinPhaseCID
constant	MTRAttributeIDTypeClusterElectricalMeasurementAttributeRmsCurrentPhaseBID
constant	MTRAttributeIDTypeClusterElectricalMeasurementAttributeRmsCurrentPhaseCID
constant	MTRAttributeIDTypeClusterElectricalMeasurementAttributeRmsExtremeOverVoltageID
constant	MTRAttributeIDTypeClusterElectricalMeasurementAttributeRmsExtremeOverVoltagePeriodID
constant	MTRAttributeIDTypeClusterElectricalMeasurementAttributeRmsExtremeOverVoltagePeriodPhaseBID
constant	MTRAttributeIDTypeClusterElectricalMeasurementAttributeRmsExtremeOverVoltagePeriodPhaseCID
constant	MTRAttributeIDTypeClusterElectricalMeasurementAttributeRmsExtremeUnderVoltageID
constant	MTRAttributeIDTypeClusterElectricalMeasurementAttributeRmsExtremeUnderVoltagePeriodID
constant	MTRAttributeIDTypeClusterElectricalMeasurementAttributeRmsExtremeUnderVoltagePeriodPhaseBID
constant	MTRAttributeIDTypeClusterElectricalMeasurementAttributeRmsExtremeUnderVoltagePeriodPhaseCID
constant	MTRAttributeIDTypeClusterElectricalMeasurementAttributeRmsVoltageID
constant	MTRAttributeIDTypeClusterElectricalMeasurementAttributeRmsVoltageMaxID
constant	MTRAttributeIDTypeClusterElectricalMeasurementAttributeRmsVoltageMaxPhaseBID
constant	MTRAttributeIDTypeClusterElectricalMeasurementAttributeRmsVoltageMaxPhaseCID
constant	MTRAttributeIDTypeClusterElectricalMeasurementAttributeRmsVoltageMinID
constant	MTRAttributeIDTypeClusterElectricalMeasurementAttributeRmsVoltageMinPhaseBID
constant	MTRAttributeIDTypeClusterElectricalMeasurementAttributeRmsVoltageMinPhaseCID
constant	MTRAttributeIDTypeClusterElectricalMeasurementAttributeRmsVoltagePhaseBID
constant	MTRAttributeIDTypeClusterElectricalMeasurementAttributeRmsVoltagePhaseCID
constant	MTRAttributeIDTypeClusterElectricalMeasurementAttributeRmsVoltageSagID
constant	MTRAttributeIDTypeClusterElectricalMeasurementAttributeRmsVoltageSagPeriodID
constant	MTRAttributeIDTypeClusterElectricalMeasurementAttributeRmsVoltageSagPeriodPhaseBID
constant	MTRAttributeIDTypeClusterElectricalMeasurementAttributeRmsVoltageSagPeriodPhaseCID
constant	MTRAttributeIDTypeClusterElectricalMeasurementAttributeRmsVoltageSwellID
constant	MTRAttributeIDTypeClusterElectricalMeasurementAttributeRmsVoltageSwellPeriodID
constant	MTRAttributeIDTypeClusterElectricalMeasurementAttributeRmsVoltageSwellPeriodPhaseBID
constant	MTRAttributeIDTypeClusterElectricalMeasurementAttributeRmsVoltageSwellPeriodPhaseCID
constant	MTRAttributeIDTypeClusterElectricalMeasurementAttributeTotalActivePowerID
constant	MTRAttributeIDTypeClusterElectricalMeasurementAttributeTotalApparentPowerID
constant	MTRAttributeIDTypeClusterElectricalMeasurementAttributeTotalReactivePowerID
constant	MTRAttributeIDTypeClusterElectricalMeasurementAttributeVoltageOverloadID
constant	MTRAttributeIDTypeClusterElectricalPowerMeasurementAttributeAcceptedCommandListID
constant	MTRAttributeIDTypeClusterElectricalPowerMeasurementAttributeAccuracyID
constant	MTRAttributeIDTypeClusterElectricalPowerMeasurementAttributeActiveCurrentID
constant	MTRAttributeIDTypeClusterElectricalPowerMeasurementAttributeActivePowerID
constant	MTRAttributeIDTypeClusterElectricalPowerMeasurementAttributeApparentCurrentID
constant	MTRAttributeIDTypeClusterElectricalPowerMeasurementAttributeApparentPowerID
constant	MTRAttributeIDTypeClusterElectricalPowerMeasurementAttributeAttributeListID
constant	MTRAttributeIDTypeClusterElectricalPowerMeasurementAttributeClusterRevisionID
constant	MTRAttributeIDTypeClusterElectricalPowerMeasurementAttributeFeatureMapID
constant	MTRAttributeIDTypeClusterElectricalPowerMeasurementAttributeFrequencyID
constant	MTRAttributeIDTypeClusterElectricalPowerMeasurementAttributeGeneratedCommandListID
constant	MTRAttributeIDTypeClusterElectricalPowerMeasurementAttributeHarmonicCurrentsID
constant	MTRAttributeIDTypeClusterElectricalPowerMeasurementAttributeHarmonicPhasesID
constant	MTRAttributeIDTypeClusterElectricalPowerMeasurementAttributeNeutralCurrentID
constant	MTRAttributeIDTypeClusterElectricalPowerMeasurementAttributeNumberOfMeasurementTypesID
constant	MTRAttributeIDTypeClusterElectricalPowerMeasurementAttributePowerFactorID
constant	MTRAttributeIDTypeClusterElectricalPowerMeasurementAttributePowerModeID
constant	MTRAttributeIDTypeClusterElectricalPowerMeasurementAttributeRMSCurrentID
constant	MTRAttributeIDTypeClusterElectricalPowerMeasurementAttributeRMSPowerID
constant	MTRAttributeIDTypeClusterElectricalPowerMeasurementAttributeRMSVoltageID
constant	MTRAttributeIDTypeClusterElectricalPowerMeasurementAttributeRangesID
constant	MTRAttributeIDTypeClusterElectricalPowerMeasurementAttributeReactiveCurrentID
constant	MTRAttributeIDTypeClusterElectricalPowerMeasurementAttributeReactivePowerID
constant	MTRAttributeIDTypeClusterElectricalPowerMeasurementAttributeVoltageID
constant	MTRAttributeIDTypeClusterEnergyEVSEAttributeAcceptedCommandListID
constant	MTRAttributeIDTypeClusterEnergyEVSEAttributeApproximateEVEfficiencyID
constant	MTRAttributeIDTypeClusterEnergyEVSEAttributeAttributeListID
constant	MTRAttributeIDTypeClusterEnergyEVSEAttributeChargingEnabledUntilID
constant	MTRAttributeIDTypeClusterEnergyEVSEAttributeCircuitCapacityID
constant	MTRAttributeIDTypeClusterEnergyEVSEAttributeClusterRevisionID
constant	MTRAttributeIDTypeClusterEnergyEVSEAttributeFaultStateID
constant	MTRAttributeIDTypeClusterEnergyEVSEAttributeFeatureMapID
constant	MTRAttributeIDTypeClusterEnergyEVSEAttributeGeneratedCommandListID
constant	MTRAttributeIDTypeClusterEnergyEVSEAttributeMaximumChargeCurrentID
constant	MTRAttributeIDTypeClusterEnergyEVSEAttributeMinimumChargeCurrentID
constant	MTRAttributeIDTypeClusterEnergyEVSEAttributeNextChargeRequiredEnergyID
constant	MTRAttributeIDTypeClusterEnergyEVSEAttributeNextChargeStartTimeID
constant	MTRAttributeIDTypeClusterEnergyEVSEAttributeNextChargeTargetSoCID
constant	MTRAttributeIDTypeClusterEnergyEVSEAttributeNextChargeTargetTimeID
constant	MTRAttributeIDTypeClusterEnergyEVSEAttributeRandomizationDelayWindowID
constant	MTRAttributeIDTypeClusterEnergyEVSEAttributeSessionDurationID
constant	MTRAttributeIDTypeClusterEnergyEVSEAttributeSessionEnergyChargedID
constant	MTRAttributeIDTypeClusterEnergyEVSEAttributeSessionIDID
constant	MTRAttributeIDTypeClusterEnergyEVSEAttributeStateID
constant	MTRAttributeIDTypeClusterEnergyEVSEAttributeSupplyStateID
constant	MTRAttributeIDTypeClusterEnergyEVSEAttributeUserMaximumChargeCurrentID
constant	MTRAttributeIDTypeClusterEnergyEVSEModeAttributeAcceptedCommandListID
constant	MTRAttributeIDTypeClusterEnergyEVSEModeAttributeAttributeListID
constant	MTRAttributeIDTypeClusterEnergyEVSEModeAttributeClusterRevisionID
constant	MTRAttributeIDTypeClusterEnergyEVSEModeAttributeCurrentModeID
constant	MTRAttributeIDTypeClusterEnergyEVSEModeAttributeFeatureMapID
constant	MTRAttributeIDTypeClusterEnergyEVSEModeAttributeGeneratedCommandListID
constant	MTRAttributeIDTypeClusterEnergyEVSEModeAttributeSupportedModesID
constant	MTRAttributeIDTypeClusterEthernetNetworkDiagnosticsAttributeAcceptedCommandListID
constant	MTRAttributeIDTypeClusterEthernetNetworkDiagnosticsAttributeAttributeListID
constant	MTRAttributeIDTypeClusterEthernetNetworkDiagnosticsAttributeCarrierDetectID
constant	MTRAttributeIDTypeClusterEthernetNetworkDiagnosticsAttributeClusterRevisionID
constant	MTRAttributeIDTypeClusterEthernetNetworkDiagnosticsAttributeCollisionCountID
constant	MTRAttributeIDTypeClusterEthernetNetworkDiagnosticsAttributeFeatureMapID
constant	MTRAttributeIDTypeClusterEthernetNetworkDiagnosticsAttributeFullDuplexID
constant	MTRAttributeIDTypeClusterEthernetNetworkDiagnosticsAttributeGeneratedCommandListID
constant	MTRAttributeIDTypeClusterEthernetNetworkDiagnosticsAttributeOverrunCountID
constant	MTRAttributeIDTypeClusterEthernetNetworkDiagnosticsAttributePHYRateID
constant	MTRAttributeIDTypeClusterEthernetNetworkDiagnosticsAttributePacketRxCountID
constant	MTRAttributeIDTypeClusterEthernetNetworkDiagnosticsAttributePacketTxCountID
constant	MTRAttributeIDTypeClusterEthernetNetworkDiagnosticsAttributeTimeSinceResetID
constant	MTRAttributeIDTypeClusterEthernetNetworkDiagnosticsAttributeTxErrCountID
constant	MTRAttributeIDTypeClusterFanControlAttributeAcceptedCommandListID
constant	MTRAttributeIDTypeClusterFanControlAttributeAirflowDirectionID
constant	MTRAttributeIDTypeClusterFanControlAttributeAttributeListID
constant	MTRAttributeIDTypeClusterFanControlAttributeClusterRevisionID
constant	MTRAttributeIDTypeClusterFanControlAttributeFanModeID
constant	MTRAttributeIDTypeClusterFanControlAttributeFanModeSequenceID
constant	MTRAttributeIDTypeClusterFanControlAttributeFeatureMapID
constant	MTRAttributeIDTypeClusterFanControlAttributeGeneratedCommandListID
constant	MTRAttributeIDTypeClusterFanControlAttributePercentCurrentID
constant	MTRAttributeIDTypeClusterFanControlAttributePercentSettingID
constant	MTRAttributeIDTypeClusterFanControlAttributeRockSettingID
constant	MTRAttributeIDTypeClusterFanControlAttributeRockSupportID
constant	MTRAttributeIDTypeClusterFanControlAttributeSpeedCurrentID
constant	MTRAttributeIDTypeClusterFanControlAttributeSpeedMaxID
constant	MTRAttributeIDTypeClusterFanControlAttributeSpeedSettingID
constant	MTRAttributeIDTypeClusterFanControlAttributeWindSettingID
constant	MTRAttributeIDTypeClusterFanControlAttributeWindSupportID
constant	MTRAttributeIDTypeClusterFixedLabelAttributeAcceptedCommandListID
constant	MTRAttributeIDTypeClusterFixedLabelAttributeAttributeListID
constant	MTRAttributeIDTypeClusterFixedLabelAttributeClusterRevisionID
constant	MTRAttributeIDTypeClusterFixedLabelAttributeFeatureMapID
constant	MTRAttributeIDTypeClusterFixedLabelAttributeGeneratedCommandListID
constant	MTRAttributeIDTypeClusterFixedLabelAttributeLabelListID
constant	MTRAttributeIDTypeClusterFlowMeasurementAttributeAcceptedCommandListID
constant	MTRAttributeIDTypeClusterFlowMeasurementAttributeAttributeListID
constant	MTRAttributeIDTypeClusterFlowMeasurementAttributeClusterRevisionID
constant	MTRAttributeIDTypeClusterFlowMeasurementAttributeFeatureMapID
constant	MTRAttributeIDTypeClusterFlowMeasurementAttributeGeneratedCommandListID
constant	MTRAttributeIDTypeClusterFlowMeasurementAttributeMaxMeasuredValueID
constant	MTRAttributeIDTypeClusterFlowMeasurementAttributeMeasuredValueID
constant	MTRAttributeIDTypeClusterFlowMeasurementAttributeMinMeasuredValueID
constant	MTRAttributeIDTypeClusterFlowMeasurementAttributeToleranceID
constant	MTRAttributeIDTypeClusterFormaldehydeConcentrationMeasurementAttributeAcceptedCommandListID
constant	MTRAttributeIDTypeClusterFormaldehydeConcentrationMeasurementAttributeAttributeListID
constant	MTRAttributeIDTypeClusterFormaldehydeConcentrationMeasurementAttributeAverageMeasuredValueID
constant	MTRAttributeIDTypeClusterFormaldehydeConcentrationMeasurementAttributeAverageMeasuredValueWindowID
constant	MTRAttributeIDTypeClusterFormaldehydeConcentrationMeasurementAttributeClusterRevisionID
constant	MTRAttributeIDTypeClusterFormaldehydeConcentrationMeasurementAttributeFeatureMapID
constant	MTRAttributeIDTypeClusterFormaldehydeConcentrationMeasurementAttributeGeneratedCommandListID
constant	MTRAttributeIDTypeClusterFormaldehydeConcentrationMeasurementAttributeLevelValueID
constant	MTRAttributeIDTypeClusterFormaldehydeConcentrationMeasurementAttributeMaxMeasuredValueID
constant	MTRAttributeIDTypeClusterFormaldehydeConcentrationMeasurementAttributeMeasuredValueID
constant	MTRAttributeIDTypeClusterFormaldehydeConcentrationMeasurementAttributeMeasurementMediumID
constant	MTRAttributeIDTypeClusterFormaldehydeConcentrationMeasurementAttributeMeasurementUnitID
constant	MTRAttributeIDTypeClusterFormaldehydeConcentrationMeasurementAttributeMinMeasuredValueID
constant	MTRAttributeIDTypeClusterFormaldehydeConcentrationMeasurementAttributePeakMeasuredValueID
constant	MTRAttributeIDTypeClusterFormaldehydeConcentrationMeasurementAttributePeakMeasuredValueWindowID
constant	MTRAttributeIDTypeClusterFormaldehydeConcentrationMeasurementAttributeUncertaintyID
constant	MTRAttributeIDTypeClusterGeneralCommissioningAttributeAcceptedCommandListID
constant	MTRAttributeIDTypeClusterGeneralCommissioningAttributeAttributeListID
constant	MTRAttributeIDTypeClusterGeneralCommissioningAttributeBasicCommissioningInfoID
constant	MTRAttributeIDTypeClusterGeneralCommissioningAttributeBreadcrumbID
constant	MTRAttributeIDTypeClusterGeneralCommissioningAttributeClusterRevisionID
constant	MTRAttributeIDTypeClusterGeneralCommissioningAttributeFeatureMapID
constant	MTRAttributeIDTypeClusterGeneralCommissioningAttributeGeneratedCommandListID
constant	MTRAttributeIDTypeClusterGeneralCommissioningAttributeLocationCapabilityID
constant	MTRAttributeIDTypeClusterGeneralCommissioningAttributeRegulatoryConfigID
constant	MTRAttributeIDTypeClusterGeneralCommissioningAttributeSupportsConcurrentConnectionID
constant	MTRAttributeIDTypeClusterGeneralDiagnosticsAttributeAcceptedCommandListID
constant	MTRAttributeIDTypeClusterGeneralDiagnosticsAttributeActiveHardwareFaultsID
constant	MTRAttributeIDTypeClusterGeneralDiagnosticsAttributeActiveNetworkFaultsID
constant	MTRAttributeIDTypeClusterGeneralDiagnosticsAttributeActiveRadioFaultsID
constant	MTRAttributeIDTypeClusterGeneralDiagnosticsAttributeAttributeListID
constant	MTRAttributeIDTypeClusterGeneralDiagnosticsAttributeBootReasonID
constant	MTRAttributeIDTypeClusterGeneralDiagnosticsAttributeClusterRevisionID
constant	MTRAttributeIDTypeClusterGeneralDiagnosticsAttributeFeatureMapID
constant	MTRAttributeIDTypeClusterGeneralDiagnosticsAttributeGeneratedCommandListID
constant	MTRAttributeIDTypeClusterGeneralDiagnosticsAttributeNetworkInterfacesID
constant	MTRAttributeIDTypeClusterGeneralDiagnosticsAttributeRebootCountID
constant	MTRAttributeIDTypeClusterGeneralDiagnosticsAttributeTestEventTriggersEnabledID
constant	MTRAttributeIDTypeClusterGeneralDiagnosticsAttributeTotalOperationalHoursID
constant	MTRAttributeIDTypeClusterGeneralDiagnosticsAttributeUpTimeID
constant	MTRAttributeIDTypeClusterGroupKeyManagementAttributeAcceptedCommandListID
constant	MTRAttributeIDTypeClusterGroupKeyManagementAttributeAttributeListID
constant	MTRAttributeIDTypeClusterGroupKeyManagementAttributeClusterRevisionID
constant	MTRAttributeIDTypeClusterGroupKeyManagementAttributeFeatureMapID
constant	MTRAttributeIDTypeClusterGroupKeyManagementAttributeGeneratedCommandListID
constant	MTRAttributeIDTypeClusterGroupKeyManagementAttributeGroupKeyMapID
constant	MTRAttributeIDTypeClusterGroupKeyManagementAttributeGroupTableID
constant	MTRAttributeIDTypeClusterGroupKeyManagementAttributeMaxGroupKeysPerFabricID
constant	MTRAttributeIDTypeClusterGroupKeyManagementAttributeMaxGroupsPerFabricID
constant	MTRAttributeIDTypeClusterGroupsAttributeAcceptedCommandListID
constant	MTRAttributeIDTypeClusterGroupsAttributeAttributeListID
constant	MTRAttributeIDTypeClusterGroupsAttributeClusterRevisionID
constant	MTRAttributeIDTypeClusterGroupsAttributeFeatureMapID
constant	MTRAttributeIDTypeClusterGroupsAttributeGeneratedCommandListID
constant	MTRAttributeIDTypeClusterGroupsAttributeNameSupportID
constant	MTRAttributeIDTypeClusterHEPAFilterMonitoringAttributeAcceptedCommandListID
constant	MTRAttributeIDTypeClusterHEPAFilterMonitoringAttributeAttributeListID
constant	MTRAttributeIDTypeClusterHEPAFilterMonitoringAttributeChangeIndicationID
constant	MTRAttributeIDTypeClusterHEPAFilterMonitoringAttributeClusterRevisionID
constant	MTRAttributeIDTypeClusterHEPAFilterMonitoringAttributeConditionID
constant	MTRAttributeIDTypeClusterHEPAFilterMonitoringAttributeDegradationDirectionID
constant	MTRAttributeIDTypeClusterHEPAFilterMonitoringAttributeFeatureMapID
constant	MTRAttributeIDTypeClusterHEPAFilterMonitoringAttributeGeneratedCommandListID
constant	MTRAttributeIDTypeClusterHEPAFilterMonitoringAttributeInPlaceIndicatorID
constant	MTRAttributeIDTypeClusterHEPAFilterMonitoringAttributeLastChangedTimeID
constant	MTRAttributeIDTypeClusterHEPAFilterMonitoringAttributeReplacementProductListID
constant	MTRAttributeIDTypeClusterICDManagementAttributeAcceptedCommandListID
constant	MTRAttributeIDTypeClusterICDManagementAttributeActiveModeDurationID
constant	MTRAttributeIDTypeClusterICDManagementAttributeActiveModeThresholdID
constant	MTRAttributeIDTypeClusterICDManagementAttributeAttributeListID
constant	MTRAttributeIDTypeClusterICDManagementAttributeClientsSupportedPerFabricID
constant	MTRAttributeIDTypeClusterICDManagementAttributeClusterRevisionID
constant	MTRAttributeIDTypeClusterICDManagementAttributeFeatureMapID
constant	MTRAttributeIDTypeClusterICDManagementAttributeGeneratedCommandListID
constant	MTRAttributeIDTypeClusterICDManagementAttributeICDCounterID
constant	MTRAttributeIDTypeClusterICDManagementAttributeIdleModeDurationID
constant	MTRAttributeIDTypeClusterICDManagementAttributeMaximumCheckInBackOffID
constant	MTRAttributeIDTypeClusterICDManagementAttributeOperatingModeID
constant	MTRAttributeIDTypeClusterICDManagementAttributeRegisteredClientsID
constant	MTRAttributeIDTypeClusterICDManagementAttributeUserActiveModeTriggerHintID
constant	MTRAttributeIDTypeClusterICDManagementAttributeUserActiveModeTriggerInstructionID
constant	MTRAttributeIDTypeClusterIdentifyAttributeAcceptedCommandListID
constant	MTRAttributeIDTypeClusterIdentifyAttributeAttributeListID
constant	MTRAttributeIDTypeClusterIdentifyAttributeClusterRevisionID
constant	MTRAttributeIDTypeClusterIdentifyAttributeFeatureMapID
constant	MTRAttributeIDTypeClusterIdentifyAttributeGeneratedCommandListID
constant	MTRAttributeIDTypeClusterIdentifyAttributeIdentifyTimeID
constant	MTRAttributeIDTypeClusterIdentifyAttributeIdentifyTypeID
constant	MTRAttributeIDTypeClusterIlluminanceMeasurementAttributeAcceptedCommandListID
constant	MTRAttributeIDTypeClusterIlluminanceMeasurementAttributeAttributeListID
constant	MTRAttributeIDTypeClusterIlluminanceMeasurementAttributeClusterRevisionID
constant	MTRAttributeIDTypeClusterIlluminanceMeasurementAttributeFeatureMapID
constant	MTRAttributeIDTypeClusterIlluminanceMeasurementAttributeGeneratedCommandListID
constant	MTRAttributeIDTypeClusterIlluminanceMeasurementAttributeLightSensorTypeID
constant	MTRAttributeIDTypeClusterIlluminanceMeasurementAttributeMaxMeasuredValueID
constant	MTRAttributeIDTypeClusterIlluminanceMeasurementAttributeMeasuredValueID
constant	MTRAttributeIDTypeClusterIlluminanceMeasurementAttributeMinMeasuredValueID
constant	MTRAttributeIDTypeClusterIlluminanceMeasurementAttributeToleranceID
constant	MTRAttributeIDTypeClusterKeypadInputAttributeAcceptedCommandListID
constant	MTRAttributeIDTypeClusterKeypadInputAttributeAttributeListID
constant	MTRAttributeIDTypeClusterKeypadInputAttributeClusterRevisionID
constant	MTRAttributeIDTypeClusterKeypadInputAttributeFeatureMapID
constant	MTRAttributeIDTypeClusterKeypadInputAttributeGeneratedCommandListID
constant	MTRAttributeIDTypeClusterLaundryDryerControlsAttributeAcceptedCommandListID
constant	MTRAttributeIDTypeClusterLaundryDryerControlsAttributeAttributeListID
constant	MTRAttributeIDTypeClusterLaundryDryerControlsAttributeClusterRevisionID
constant	MTRAttributeIDTypeClusterLaundryDryerControlsAttributeFeatureMapID
constant	MTRAttributeIDTypeClusterLaundryDryerControlsAttributeGeneratedCommandListID
constant	MTRAttributeIDTypeClusterLaundryDryerControlsAttributeSelectedDrynessLevelID
constant	MTRAttributeIDTypeClusterLaundryDryerControlsAttributeSupportedDrynessLevelsID
constant	MTRAttributeIDTypeClusterLaundryWasherControlsAttributeAcceptedCommandListID
constant	MTRAttributeIDTypeClusterLaundryWasherControlsAttributeAttributeListID
constant	MTRAttributeIDTypeClusterLaundryWasherControlsAttributeClusterRevisionID
constant	MTRAttributeIDTypeClusterLaundryWasherControlsAttributeFeatureMapID
constant	MTRAttributeIDTypeClusterLaundryWasherControlsAttributeGeneratedCommandListID
constant	MTRAttributeIDTypeClusterLaundryWasherControlsAttributeNumberOfRinsesID
constant	MTRAttributeIDTypeClusterLaundryWasherControlsAttributeSpinSpeedCurrentID
constant	MTRAttributeIDTypeClusterLaundryWasherControlsAttributeSpinSpeedsID
constant	MTRAttributeIDTypeClusterLaundryWasherControlsAttributeSupportedRinsesID
constant	MTRAttributeIDTypeClusterLaundryWasherModeAttributeAcceptedCommandListID
constant	MTRAttributeIDTypeClusterLaundryWasherModeAttributeAttributeListID
constant	MTRAttributeIDTypeClusterLaundryWasherModeAttributeClusterRevisionID
constant	MTRAttributeIDTypeClusterLaundryWasherModeAttributeCurrentModeID
constant	MTRAttributeIDTypeClusterLaundryWasherModeAttributeFeatureMapID
constant	MTRAttributeIDTypeClusterLaundryWasherModeAttributeGeneratedCommandListID
constant	MTRAttributeIDTypeClusterLaundryWasherModeAttributeSupportedModesID
constant	MTRAttributeIDTypeClusterLevelControlAttributeAcceptedCommandListID
constant	MTRAttributeIDTypeClusterLevelControlAttributeAttributeListID
constant	MTRAttributeIDTypeClusterLevelControlAttributeClusterRevisionID
constant	MTRAttributeIDTypeClusterLevelControlAttributeCurrentFrequencyID
constant	MTRAttributeIDTypeClusterLevelControlAttributeCurrentLevelID
constant	MTRAttributeIDTypeClusterLevelControlAttributeDefaultMoveRateID
constant	MTRAttributeIDTypeClusterLevelControlAttributeFeatureMapID
constant	MTRAttributeIDTypeClusterLevelControlAttributeGeneratedCommandListID
constant	MTRAttributeIDTypeClusterLevelControlAttributeMaxFrequencyID
constant	MTRAttributeIDTypeClusterLevelControlAttributeMaxLevelID
constant	MTRAttributeIDTypeClusterLevelControlAttributeMinFrequencyID
constant	MTRAttributeIDTypeClusterLevelControlAttributeMinLevelID
constant	MTRAttributeIDTypeClusterLevelControlAttributeOffTransitionTimeID
constant	MTRAttributeIDTypeClusterLevelControlAttributeOnLevelID
constant	MTRAttributeIDTypeClusterLevelControlAttributeOnOffTransitionTimeID
constant	MTRAttributeIDTypeClusterLevelControlAttributeOnTransitionTimeID
constant	MTRAttributeIDTypeClusterLevelControlAttributeOptionsID
constant	MTRAttributeIDTypeClusterLevelControlAttributeRemainingTimeID
constant	MTRAttributeIDTypeClusterLevelControlAttributeStartUpCurrentLevelID
constant	MTRAttributeIDTypeClusterLocalizationConfigurationAttributeAcceptedCommandListID
constant	MTRAttributeIDTypeClusterLocalizationConfigurationAttributeActiveLocaleID
constant	MTRAttributeIDTypeClusterLocalizationConfigurationAttributeAttributeListID
constant	MTRAttributeIDTypeClusterLocalizationConfigurationAttributeClusterRevisionID
constant	MTRAttributeIDTypeClusterLocalizationConfigurationAttributeFeatureMapID
constant	MTRAttributeIDTypeClusterLocalizationConfigurationAttributeGeneratedCommandListID
constant	MTRAttributeIDTypeClusterLocalizationConfigurationAttributeSupportedLocalesID
constant	MTRAttributeIDTypeClusterLowPowerAttributeAcceptedCommandListID
constant	MTRAttributeIDTypeClusterLowPowerAttributeAttributeListID
constant	MTRAttributeIDTypeClusterLowPowerAttributeClusterRevisionID
constant	MTRAttributeIDTypeClusterLowPowerAttributeFeatureMapID
constant	MTRAttributeIDTypeClusterLowPowerAttributeGeneratedCommandListID
constant	MTRAttributeIDTypeClusterMediaInputAttributeAcceptedCommandListID
constant	MTRAttributeIDTypeClusterMediaInputAttributeAttributeListID
constant	MTRAttributeIDTypeClusterMediaInputAttributeClusterRevisionID
constant	MTRAttributeIDTypeClusterMediaInputAttributeCurrentInputID
constant	MTRAttributeIDTypeClusterMediaInputAttributeFeatureMapID
constant	MTRAttributeIDTypeClusterMediaInputAttributeGeneratedCommandListID
constant	MTRAttributeIDTypeClusterMediaInputAttributeInputListID
constant	MTRAttributeIDTypeClusterMediaPlaybackAttributeAcceptedCommandListID
constant	MTRAttributeIDTypeClusterMediaPlaybackAttributeAttributeListID
constant	MTRAttributeIDTypeClusterMediaPlaybackAttributeClusterRevisionID
constant	MTRAttributeIDTypeClusterMediaPlaybackAttributeCurrentStateID
constant	MTRAttributeIDTypeClusterMediaPlaybackAttributeDurationID
constant	MTRAttributeIDTypeClusterMediaPlaybackAttributeFeatureMapID
constant	MTRAttributeIDTypeClusterMediaPlaybackAttributeGeneratedCommandListID
constant	MTRAttributeIDTypeClusterMediaPlaybackAttributePlaybackSpeedID
constant	MTRAttributeIDTypeClusterMediaPlaybackAttributeSampledPositionID
constant	MTRAttributeIDTypeClusterMediaPlaybackAttributeSeekRangeEndID
constant	MTRAttributeIDTypeClusterMediaPlaybackAttributeSeekRangeStartID
constant	MTRAttributeIDTypeClusterMediaPlaybackAttributeStartTimeID
constant	MTRAttributeIDTypeClusterMessagesAttributeAcceptedCommandListID
constant	MTRAttributeIDTypeClusterMessagesAttributeActiveMessageIDsID
constant	MTRAttributeIDTypeClusterMessagesAttributeAttributeListID
constant	MTRAttributeIDTypeClusterMessagesAttributeClusterRevisionID
constant	MTRAttributeIDTypeClusterMessagesAttributeFeatureMapID
constant	MTRAttributeIDTypeClusterMessagesAttributeGeneratedCommandListID
constant	MTRAttributeIDTypeClusterMessagesAttributeMessagesID
constant	MTRAttributeIDTypeClusterMicrowaveOvenControlAttributeAcceptedCommandListID
constant	MTRAttributeIDTypeClusterMicrowaveOvenControlAttributeAttributeListID
constant	MTRAttributeIDTypeClusterMicrowaveOvenControlAttributeClusterRevisionID
constant	MTRAttributeIDTypeClusterMicrowaveOvenControlAttributeCookTimeID
constant	MTRAttributeIDTypeClusterMicrowaveOvenControlAttributeFeatureMapID
constant	MTRAttributeIDTypeClusterMicrowaveOvenControlAttributeGeneratedCommandListID
constant	MTRAttributeIDTypeClusterMicrowaveOvenControlAttributeMaxCookTimeID
constant	MTRAttributeIDTypeClusterMicrowaveOvenControlAttributeMaxPowerID
constant	MTRAttributeIDTypeClusterMicrowaveOvenControlAttributeMinPowerID
constant	MTRAttributeIDTypeClusterMicrowaveOvenControlAttributePowerSettingID
constant	MTRAttributeIDTypeClusterMicrowaveOvenControlAttributePowerStepID
constant	MTRAttributeIDTypeClusterMicrowaveOvenControlAttributeWattRatingID
constant	MTRAttributeIDTypeClusterMicrowaveOvenModeAttributeAcceptedCommandListID
constant	MTRAttributeIDTypeClusterMicrowaveOvenModeAttributeAttributeListID
constant	MTRAttributeIDTypeClusterMicrowaveOvenModeAttributeClusterRevisionID
constant	MTRAttributeIDTypeClusterMicrowaveOvenModeAttributeCurrentModeID
constant	MTRAttributeIDTypeClusterMicrowaveOvenModeAttributeFeatureMapID
constant	MTRAttributeIDTypeClusterMicrowaveOvenModeAttributeGeneratedCommandListID
constant	MTRAttributeIDTypeClusterMicrowaveOvenModeAttributeSupportedModesID
constant	MTRAttributeIDTypeClusterModeSelectAttributeAcceptedCommandListID
constant	MTRAttributeIDTypeClusterModeSelectAttributeAttributeListID
constant	MTRAttributeIDTypeClusterModeSelectAttributeClusterRevisionID
constant	MTRAttributeIDTypeClusterModeSelectAttributeCurrentModeID
constant	MTRAttributeIDTypeClusterModeSelectAttributeDescriptionID
constant	MTRAttributeIDTypeClusterModeSelectAttributeFeatureMapID
constant	MTRAttributeIDTypeClusterModeSelectAttributeGeneratedCommandListID
constant	MTRAttributeIDTypeClusterModeSelectAttributeOnModeID
constant	MTRAttributeIDTypeClusterModeSelectAttributeStandardNamespaceID
constant	MTRAttributeIDTypeClusterModeSelectAttributeStartUpModeID
constant	MTRAttributeIDTypeClusterModeSelectAttributeSupportedModesID
constant	MTRAttributeIDTypeClusterNetworkCommissioningAttributeAcceptedCommandListID
constant	MTRAttributeIDTypeClusterNetworkCommissioningAttributeAttributeListID
constant	MTRAttributeIDTypeClusterNetworkCommissioningAttributeClusterRevisionID
constant	MTRAttributeIDTypeClusterNetworkCommissioningAttributeConnectMaxTimeSecondsID
constant	MTRAttributeIDTypeClusterNetworkCommissioningAttributeFeatureMapID
constant	MTRAttributeIDTypeClusterNetworkCommissioningAttributeGeneratedCommandListID
constant	MTRAttributeIDTypeClusterNetworkCommissioningAttributeInterfaceEnabledID
constant	MTRAttributeIDTypeClusterNetworkCommissioningAttributeLastConnectErrorValueID
constant	MTRAttributeIDTypeClusterNetworkCommissioningAttributeLastNetworkIDID
constant	MTRAttributeIDTypeClusterNetworkCommissioningAttributeLastNetworkingStatusID
constant	MTRAttributeIDTypeClusterNetworkCommissioningAttributeMaxNetworksID
constant	MTRAttributeIDTypeClusterNetworkCommissioningAttributeNetworksID
constant	MTRAttributeIDTypeClusterNetworkCommissioningAttributeScanMaxTimeSecondsID
constant	MTRAttributeIDTypeClusterNetworkCommissioningAttributeSupportedThreadFeaturesID
constant	MTRAttributeIDTypeClusterNetworkCommissioningAttributeSupportedWiFiBandsID
constant	MTRAttributeIDTypeClusterNetworkCommissioningAttributeThreadVersionID
constant	MTRAttributeIDTypeClusterNitrogenDioxideConcentrationMeasurementAttributeAcceptedCommandListID
constant	MTRAttributeIDTypeClusterNitrogenDioxideConcentrationMeasurementAttributeAttributeListID
constant	MTRAttributeIDTypeClusterNitrogenDioxideConcentrationMeasurementAttributeAverageMeasuredValueID
constant	MTRAttributeIDTypeClusterNitrogenDioxideConcentrationMeasurementAttributeAverageMeasuredValueWindowID
constant	MTRAttributeIDTypeClusterNitrogenDioxideConcentrationMeasurementAttributeClusterRevisionID
constant	MTRAttributeIDTypeClusterNitrogenDioxideConcentrationMeasurementAttributeFeatureMapID
constant	MTRAttributeIDTypeClusterNitrogenDioxideConcentrationMeasurementAttributeGeneratedCommandListID
constant	MTRAttributeIDTypeClusterNitrogenDioxideConcentrationMeasurementAttributeLevelValueID
constant	MTRAttributeIDTypeClusterNitrogenDioxideConcentrationMeasurementAttributeMaxMeasuredValueID
constant	MTRAttributeIDTypeClusterNitrogenDioxideConcentrationMeasurementAttributeMeasuredValueID
constant	MTRAttributeIDTypeClusterNitrogenDioxideConcentrationMeasurementAttributeMeasurementMediumID
constant	MTRAttributeIDTypeClusterNitrogenDioxideConcentrationMeasurementAttributeMeasurementUnitID
constant	MTRAttributeIDTypeClusterNitrogenDioxideConcentrationMeasurementAttributeMinMeasuredValueID
constant	MTRAttributeIDTypeClusterNitrogenDioxideConcentrationMeasurementAttributePeakMeasuredValueID
constant	MTRAttributeIDTypeClusterNitrogenDioxideConcentrationMeasurementAttributePeakMeasuredValueWindowID
constant	MTRAttributeIDTypeClusterNitrogenDioxideConcentrationMeasurementAttributeUncertaintyID
constant	MTRAttributeIDTypeClusterOTASoftwareUpdateProviderAttributeAcceptedCommandListID
constant	MTRAttributeIDTypeClusterOTASoftwareUpdateProviderAttributeAttributeListID
constant	MTRAttributeIDTypeClusterOTASoftwareUpdateProviderAttributeClusterRevisionID
constant	MTRAttributeIDTypeClusterOTASoftwareUpdateProviderAttributeFeatureMapID
constant	MTRAttributeIDTypeClusterOTASoftwareUpdateProviderAttributeGeneratedCommandListID
constant	MTRAttributeIDTypeClusterOTASoftwareUpdateRequestorAttributeAcceptedCommandListID
constant	MTRAttributeIDTypeClusterOTASoftwareUpdateRequestorAttributeAttributeListID
constant	MTRAttributeIDTypeClusterOTASoftwareUpdateRequestorAttributeClusterRevisionID
constant	MTRAttributeIDTypeClusterOTASoftwareUpdateRequestorAttributeDefaultOTAProvidersID
constant	MTRAttributeIDTypeClusterOTASoftwareUpdateRequestorAttributeFeatureMapID
constant	MTRAttributeIDTypeClusterOTASoftwareUpdateRequestorAttributeGeneratedCommandListID
constant	MTRAttributeIDTypeClusterOTASoftwareUpdateRequestorAttributeUpdatePossibleID
constant	MTRAttributeIDTypeClusterOTASoftwareUpdateRequestorAttributeUpdateStateID
constant	MTRAttributeIDTypeClusterOTASoftwareUpdateRequestorAttributeUpdateStateProgressID
constant	MTRAttributeIDTypeClusterOccupancySensingAttributeAcceptedCommandListID
constant	MTRAttributeIDTypeClusterOccupancySensingAttributeAttributeListID
constant	MTRAttributeIDTypeClusterOccupancySensingAttributeClusterRevisionID
constant	MTRAttributeIDTypeClusterOccupancySensingAttributeFeatureMapID
constant	MTRAttributeIDTypeClusterOccupancySensingAttributeGeneratedCommandListID
constant	MTRAttributeIDTypeClusterOccupancySensingAttributeHoldTimeID
constant	MTRAttributeIDTypeClusterOccupancySensingAttributeHoldTimeLimitsID
constant	MTRAttributeIDTypeClusterOccupancySensingAttributeOccupancyID
constant	MTRAttributeIDTypeClusterOccupancySensingAttributeOccupancySensorTypeBitmapID
constant	MTRAttributeIDTypeClusterOccupancySensingAttributeOccupancySensorTypeID
constant	MTRAttributeIDTypeClusterOccupancySensingAttributePIROccupiedToUnoccupiedDelayID
constant	MTRAttributeIDTypeClusterOccupancySensingAttributePIRUnoccupiedToOccupiedDelayID
constant	MTRAttributeIDTypeClusterOccupancySensingAttributePIRUnoccupiedToOccupiedThresholdID
constant	MTRAttributeIDTypeClusterOccupancySensingAttributePhysicalContactOccupiedToUnoccupiedDelayID
constant	MTRAttributeIDTypeClusterOccupancySensingAttributePhysicalContactUnoccupiedToOccupiedDelayID
constant	MTRAttributeIDTypeClusterOccupancySensingAttributePhysicalContactUnoccupiedToOccupiedThresholdID
constant	MTRAttributeIDTypeClusterOccupancySensingAttributeUltrasonicOccupiedToUnoccupiedDelayID
constant	MTRAttributeIDTypeClusterOccupancySensingAttributeUltrasonicUnoccupiedToOccupiedDelayID
constant	MTRAttributeIDTypeClusterOccupancySensingAttributeUltrasonicUnoccupiedToOccupiedThresholdID
constant	MTRAttributeIDTypeClusterOnOffAttributeAcceptedCommandListID
constant	MTRAttributeIDTypeClusterOnOffAttributeAttributeListID
constant	MTRAttributeIDTypeClusterOnOffAttributeClusterRevisionID
constant	MTRAttributeIDTypeClusterOnOffAttributeFeatureMapID
constant	MTRAttributeIDTypeClusterOnOffAttributeGeneratedCommandListID
constant	MTRAttributeIDTypeClusterOnOffAttributeGlobalSceneControlID
constant	MTRAttributeIDTypeClusterOnOffAttributeOffWaitTimeID
constant	MTRAttributeIDTypeClusterOnOffAttributeOnOffID
constant	MTRAttributeIDTypeClusterOnOffAttributeOnTimeID
constant	MTRAttributeIDTypeClusterOnOffAttributeStartUpOnOffID
constant	MTRAttributeIDTypeClusterOnOffSwitchConfigurationAttributeAcceptedCommandListID
constant	MTRAttributeIDTypeClusterOnOffSwitchConfigurationAttributeAttributeListID
constant	MTRAttributeIDTypeClusterOnOffSwitchConfigurationAttributeClusterRevisionID
constant	MTRAttributeIDTypeClusterOnOffSwitchConfigurationAttributeFeatureMapID
constant	MTRAttributeIDTypeClusterOnOffSwitchConfigurationAttributeGeneratedCommandListID
constant	MTRAttributeIDTypeClusterOnOffSwitchConfigurationAttributeSwitchActionsID
constant	MTRAttributeIDTypeClusterOnOffSwitchConfigurationAttributeSwitchTypeID
constant	MTRAttributeIDTypeClusterOperationalCredentialsAttributeAcceptedCommandListID
constant	MTRAttributeIDTypeClusterOperationalCredentialsAttributeAttributeListID
constant	MTRAttributeIDTypeClusterOperationalCredentialsAttributeClusterRevisionID
constant	MTRAttributeIDTypeClusterOperationalCredentialsAttributeCommissionedFabricsID
constant	MTRAttributeIDTypeClusterOperationalCredentialsAttributeCurrentFabricIndexID
constant	MTRAttributeIDTypeClusterOperationalCredentialsAttributeFabricsID
constant	MTRAttributeIDTypeClusterOperationalCredentialsAttributeFeatureMapID
constant	MTRAttributeIDTypeClusterOperationalCredentialsAttributeGeneratedCommandListID
constant	MTRAttributeIDTypeClusterOperationalCredentialsAttributeNOCsID
constant	MTRAttributeIDTypeClusterOperationalCredentialsAttributeSupportedFabricsID
constant	MTRAttributeIDTypeClusterOperationalCredentialsAttributeTrustedRootCertificatesID
constant	MTRAttributeIDTypeClusterOperationalStateAttributeAcceptedCommandListID
constant	MTRAttributeIDTypeClusterOperationalStateAttributeAttributeListID
constant	MTRAttributeIDTypeClusterOperationalStateAttributeClusterRevisionID
constant	MTRAttributeIDTypeClusterOperationalStateAttributeCountdownTimeID
constant	MTRAttributeIDTypeClusterOperationalStateAttributeCurrentPhaseID
constant	MTRAttributeIDTypeClusterOperationalStateAttributeFeatureMapID
constant	MTRAttributeIDTypeClusterOperationalStateAttributeGeneratedCommandListID
constant	MTRAttributeIDTypeClusterOperationalStateAttributeOperationalErrorID
constant	MTRAttributeIDTypeClusterOperationalStateAttributeOperationalStateID
constant	MTRAttributeIDTypeClusterOperationalStateAttributeOperationalStateListID
constant	MTRAttributeIDTypeClusterOperationalStateAttributePhaseListID
constant	MTRAttributeIDTypeClusterOvenCavityOperationalStateAttributeAcceptedCommandListID
constant	MTRAttributeIDTypeClusterOvenCavityOperationalStateAttributeAttributeListID
constant	MTRAttributeIDTypeClusterOvenCavityOperationalStateAttributeClusterRevisionID
constant	MTRAttributeIDTypeClusterOvenCavityOperationalStateAttributeCountdownTimeID
constant	MTRAttributeIDTypeClusterOvenCavityOperationalStateAttributeCurrentPhaseID
constant	MTRAttributeIDTypeClusterOvenCavityOperationalStateAttributeFeatureMapID
constant	MTRAttributeIDTypeClusterOvenCavityOperationalStateAttributeGeneratedCommandListID
constant	MTRAttributeIDTypeClusterOvenCavityOperationalStateAttributeOperationalErrorID
constant	MTRAttributeIDTypeClusterOvenCavityOperationalStateAttributeOperationalStateID
constant	MTRAttributeIDTypeClusterOvenCavityOperationalStateAttributeOperationalStateListID
constant	MTRAttributeIDTypeClusterOvenCavityOperationalStateAttributePhaseListID
constant	MTRAttributeIDTypeClusterOvenModeAttributeAcceptedCommandListID
constant	MTRAttributeIDTypeClusterOvenModeAttributeAttributeListID
constant	MTRAttributeIDTypeClusterOvenModeAttributeClusterRevisionID
constant	MTRAttributeIDTypeClusterOvenModeAttributeCurrentModeID
constant	MTRAttributeIDTypeClusterOvenModeAttributeFeatureMapID
constant	MTRAttributeIDTypeClusterOvenModeAttributeGeneratedCommandListID
constant	MTRAttributeIDTypeClusterOvenModeAttributeSupportedModesID
constant	MTRAttributeIDTypeClusterOzoneConcentrationMeasurementAttributeAcceptedCommandListID
constant	MTRAttributeIDTypeClusterOzoneConcentrationMeasurementAttributeAttributeListID
constant	MTRAttributeIDTypeClusterOzoneConcentrationMeasurementAttributeAverageMeasuredValueID
constant	MTRAttributeIDTypeClusterOzoneConcentrationMeasurementAttributeAverageMeasuredValueWindowID
constant	MTRAttributeIDTypeClusterOzoneConcentrationMeasurementAttributeClusterRevisionID
constant	MTRAttributeIDTypeClusterOzoneConcentrationMeasurementAttributeFeatureMapID
constant	MTRAttributeIDTypeClusterOzoneConcentrationMeasurementAttributeGeneratedCommandListID
constant	MTRAttributeIDTypeClusterOzoneConcentrationMeasurementAttributeLevelValueID
constant	MTRAttributeIDTypeClusterOzoneConcentrationMeasurementAttributeMaxMeasuredValueID
constant	MTRAttributeIDTypeClusterOzoneConcentrationMeasurementAttributeMeasuredValueID
constant	MTRAttributeIDTypeClusterOzoneConcentrationMeasurementAttributeMeasurementMediumID
constant	MTRAttributeIDTypeClusterOzoneConcentrationMeasurementAttributeMeasurementUnitID
constant	MTRAttributeIDTypeClusterOzoneConcentrationMeasurementAttributeMinMeasuredValueID
constant	MTRAttributeIDTypeClusterOzoneConcentrationMeasurementAttributePeakMeasuredValueID
constant	MTRAttributeIDTypeClusterOzoneConcentrationMeasurementAttributePeakMeasuredValueWindowID
constant	MTRAttributeIDTypeClusterOzoneConcentrationMeasurementAttributeUncertaintyID
constant	MTRAttributeIDTypeClusterPM10ConcentrationMeasurementAttributeAcceptedCommandListID
constant	MTRAttributeIDTypeClusterPM10ConcentrationMeasurementAttributeAttributeListID
constant	MTRAttributeIDTypeClusterPM10ConcentrationMeasurementAttributeAverageMeasuredValueID
constant	MTRAttributeIDTypeClusterPM10ConcentrationMeasurementAttributeAverageMeasuredValueWindowID
constant	MTRAttributeIDTypeClusterPM10ConcentrationMeasurementAttributeClusterRevisionID
constant	MTRAttributeIDTypeClusterPM10ConcentrationMeasurementAttributeFeatureMapID
constant	MTRAttributeIDTypeClusterPM10ConcentrationMeasurementAttributeGeneratedCommandListID
constant	MTRAttributeIDTypeClusterPM10ConcentrationMeasurementAttributeLevelValueID
constant	MTRAttributeIDTypeClusterPM10ConcentrationMeasurementAttributeMaxMeasuredValueID
constant	MTRAttributeIDTypeClusterPM10ConcentrationMeasurementAttributeMeasuredValueID
constant	MTRAttributeIDTypeClusterPM10ConcentrationMeasurementAttributeMeasurementMediumID
constant	MTRAttributeIDTypeClusterPM10ConcentrationMeasurementAttributeMeasurementUnitID
constant	MTRAttributeIDTypeClusterPM10ConcentrationMeasurementAttributeMinMeasuredValueID
constant	MTRAttributeIDTypeClusterPM10ConcentrationMeasurementAttributePeakMeasuredValueID
constant	MTRAttributeIDTypeClusterPM10ConcentrationMeasurementAttributePeakMeasuredValueWindowID
constant	MTRAttributeIDTypeClusterPM10ConcentrationMeasurementAttributeUncertaintyID
constant	MTRAttributeIDTypeClusterPM1ConcentrationMeasurementAttributeAcceptedCommandListID
constant	MTRAttributeIDTypeClusterPM1ConcentrationMeasurementAttributeAttributeListID
constant	MTRAttributeIDTypeClusterPM1ConcentrationMeasurementAttributeAverageMeasuredValueID
constant	MTRAttributeIDTypeClusterPM1ConcentrationMeasurementAttributeAverageMeasuredValueWindowID
constant	MTRAttributeIDTypeClusterPM1ConcentrationMeasurementAttributeClusterRevisionID
constant	MTRAttributeIDTypeClusterPM1ConcentrationMeasurementAttributeFeatureMapID
constant	MTRAttributeIDTypeClusterPM1ConcentrationMeasurementAttributeGeneratedCommandListID
constant	MTRAttributeIDTypeClusterPM1ConcentrationMeasurementAttributeLevelValueID
constant	MTRAttributeIDTypeClusterPM1ConcentrationMeasurementAttributeMaxMeasuredValueID
constant	MTRAttributeIDTypeClusterPM1ConcentrationMeasurementAttributeMeasuredValueID
constant	MTRAttributeIDTypeClusterPM1ConcentrationMeasurementAttributeMeasurementMediumID
constant	MTRAttributeIDTypeClusterPM1ConcentrationMeasurementAttributeMeasurementUnitID
constant	MTRAttributeIDTypeClusterPM1ConcentrationMeasurementAttributeMinMeasuredValueID
constant	MTRAttributeIDTypeClusterPM1ConcentrationMeasurementAttributePeakMeasuredValueID
constant	MTRAttributeIDTypeClusterPM1ConcentrationMeasurementAttributePeakMeasuredValueWindowID
constant	MTRAttributeIDTypeClusterPM1ConcentrationMeasurementAttributeUncertaintyID
constant	MTRAttributeIDTypeClusterPM25ConcentrationMeasurementAttributeAcceptedCommandListID
constant	MTRAttributeIDTypeClusterPM25ConcentrationMeasurementAttributeAttributeListID
constant	MTRAttributeIDTypeClusterPM25ConcentrationMeasurementAttributeAverageMeasuredValueID
constant	MTRAttributeIDTypeClusterPM25ConcentrationMeasurementAttributeAverageMeasuredValueWindowID
constant	MTRAttributeIDTypeClusterPM25ConcentrationMeasurementAttributeClusterRevisionID
constant	MTRAttributeIDTypeClusterPM25ConcentrationMeasurementAttributeFeatureMapID
constant	MTRAttributeIDTypeClusterPM25ConcentrationMeasurementAttributeGeneratedCommandListID
constant	MTRAttributeIDTypeClusterPM25ConcentrationMeasurementAttributeLevelValueID
constant	MTRAttributeIDTypeClusterPM25ConcentrationMeasurementAttributeMaxMeasuredValueID
constant	MTRAttributeIDTypeClusterPM25ConcentrationMeasurementAttributeMeasuredValueID
constant	MTRAttributeIDTypeClusterPM25ConcentrationMeasurementAttributeMeasurementMediumID
constant	MTRAttributeIDTypeClusterPM25ConcentrationMeasurementAttributeMeasurementUnitID
constant	MTRAttributeIDTypeClusterPM25ConcentrationMeasurementAttributeMinMeasuredValueID
constant	MTRAttributeIDTypeClusterPM25ConcentrationMeasurementAttributePeakMeasuredValueID
constant	MTRAttributeIDTypeClusterPM25ConcentrationMeasurementAttributePeakMeasuredValueWindowID
constant	MTRAttributeIDTypeClusterPM25ConcentrationMeasurementAttributeUncertaintyID
constant	MTRAttributeIDTypeClusterPowerSourceAttributeAcceptedCommandListID
constant	MTRAttributeIDTypeClusterPowerSourceAttributeActiveBatChargeFaultsID
constant	MTRAttributeIDTypeClusterPowerSourceAttributeActiveBatFaultsID
constant	MTRAttributeIDTypeClusterPowerSourceAttributeActiveWiredFaultsID
constant	MTRAttributeIDTypeClusterPowerSourceAttributeAttributeListID
constant	MTRAttributeIDTypeClusterPowerSourceAttributeBatANSIDesignationID
constant	MTRAttributeIDTypeClusterPowerSourceAttributeBatApprovedChemistryID
constant	MTRAttributeIDTypeClusterPowerSourceAttributeBatCapacityID
constant	MTRAttributeIDTypeClusterPowerSourceAttributeBatChargeLevelID
constant	MTRAttributeIDTypeClusterPowerSourceAttributeBatChargeStateID
constant	MTRAttributeIDTypeClusterPowerSourceAttributeBatChargingCurrentID
constant	MTRAttributeIDTypeClusterPowerSourceAttributeBatCommonDesignationID
constant	MTRAttributeIDTypeClusterPowerSourceAttributeBatFunctionalWhileChargingID
constant	MTRAttributeIDTypeClusterPowerSourceAttributeBatIECDesignationID
constant	MTRAttributeIDTypeClusterPowerSourceAttributeBatPercentRemainingID
constant	MTRAttributeIDTypeClusterPowerSourceAttributeBatPresentID
constant	MTRAttributeIDTypeClusterPowerSourceAttributeBatQuantityID
constant	MTRAttributeIDTypeClusterPowerSourceAttributeBatReplaceabilityID
constant	MTRAttributeIDTypeClusterPowerSourceAttributeBatReplacementDescriptionID
constant	MTRAttributeIDTypeClusterPowerSourceAttributeBatReplacementNeededID
constant	MTRAttributeIDTypeClusterPowerSourceAttributeBatTimeRemainingID
constant	MTRAttributeIDTypeClusterPowerSourceAttributeBatTimeToFullChargeID
constant	MTRAttributeIDTypeClusterPowerSourceAttributeBatVoltageID
constant	MTRAttributeIDTypeClusterPowerSourceAttributeClusterRevisionID
constant	MTRAttributeIDTypeClusterPowerSourceAttributeDescriptionID
constant	MTRAttributeIDTypeClusterPowerSourceAttributeEndpointListID
constant	MTRAttributeIDTypeClusterPowerSourceAttributeFeatureMapID
constant	MTRAttributeIDTypeClusterPowerSourceAttributeGeneratedCommandListID
constant	MTRAttributeIDTypeClusterPowerSourceAttributeOrderID
constant	MTRAttributeIDTypeClusterPowerSourceAttributeStatusID
constant	MTRAttributeIDTypeClusterPowerSourceAttributeWiredAssessedCurrentID
constant	MTRAttributeIDTypeClusterPowerSourceAttributeWiredAssessedInputFrequencyID
constant	MTRAttributeIDTypeClusterPowerSourceAttributeWiredAssessedInputVoltageID
constant	MTRAttributeIDTypeClusterPowerSourceAttributeWiredCurrentTypeID
constant	MTRAttributeIDTypeClusterPowerSourceAttributeWiredMaximumCurrentID
constant	MTRAttributeIDTypeClusterPowerSourceAttributeWiredNominalVoltageID
constant	MTRAttributeIDTypeClusterPowerSourceAttributeWiredPresentID
constant	MTRAttributeIDTypeClusterPowerSourceConfigurationAttributeAcceptedCommandListID
constant	MTRAttributeIDTypeClusterPowerSourceConfigurationAttributeAttributeListID
constant	MTRAttributeIDTypeClusterPowerSourceConfigurationAttributeClusterRevisionID
constant	MTRAttributeIDTypeClusterPowerSourceConfigurationAttributeFeatureMapID
constant	MTRAttributeIDTypeClusterPowerSourceConfigurationAttributeGeneratedCommandListID
constant	MTRAttributeIDTypeClusterPowerSourceConfigurationAttributeSourcesID
constant	MTRAttributeIDTypeClusterPowerTopologyAttributeAcceptedCommandListID
constant	MTRAttributeIDTypeClusterPowerTopologyAttributeActiveEndpointsID
constant	MTRAttributeIDTypeClusterPowerTopologyAttributeAttributeListID
constant	MTRAttributeIDTypeClusterPowerTopologyAttributeAvailableEndpointsID
constant	MTRAttributeIDTypeClusterPowerTopologyAttributeClusterRevisionID
constant	MTRAttributeIDTypeClusterPowerTopologyAttributeFeatureMapID
constant	MTRAttributeIDTypeClusterPowerTopologyAttributeGeneratedCommandListID
constant	MTRAttributeIDTypeClusterPressureMeasurementAttributeAcceptedCommandListID
constant	MTRAttributeIDTypeClusterPressureMeasurementAttributeAttributeListID
constant	MTRAttributeIDTypeClusterPressureMeasurementAttributeClusterRevisionID
constant	MTRAttributeIDTypeClusterPressureMeasurementAttributeFeatureMapID
constant	MTRAttributeIDTypeClusterPressureMeasurementAttributeGeneratedCommandListID
constant	MTRAttributeIDTypeClusterPressureMeasurementAttributeMaxMeasuredValueID
constant	MTRAttributeIDTypeClusterPressureMeasurementAttributeMaxScaledValueID
constant	MTRAttributeIDTypeClusterPressureMeasurementAttributeMeasuredValueID
constant	MTRAttributeIDTypeClusterPressureMeasurementAttributeMinMeasuredValueID
constant	MTRAttributeIDTypeClusterPressureMeasurementAttributeMinScaledValueID
constant	MTRAttributeIDTypeClusterPressureMeasurementAttributeScaleID
constant	MTRAttributeIDTypeClusterPressureMeasurementAttributeScaledToleranceID
constant	MTRAttributeIDTypeClusterPressureMeasurementAttributeScaledValueID
constant	MTRAttributeIDTypeClusterPressureMeasurementAttributeToleranceID
constant	MTRAttributeIDTypeClusterPulseWidthModulationAttributeAcceptedCommandListID
constant	MTRAttributeIDTypeClusterPulseWidthModulationAttributeAttributeListID
constant	MTRAttributeIDTypeClusterPulseWidthModulationAttributeClusterRevisionID
constant	MTRAttributeIDTypeClusterPulseWidthModulationAttributeFeatureMapID
constant	MTRAttributeIDTypeClusterPulseWidthModulationAttributeGeneratedCommandListID
constant	MTRAttributeIDTypeClusterPumpConfigurationAndControlAttributeAcceptedCommandListID
constant	MTRAttributeIDTypeClusterPumpConfigurationAndControlAttributeAttributeListID
constant	MTRAttributeIDTypeClusterPumpConfigurationAndControlAttributeCapacityID
constant	MTRAttributeIDTypeClusterPumpConfigurationAndControlAttributeClusterRevisionID
constant	MTRAttributeIDTypeClusterPumpConfigurationAndControlAttributeControlModeID
constant	MTRAttributeIDTypeClusterPumpConfigurationAndControlAttributeEffectiveControlModeID
constant	MTRAttributeIDTypeClusterPumpConfigurationAndControlAttributeEffectiveOperationModeID
constant	MTRAttributeIDTypeClusterPumpConfigurationAndControlAttributeFeatureMapID
constant	MTRAttributeIDTypeClusterPumpConfigurationAndControlAttributeGeneratedCommandListID
constant	MTRAttributeIDTypeClusterPumpConfigurationAndControlAttributeLifetimeEnergyConsumedID
constant	MTRAttributeIDTypeClusterPumpConfigurationAndControlAttributeLifetimeRunningHoursID
constant	MTRAttributeIDTypeClusterPumpConfigurationAndControlAttributeMaxCompPressureID
constant	MTRAttributeIDTypeClusterPumpConfigurationAndControlAttributeMaxConstFlowID
constant	MTRAttributeIDTypeClusterPumpConfigurationAndControlAttributeMaxConstPressureID
constant	MTRAttributeIDTypeClusterPumpConfigurationAndControlAttributeMaxConstSpeedID
constant	MTRAttributeIDTypeClusterPumpConfigurationAndControlAttributeMaxConstTempID
constant	MTRAttributeIDTypeClusterPumpConfigurationAndControlAttributeMaxFlowID
constant	MTRAttributeIDTypeClusterPumpConfigurationAndControlAttributeMaxPressureID
constant	MTRAttributeIDTypeClusterPumpConfigurationAndControlAttributeMaxSpeedID
constant	MTRAttributeIDTypeClusterPumpConfigurationAndControlAttributeMinCompPressureID
constant	MTRAttributeIDTypeClusterPumpConfigurationAndControlAttributeMinConstFlowID
constant	MTRAttributeIDTypeClusterPumpConfigurationAndControlAttributeMinConstPressureID
constant	MTRAttributeIDTypeClusterPumpConfigurationAndControlAttributeMinConstSpeedID
constant	MTRAttributeIDTypeClusterPumpConfigurationAndControlAttributeMinConstTempID
constant	MTRAttributeIDTypeClusterPumpConfigurationAndControlAttributeOperationModeID
constant	MTRAttributeIDTypeClusterPumpConfigurationAndControlAttributePowerID
constant	MTRAttributeIDTypeClusterPumpConfigurationAndControlAttributePumpStatusID
constant	MTRAttributeIDTypeClusterPumpConfigurationAndControlAttributeSpeedID
constant	MTRAttributeIDTypeClusterRVCCleanModeAttributeAcceptedCommandListID
constant	MTRAttributeIDTypeClusterRVCCleanModeAttributeAttributeListID
constant	MTRAttributeIDTypeClusterRVCCleanModeAttributeClusterRevisionID
constant	MTRAttributeIDTypeClusterRVCCleanModeAttributeCurrentModeID
constant	MTRAttributeIDTypeClusterRVCCleanModeAttributeFeatureMapID
constant	MTRAttributeIDTypeClusterRVCCleanModeAttributeGeneratedCommandListID
constant	MTRAttributeIDTypeClusterRVCCleanModeAttributeSupportedModesID
constant	MTRAttributeIDTypeClusterRVCOperationalStateAttributeAcceptedCommandListID
constant	MTRAttributeIDTypeClusterRVCOperationalStateAttributeAttributeListID
constant	MTRAttributeIDTypeClusterRVCOperationalStateAttributeClusterRevisionID
constant	MTRAttributeIDTypeClusterRVCOperationalStateAttributeCountdownTimeID
constant	MTRAttributeIDTypeClusterRVCOperationalStateAttributeCurrentPhaseID
constant	MTRAttributeIDTypeClusterRVCOperationalStateAttributeFeatureMapID
constant	MTRAttributeIDTypeClusterRVCOperationalStateAttributeGeneratedCommandListID
constant	MTRAttributeIDTypeClusterRVCOperationalStateAttributeOperationalErrorID
constant	MTRAttributeIDTypeClusterRVCOperationalStateAttributeOperationalStateID
constant	MTRAttributeIDTypeClusterRVCOperationalStateAttributeOperationalStateListID
constant	MTRAttributeIDTypeClusterRVCOperationalStateAttributePhaseListID
constant	MTRAttributeIDTypeClusterRVCRunModeAttributeAcceptedCommandListID
constant	MTRAttributeIDTypeClusterRVCRunModeAttributeAttributeListID
constant	MTRAttributeIDTypeClusterRVCRunModeAttributeClusterRevisionID
constant	MTRAttributeIDTypeClusterRVCRunModeAttributeCurrentModeID
constant	MTRAttributeIDTypeClusterRVCRunModeAttributeFeatureMapID
constant	MTRAttributeIDTypeClusterRVCRunModeAttributeGeneratedCommandListID
constant	MTRAttributeIDTypeClusterRVCRunModeAttributeSupportedModesID
constant	MTRAttributeIDTypeClusterRadonConcentrationMeasurementAttributeAcceptedCommandListID
constant	MTRAttributeIDTypeClusterRadonConcentrationMeasurementAttributeAttributeListID
constant	MTRAttributeIDTypeClusterRadonConcentrationMeasurementAttributeAverageMeasuredValueID
constant	MTRAttributeIDTypeClusterRadonConcentrationMeasurementAttributeAverageMeasuredValueWindowID
constant	MTRAttributeIDTypeClusterRadonConcentrationMeasurementAttributeClusterRevisionID
constant	MTRAttributeIDTypeClusterRadonConcentrationMeasurementAttributeFeatureMapID
constant	MTRAttributeIDTypeClusterRadonConcentrationMeasurementAttributeGeneratedCommandListID
constant	MTRAttributeIDTypeClusterRadonConcentrationMeasurementAttributeLevelValueID
constant	MTRAttributeIDTypeClusterRadonConcentrationMeasurementAttributeMaxMeasuredValueID
constant	MTRAttributeIDTypeClusterRadonConcentrationMeasurementAttributeMeasuredValueID
constant	MTRAttributeIDTypeClusterRadonConcentrationMeasurementAttributeMeasurementMediumID
constant	MTRAttributeIDTypeClusterRadonConcentrationMeasurementAttributeMeasurementUnitID
constant	MTRAttributeIDTypeClusterRadonConcentrationMeasurementAttributeMinMeasuredValueID
constant	MTRAttributeIDTypeClusterRadonConcentrationMeasurementAttributePeakMeasuredValueID
constant	MTRAttributeIDTypeClusterRadonConcentrationMeasurementAttributePeakMeasuredValueWindowID
constant	MTRAttributeIDTypeClusterRadonConcentrationMeasurementAttributeUncertaintyID
constant	MTRAttributeIDTypeClusterRefrigeratorAlarmAttributeAcceptedCommandListID
constant	MTRAttributeIDTypeClusterRefrigeratorAlarmAttributeAttributeListID
constant	MTRAttributeIDTypeClusterRefrigeratorAlarmAttributeClusterRevisionID
constant	MTRAttributeIDTypeClusterRefrigeratorAlarmAttributeFeatureMapID
constant	MTRAttributeIDTypeClusterRefrigeratorAlarmAttributeGeneratedCommandListID
constant	MTRAttributeIDTypeClusterRefrigeratorAlarmAttributeMaskID
constant	MTRAttributeIDTypeClusterRefrigeratorAlarmAttributeStateID
constant	MTRAttributeIDTypeClusterRefrigeratorAlarmAttributeSupportedID
constant	MTRAttributeIDTypeClusterRefrigeratorAndTemperatureControlledCabinetModeAttributeAcceptedCommandListID
constant	MTRAttributeIDTypeClusterRefrigeratorAndTemperatureControlledCabinetModeAttributeAttributeListID
constant	MTRAttributeIDTypeClusterRefrigeratorAndTemperatureControlledCabinetModeAttributeClusterRevisionID
constant	MTRAttributeIDTypeClusterRefrigeratorAndTemperatureControlledCabinetModeAttributeCurrentModeID
constant	MTRAttributeIDTypeClusterRefrigeratorAndTemperatureControlledCabinetModeAttributeFeatureMapID
constant	MTRAttributeIDTypeClusterRefrigeratorAndTemperatureControlledCabinetModeAttributeGeneratedCommandListID
constant	MTRAttributeIDTypeClusterRefrigeratorAndTemperatureControlledCabinetModeAttributeSupportedModesID
constant	MTRAttributeIDTypeClusterRelativeHumidityMeasurementAttributeAcceptedCommandListID
constant	MTRAttributeIDTypeClusterRelativeHumidityMeasurementAttributeAttributeListID
constant	MTRAttributeIDTypeClusterRelativeHumidityMeasurementAttributeClusterRevisionID
constant	MTRAttributeIDTypeClusterRelativeHumidityMeasurementAttributeFeatureMapID
constant	MTRAttributeIDTypeClusterRelativeHumidityMeasurementAttributeGeneratedCommandListID
constant	MTRAttributeIDTypeClusterRelativeHumidityMeasurementAttributeMaxMeasuredValueID
constant	MTRAttributeIDTypeClusterRelativeHumidityMeasurementAttributeMeasuredValueID
constant	MTRAttributeIDTypeClusterRelativeHumidityMeasurementAttributeMinMeasuredValueID
constant	MTRAttributeIDTypeClusterRelativeHumidityMeasurementAttributeToleranceID
constant	MTRAttributeIDTypeClusterServiceAreaAttributeAcceptedCommandListID
constant	MTRAttributeIDTypeClusterServiceAreaAttributeAttributeListID
constant	MTRAttributeIDTypeClusterServiceAreaAttributeClusterRevisionID
constant	MTRAttributeIDTypeClusterServiceAreaAttributeCurrentAreaID
constant	MTRAttributeIDTypeClusterServiceAreaAttributeEstimatedEndTimeID
constant	MTRAttributeIDTypeClusterServiceAreaAttributeFeatureMapID
constant	MTRAttributeIDTypeClusterServiceAreaAttributeGeneratedCommandListID
constant	MTRAttributeIDTypeClusterServiceAreaAttributeProgressID
constant	MTRAttributeIDTypeClusterServiceAreaAttributeSelectedAreasID
constant	MTRAttributeIDTypeClusterServiceAreaAttributeSupportedAreasID
constant	MTRAttributeIDTypeClusterServiceAreaAttributeSupportedMapsID
constant	MTRAttributeIDTypeClusterSmokeCOAlarmAttributeAcceptedCommandListID
constant	MTRAttributeIDTypeClusterSmokeCOAlarmAttributeAttributeListID
constant	MTRAttributeIDTypeClusterSmokeCOAlarmAttributeBatteryAlertID
constant	MTRAttributeIDTypeClusterSmokeCOAlarmAttributeCOStateID
constant	MTRAttributeIDTypeClusterSmokeCOAlarmAttributeClusterRevisionID
constant	MTRAttributeIDTypeClusterSmokeCOAlarmAttributeContaminationStateID
constant	MTRAttributeIDTypeClusterSmokeCOAlarmAttributeDeviceMutedID
constant	MTRAttributeIDTypeClusterSmokeCOAlarmAttributeEndOfServiceAlertID
constant	MTRAttributeIDTypeClusterSmokeCOAlarmAttributeExpiryDateID
constant	MTRAttributeIDTypeClusterSmokeCOAlarmAttributeExpressedStateID
constant	MTRAttributeIDTypeClusterSmokeCOAlarmAttributeFeatureMapID
constant	MTRAttributeIDTypeClusterSmokeCOAlarmAttributeGeneratedCommandListID
constant	MTRAttributeIDTypeClusterSmokeCOAlarmAttributeHardwareFaultAlertID
constant	MTRAttributeIDTypeClusterSmokeCOAlarmAttributeInterconnectCOAlarmID
constant	MTRAttributeIDTypeClusterSmokeCOAlarmAttributeInterconnectSmokeAlarmID
constant	MTRAttributeIDTypeClusterSmokeCOAlarmAttributeSmokeSensitivityLevelID
constant	MTRAttributeIDTypeClusterSmokeCOAlarmAttributeSmokeStateID
constant	MTRAttributeIDTypeClusterSmokeCOAlarmAttributeTestInProgressID
constant	MTRAttributeIDTypeClusterSoftwareDiagnosticsAttributeAcceptedCommandListID
constant	MTRAttributeIDTypeClusterSoftwareDiagnosticsAttributeAttributeListID
constant	MTRAttributeIDTypeClusterSoftwareDiagnosticsAttributeClusterRevisionID
constant	MTRAttributeIDTypeClusterSoftwareDiagnosticsAttributeCurrentHeapFreeID
constant	MTRAttributeIDTypeClusterSoftwareDiagnosticsAttributeCurrentHeapHighWatermarkID
constant	MTRAttributeIDTypeClusterSoftwareDiagnosticsAttributeCurrentHeapUsedID
constant	MTRAttributeIDTypeClusterSoftwareDiagnosticsAttributeFeatureMapID
constant	MTRAttributeIDTypeClusterSoftwareDiagnosticsAttributeGeneratedCommandListID
constant	MTRAttributeIDTypeClusterSoftwareDiagnosticsAttributeThreadMetricsID
constant	MTRAttributeIDTypeClusterSwitchAttributeAcceptedCommandListID
constant	MTRAttributeIDTypeClusterSwitchAttributeAttributeListID
constant	MTRAttributeIDTypeClusterSwitchAttributeClusterRevisionID
constant	MTRAttributeIDTypeClusterSwitchAttributeCurrentPositionID
constant	MTRAttributeIDTypeClusterSwitchAttributeFeatureMapID
constant	MTRAttributeIDTypeClusterSwitchAttributeGeneratedCommandListID
constant	MTRAttributeIDTypeClusterSwitchAttributeMultiPressMaxID
constant	MTRAttributeIDTypeClusterSwitchAttributeNumberOfPositionsID
constant	MTRAttributeIDTypeClusterTargetNavigatorAttributeAcceptedCommandListID
constant	MTRAttributeIDTypeClusterTargetNavigatorAttributeAttributeListID
constant	MTRAttributeIDTypeClusterTargetNavigatorAttributeClusterRevisionID
constant	MTRAttributeIDTypeClusterTargetNavigatorAttributeCurrentTargetID
constant	MTRAttributeIDTypeClusterTargetNavigatorAttributeFeatureMapID
constant	MTRAttributeIDTypeClusterTargetNavigatorAttributeGeneratedCommandListID
constant	MTRAttributeIDTypeClusterTargetNavigatorAttributeTargetListID
constant	MTRAttributeIDTypeClusterTemperatureControlAttributeAcceptedCommandListID
constant	MTRAttributeIDTypeClusterTemperatureControlAttributeAttributeListID
constant	MTRAttributeIDTypeClusterTemperatureControlAttributeClusterRevisionID
constant	MTRAttributeIDTypeClusterTemperatureControlAttributeFeatureMapID
constant	MTRAttributeIDTypeClusterTemperatureControlAttributeGeneratedCommandListID
constant	MTRAttributeIDTypeClusterTemperatureControlAttributeMaxTemperatureID
constant	MTRAttributeIDTypeClusterTemperatureControlAttributeMinTemperatureID
constant	MTRAttributeIDTypeClusterTemperatureControlAttributeSelectedTemperatureLevelID
constant	MTRAttributeIDTypeClusterTemperatureControlAttributeStepID
constant	MTRAttributeIDTypeClusterTemperatureControlAttributeSupportedTemperatureLevelsID
constant	MTRAttributeIDTypeClusterTemperatureControlAttributeTemperatureSetpointID
constant	MTRAttributeIDTypeClusterTemperatureMeasurementAttributeAcceptedCommandListID
constant	MTRAttributeIDTypeClusterTemperatureMeasurementAttributeAttributeListID
constant	MTRAttributeIDTypeClusterTemperatureMeasurementAttributeClusterRevisionID
constant	MTRAttributeIDTypeClusterTemperatureMeasurementAttributeFeatureMapID
constant	MTRAttributeIDTypeClusterTemperatureMeasurementAttributeGeneratedCommandListID
constant	MTRAttributeIDTypeClusterTemperatureMeasurementAttributeMaxMeasuredValueID
constant	MTRAttributeIDTypeClusterTemperatureMeasurementAttributeMeasuredValueID
constant	MTRAttributeIDTypeClusterTemperatureMeasurementAttributeMinMeasuredValueID
constant	MTRAttributeIDTypeClusterTemperatureMeasurementAttributeToleranceID
constant	MTRAttributeIDTypeClusterThermostatAttributeACCapacityID
constant	MTRAttributeIDTypeClusterThermostatAttributeACCapacityformatID
constant	MTRAttributeIDTypeClusterThermostatAttributeACCoilTemperatureID
constant	MTRAttributeIDTypeClusterThermostatAttributeACCompressorTypeID
constant	MTRAttributeIDTypeClusterThermostatAttributeACErrorCodeID
constant	MTRAttributeIDTypeClusterThermostatAttributeACLouverPositionID
constant	MTRAttributeIDTypeClusterThermostatAttributeACRefrigerantTypeID
constant	MTRAttributeIDTypeClusterThermostatAttributeACTypeID
constant	MTRAttributeIDTypeClusterThermostatAttributeAbsMaxCoolSetpointLimitID
constant	MTRAttributeIDTypeClusterThermostatAttributeAbsMaxHeatSetpointLimitID
constant	MTRAttributeIDTypeClusterThermostatAttributeAbsMinCoolSetpointLimitID
constant	MTRAttributeIDTypeClusterThermostatAttributeAbsMinHeatSetpointLimitID
constant	MTRAttributeIDTypeClusterThermostatAttributeAcceptedCommandListID
constant	MTRAttributeIDTypeClusterThermostatAttributeActivePresetHandleID
constant	MTRAttributeIDTypeClusterThermostatAttributeActiveScheduleHandleID
constant	MTRAttributeIDTypeClusterThermostatAttributeAttributeListID
constant	MTRAttributeIDTypeClusterThermostatAttributeClusterRevisionID
constant	MTRAttributeIDTypeClusterThermostatAttributeControlSequenceOfOperationID
constant	MTRAttributeIDTypeClusterThermostatAttributeEmergencyHeatDeltaID
constant	MTRAttributeIDTypeClusterThermostatAttributeFeatureMapID
constant	MTRAttributeIDTypeClusterThermostatAttributeGeneratedCommandListID
constant	MTRAttributeIDTypeClusterThermostatAttributeHVACSystemTypeConfigurationID
constant	MTRAttributeIDTypeClusterThermostatAttributeLocalTemperatureCalibrationID
constant	MTRAttributeIDTypeClusterThermostatAttributeLocalTemperatureID
constant	MTRAttributeIDTypeClusterThermostatAttributeMaxCoolSetpointLimitID
constant	MTRAttributeIDTypeClusterThermostatAttributeMaxHeatSetpointLimitID
constant	MTRAttributeIDTypeClusterThermostatAttributeMinCoolSetpointLimitID
constant	MTRAttributeIDTypeClusterThermostatAttributeMinHeatSetpointLimitID
constant	MTRAttributeIDTypeClusterThermostatAttributeMinSetpointDeadBandID
constant	MTRAttributeIDTypeClusterThermostatAttributeNumberOfDailyTransitionsID
constant	MTRAttributeIDTypeClusterThermostatAttributeNumberOfPresetsID
constant	MTRAttributeIDTypeClusterThermostatAttributeNumberOfScheduleTransitionPerDayID
constant	MTRAttributeIDTypeClusterThermostatAttributeNumberOfScheduleTransitionsID
constant	MTRAttributeIDTypeClusterThermostatAttributeNumberOfSchedulesID
constant	MTRAttributeIDTypeClusterThermostatAttributeNumberOfWeeklyTransitionsID
constant	MTRAttributeIDTypeClusterThermostatAttributeOccupancyID
constant	MTRAttributeIDTypeClusterThermostatAttributeOccupiedCoolingSetpointID
constant	MTRAttributeIDTypeClusterThermostatAttributeOccupiedHeatingSetpointID
constant	MTRAttributeIDTypeClusterThermostatAttributeOccupiedSetbackID
constant	MTRAttributeIDTypeClusterThermostatAttributeOccupiedSetbackMaxID
constant	MTRAttributeIDTypeClusterThermostatAttributeOccupiedSetbackMinID
constant	MTRAttributeIDTypeClusterThermostatAttributeOutdoorTemperatureID
constant	MTRAttributeIDTypeClusterThermostatAttributePICoolingDemandID
constant	MTRAttributeIDTypeClusterThermostatAttributePIHeatingDemandID
constant	MTRAttributeIDTypeClusterThermostatAttributePresetTypesID
constant	MTRAttributeIDTypeClusterThermostatAttributePresetsID
constant	MTRAttributeIDTypeClusterThermostatAttributeRemoteSensingID
constant	MTRAttributeIDTypeClusterThermostatAttributeScheduleTypesID
constant	MTRAttributeIDTypeClusterThermostatAttributeSchedulesID
constant	MTRAttributeIDTypeClusterThermostatAttributeSetpointChangeAmountID
constant	MTRAttributeIDTypeClusterThermostatAttributeSetpointChangeSourceID
constant	MTRAttributeIDTypeClusterThermostatAttributeSetpointChangeSourceTimestampID
constant	MTRAttributeIDTypeClusterThermostatAttributeSetpointHoldExpiryTimestampID
constant	MTRAttributeIDTypeClusterThermostatAttributeStartOfWeekID
constant	MTRAttributeIDTypeClusterThermostatAttributeSystemModeID
constant	MTRAttributeIDTypeClusterThermostatAttributeTemperatureSetpointHoldDurationID
constant	MTRAttributeIDTypeClusterThermostatAttributeTemperatureSetpointHoldID
constant	MTRAttributeIDTypeClusterThermostatAttributeThermostatProgrammingOperationModeID
constant	MTRAttributeIDTypeClusterThermostatAttributeThermostatRunningModeID
constant	MTRAttributeIDTypeClusterThermostatAttributeThermostatRunningStateID
constant	MTRAttributeIDTypeClusterThermostatAttributeUnoccupiedCoolingSetpointID
constant	MTRAttributeIDTypeClusterThermostatAttributeUnoccupiedHeatingSetpointID
constant	MTRAttributeIDTypeClusterThermostatAttributeUnoccupiedSetbackID
constant	MTRAttributeIDTypeClusterThermostatAttributeUnoccupiedSetbackMaxID
constant	MTRAttributeIDTypeClusterThermostatAttributeUnoccupiedSetbackMinID
constant	MTRAttributeIDTypeClusterThermostatUserInterfaceConfigurationAttributeAcceptedCommandListID
constant	MTRAttributeIDTypeClusterThermostatUserInterfaceConfigurationAttributeAttributeListID
constant	MTRAttributeIDTypeClusterThermostatUserInterfaceConfigurationAttributeClusterRevisionID
constant	MTRAttributeIDTypeClusterThermostatUserInterfaceConfigurationAttributeFeatureMapID
constant	MTRAttributeIDTypeClusterThermostatUserInterfaceConfigurationAttributeGeneratedCommandListID
constant	MTRAttributeIDTypeClusterThermostatUserInterfaceConfigurationAttributeKeypadLockoutID
constant	MTRAttributeIDTypeClusterThermostatUserInterfaceConfigurationAttributeScheduleProgrammingVisibilityID
constant	MTRAttributeIDTypeClusterThermostatUserInterfaceConfigurationAttributeTemperatureDisplayModeID
constant	MTRAttributeIDTypeClusterThreadBorderRouterManagementAttributeAcceptedCommandListID
constant	MTRAttributeIDTypeClusterThreadBorderRouterManagementAttributeActiveDatasetTimestampID
constant	MTRAttributeIDTypeClusterThreadBorderRouterManagementAttributeAttributeListID
constant	MTRAttributeIDTypeClusterThreadBorderRouterManagementAttributeBorderAgentIDID
constant	MTRAttributeIDTypeClusterThreadBorderRouterManagementAttributeBorderRouterNameID
constant	MTRAttributeIDTypeClusterThreadBorderRouterManagementAttributeClusterRevisionID
constant	MTRAttributeIDTypeClusterThreadBorderRouterManagementAttributeFeatureMapID
constant	MTRAttributeIDTypeClusterThreadBorderRouterManagementAttributeGeneratedCommandListID
constant	MTRAttributeIDTypeClusterThreadBorderRouterManagementAttributeInterfaceEnabledID
constant	MTRAttributeIDTypeClusterThreadBorderRouterManagementAttributePendingDatasetTimestampID
constant	MTRAttributeIDTypeClusterThreadBorderRouterManagementAttributeThreadVersionID
constant	MTRAttributeIDTypeClusterThreadNetworkDiagnosticsAttributeAcceptedCommandListID
constant	MTRAttributeIDTypeClusterThreadNetworkDiagnosticsAttributeActiveNetworkFaultsListID
constant	MTRAttributeIDTypeClusterThreadNetworkDiagnosticsAttributeActiveTimestampID
constant	MTRAttributeIDTypeClusterThreadNetworkDiagnosticsAttributeAttachAttemptCountID
constant	MTRAttributeIDTypeClusterThreadNetworkDiagnosticsAttributeAttributeListID
constant	MTRAttributeIDTypeClusterThreadNetworkDiagnosticsAttributeBetterPartitionAttachAttemptCountID
constant	MTRAttributeIDTypeClusterThreadNetworkDiagnosticsAttributeChannelID
constant	MTRAttributeIDTypeClusterThreadNetworkDiagnosticsAttributeChannelPage0MaskID
constant	MTRAttributeIDTypeClusterThreadNetworkDiagnosticsAttributeChildRoleCountID
constant	MTRAttributeIDTypeClusterThreadNetworkDiagnosticsAttributeClusterRevisionID
constant	MTRAttributeIDTypeClusterThreadNetworkDiagnosticsAttributeDataVersionID
constant	MTRAttributeIDTypeClusterThreadNetworkDiagnosticsAttributeDelayID
constant	MTRAttributeIDTypeClusterThreadNetworkDiagnosticsAttributeDetachedRoleCountID
constant	MTRAttributeIDTypeClusterThreadNetworkDiagnosticsAttributeExtendedPanIdID
constant	MTRAttributeIDTypeClusterThreadNetworkDiagnosticsAttributeFeatureMapID
constant	MTRAttributeIDTypeClusterThreadNetworkDiagnosticsAttributeGeneratedCommandListID
constant	MTRAttributeIDTypeClusterThreadNetworkDiagnosticsAttributeLeaderRoleCountID
constant	MTRAttributeIDTypeClusterThreadNetworkDiagnosticsAttributeLeaderRouterIdID
constant	MTRAttributeIDTypeClusterThreadNetworkDiagnosticsAttributeMeshLocalPrefixID
constant	MTRAttributeIDTypeClusterThreadNetworkDiagnosticsAttributeNeighborTableID
constant	MTRAttributeIDTypeClusterThreadNetworkDiagnosticsAttributeNetworkNameID
constant	MTRAttributeIDTypeClusterThreadNetworkDiagnosticsAttributeOperationalDatasetComponentsID
constant	MTRAttributeIDTypeClusterThreadNetworkDiagnosticsAttributeOverrunCountID
constant	MTRAttributeIDTypeClusterThreadNetworkDiagnosticsAttributePanIdID
constant	MTRAttributeIDTypeClusterThreadNetworkDiagnosticsAttributeParentChangeCountID
constant	MTRAttributeIDTypeClusterThreadNetworkDiagnosticsAttributePartitionIdChangeCountID
constant	MTRAttributeIDTypeClusterThreadNetworkDiagnosticsAttributePartitionIdID
constant	MTRAttributeIDTypeClusterThreadNetworkDiagnosticsAttributePendingTimestampID
constant	MTRAttributeIDTypeClusterThreadNetworkDiagnosticsAttributeRouteTableID
constant	MTRAttributeIDTypeClusterThreadNetworkDiagnosticsAttributeRouterRoleCountID
constant	MTRAttributeIDTypeClusterThreadNetworkDiagnosticsAttributeRoutingRoleID
constant	MTRAttributeIDTypeClusterThreadNetworkDiagnosticsAttributeRxAddressFilteredCountID
constant	MTRAttributeIDTypeClusterThreadNetworkDiagnosticsAttributeRxBeaconCountID
constant	MTRAttributeIDTypeClusterThreadNetworkDiagnosticsAttributeRxBeaconRequestCountID
constant	MTRAttributeIDTypeClusterThreadNetworkDiagnosticsAttributeRxBroadcastCountID
constant	MTRAttributeIDTypeClusterThreadNetworkDiagnosticsAttributeRxDataCountID
constant	MTRAttributeIDTypeClusterThreadNetworkDiagnosticsAttributeRxDataPollCountID
constant	MTRAttributeIDTypeClusterThreadNetworkDiagnosticsAttributeRxDestAddrFilteredCountID
constant	MTRAttributeIDTypeClusterThreadNetworkDiagnosticsAttributeRxDuplicatedCountID
constant	MTRAttributeIDTypeClusterThreadNetworkDiagnosticsAttributeRxErrFcsCountID
constant	MTRAttributeIDTypeClusterThreadNetworkDiagnosticsAttributeRxErrInvalidSrcAddrCountID
constant	MTRAttributeIDTypeClusterThreadNetworkDiagnosticsAttributeRxErrNoFrameCountID
constant	MTRAttributeIDTypeClusterThreadNetworkDiagnosticsAttributeRxErrOtherCountID
constant	MTRAttributeIDTypeClusterThreadNetworkDiagnosticsAttributeRxErrSecCountID
constant	MTRAttributeIDTypeClusterThreadNetworkDiagnosticsAttributeRxErrUnknownNeighborCountID
constant	MTRAttributeIDTypeClusterThreadNetworkDiagnosticsAttributeRxOtherCountID
constant	MTRAttributeIDTypeClusterThreadNetworkDiagnosticsAttributeRxTotalCountID
constant	MTRAttributeIDTypeClusterThreadNetworkDiagnosticsAttributeRxUnicastCountID
constant	MTRAttributeIDTypeClusterThreadNetworkDiagnosticsAttributeSecurityPolicyID
constant	MTRAttributeIDTypeClusterThreadNetworkDiagnosticsAttributeStableDataVersionID
constant	MTRAttributeIDTypeClusterThreadNetworkDiagnosticsAttributeTxAckRequestedCountID
constant	MTRAttributeIDTypeClusterThreadNetworkDiagnosticsAttributeTxAckedCountID
constant	MTRAttributeIDTypeClusterThreadNetworkDiagnosticsAttributeTxBeaconCountID
constant	MTRAttributeIDTypeClusterThreadNetworkDiagnosticsAttributeTxBeaconRequestCountID
constant	MTRAttributeIDTypeClusterThreadNetworkDiagnosticsAttributeTxBroadcastCountID
constant	MTRAttributeIDTypeClusterThreadNetworkDiagnosticsAttributeTxDataCountID
constant	MTRAttributeIDTypeClusterThreadNetworkDiagnosticsAttributeTxDataPollCountID
constant	MTRAttributeIDTypeClusterThreadNetworkDiagnosticsAttributeTxDirectMaxRetryExpiryCountID
constant	MTRAttributeIDTypeClusterThreadNetworkDiagnosticsAttributeTxErrAbortCountID
constant	MTRAttributeIDTypeClusterThreadNetworkDiagnosticsAttributeTxErrBusyChannelCountID
constant	MTRAttributeIDTypeClusterThreadNetworkDiagnosticsAttributeTxErrCcaCountID
constant	MTRAttributeIDTypeClusterThreadNetworkDiagnosticsAttributeTxIndirectMaxRetryExpiryCountID
constant	MTRAttributeIDTypeClusterThreadNetworkDiagnosticsAttributeTxNoAckRequestedCountID
constant	MTRAttributeIDTypeClusterThreadNetworkDiagnosticsAttributeTxOtherCountID
constant	MTRAttributeIDTypeClusterThreadNetworkDiagnosticsAttributeTxRetryCountID
constant	MTRAttributeIDTypeClusterThreadNetworkDiagnosticsAttributeTxTotalCountID
constant	MTRAttributeIDTypeClusterThreadNetworkDiagnosticsAttributeTxUnicastCountID
constant	MTRAttributeIDTypeClusterThreadNetworkDiagnosticsAttributeWeightingID
constant	MTRAttributeIDTypeClusterThreadNetworkDirectoryAttributeAcceptedCommandListID
constant	MTRAttributeIDTypeClusterThreadNetworkDirectoryAttributeAttributeListID
constant	MTRAttributeIDTypeClusterThreadNetworkDirectoryAttributeClusterRevisionID
constant	MTRAttributeIDTypeClusterThreadNetworkDirectoryAttributeFeatureMapID
constant	MTRAttributeIDTypeClusterThreadNetworkDirectoryAttributeGeneratedCommandListID
constant	MTRAttributeIDTypeClusterThreadNetworkDirectoryAttributePreferredExtendedPanIDID
constant	MTRAttributeIDTypeClusterThreadNetworkDirectoryAttributeThreadNetworkTableSizeID
constant	MTRAttributeIDTypeClusterThreadNetworkDirectoryAttributeThreadNetworksID
constant	MTRAttributeIDTypeClusterTimeFormatLocalizationAttributeAcceptedCommandListID
constant	MTRAttributeIDTypeClusterTimeFormatLocalizationAttributeActiveCalendarTypeID
constant	MTRAttributeIDTypeClusterTimeFormatLocalizationAttributeAttributeListID
constant	MTRAttributeIDTypeClusterTimeFormatLocalizationAttributeClusterRevisionID
constant	MTRAttributeIDTypeClusterTimeFormatLocalizationAttributeFeatureMapID
constant	MTRAttributeIDTypeClusterTimeFormatLocalizationAttributeGeneratedCommandListID
constant	MTRAttributeIDTypeClusterTimeFormatLocalizationAttributeHourFormatID
constant	MTRAttributeIDTypeClusterTimeFormatLocalizationAttributeSupportedCalendarTypesID
constant	MTRAttributeIDTypeClusterTimeSynchronizationAttributeAcceptedCommandListID
constant	MTRAttributeIDTypeClusterTimeSynchronizationAttributeAttributeListID
constant	MTRAttributeIDTypeClusterTimeSynchronizationAttributeClusterRevisionID
constant	MTRAttributeIDTypeClusterTimeSynchronizationAttributeDSTOffsetID
constant	MTRAttributeIDTypeClusterTimeSynchronizationAttributeDSTOffsetListMaxSizeID
constant	MTRAttributeIDTypeClusterTimeSynchronizationAttributeDefaultNTPID
constant	MTRAttributeIDTypeClusterTimeSynchronizationAttributeDefaultNtpID
constant	MTRAttributeIDTypeClusterTimeSynchronizationAttributeDstOffsetID
constant	MTRAttributeIDTypeClusterTimeSynchronizationAttributeFeatureMapID
constant	MTRAttributeIDTypeClusterTimeSynchronizationAttributeGeneratedCommandListID
constant	MTRAttributeIDTypeClusterTimeSynchronizationAttributeGranularityID
constant	MTRAttributeIDTypeClusterTimeSynchronizationAttributeLocalTimeID
constant	MTRAttributeIDTypeClusterTimeSynchronizationAttributeNTPServerAvailableID
constant	MTRAttributeIDTypeClusterTimeSynchronizationAttributeNtpServerPortID
constant	MTRAttributeIDTypeClusterTimeSynchronizationAttributeSupportsDNSResolveID
constant	MTRAttributeIDTypeClusterTimeSynchronizationAttributeTimeSourceID
constant	MTRAttributeIDTypeClusterTimeSynchronizationAttributeTimeZoneDatabaseID
constant	MTRAttributeIDTypeClusterTimeSynchronizationAttributeTimeZoneID
constant	MTRAttributeIDTypeClusterTimeSynchronizationAttributeTimeZoneListMaxSizeID
constant	MTRAttributeIDTypeClusterTimeSynchronizationAttributeTrustedTimeNodeIdID
constant	MTRAttributeIDTypeClusterTimeSynchronizationAttributeTrustedTimeSourceID
constant	MTRAttributeIDTypeClusterTimeSynchronizationAttributeUTCTimeID
constant	MTRAttributeIDTypeClusterTotalVolatileOrganicCompoundsConcentrationMeasurementAttributeAcceptedCommandListID
constant	MTRAttributeIDTypeClusterTotalVolatileOrganicCompoundsConcentrationMeasurementAttributeAttributeListID
constant	MTRAttributeIDTypeClusterTotalVolatileOrganicCompoundsConcentrationMeasurementAttributeAverageMeasuredValueID
constant	MTRAttributeIDTypeClusterTotalVolatileOrganicCompoundsConcentrationMeasurementAttributeAverageMeasuredValueWindowID
constant	MTRAttributeIDTypeClusterTotalVolatileOrganicCompoundsConcentrationMeasurementAttributeClusterRevisionID
constant	MTRAttributeIDTypeClusterTotalVolatileOrganicCompoundsConcentrationMeasurementAttributeFeatureMapID
constant	MTRAttributeIDTypeClusterTotalVolatileOrganicCompoundsConcentrationMeasurementAttributeGeneratedCommandListID
constant	MTRAttributeIDTypeClusterTotalVolatileOrganicCompoundsConcentrationMeasurementAttributeLevelValueID
constant	MTRAttributeIDTypeClusterTotalVolatileOrganicCompoundsConcentrationMeasurementAttributeMaxMeasuredValueID
constant	MTRAttributeIDTypeClusterTotalVolatileOrganicCompoundsConcentrationMeasurementAttributeMeasuredValueID
constant	MTRAttributeIDTypeClusterTotalVolatileOrganicCompoundsConcentrationMeasurementAttributeMeasurementMediumID
constant	MTRAttributeIDTypeClusterTotalVolatileOrganicCompoundsConcentrationMeasurementAttributeMeasurementUnitID
constant	MTRAttributeIDTypeClusterTotalVolatileOrganicCompoundsConcentrationMeasurementAttributeMinMeasuredValueID
constant	MTRAttributeIDTypeClusterTotalVolatileOrganicCompoundsConcentrationMeasurementAttributePeakMeasuredValueID
constant	MTRAttributeIDTypeClusterTotalVolatileOrganicCompoundsConcentrationMeasurementAttributePeakMeasuredValueWindowID
constant	MTRAttributeIDTypeClusterTotalVolatileOrganicCompoundsConcentrationMeasurementAttributeUncertaintyID
constant	MTRAttributeIDTypeClusterUnitLocalizationAttributeAcceptedCommandListID
constant	MTRAttributeIDTypeClusterUnitLocalizationAttributeAttributeListID
constant	MTRAttributeIDTypeClusterUnitLocalizationAttributeClusterRevisionID
constant	MTRAttributeIDTypeClusterUnitLocalizationAttributeFeatureMapID
constant	MTRAttributeIDTypeClusterUnitLocalizationAttributeGeneratedCommandListID
constant	MTRAttributeIDTypeClusterUnitLocalizationAttributeTemperatureUnitID
constant	MTRAttributeIDTypeClusterUnitTestingAttributeAcceptedCommandListID
constant	MTRAttributeIDTypeClusterUnitTestingAttributeAttributeListID
constant	MTRAttributeIDTypeClusterUnitTestingAttributeBitmap16ID
constant	MTRAttributeIDTypeClusterUnitTestingAttributeBitmap32ID
constant	MTRAttributeIDTypeClusterUnitTestingAttributeBitmap64ID
constant	MTRAttributeIDTypeClusterUnitTestingAttributeBitmap8ID
constant	MTRAttributeIDTypeClusterUnitTestingAttributeBooleanID
constant	MTRAttributeIDTypeClusterUnitTestingAttributeCharStringID
constant	MTRAttributeIDTypeClusterUnitTestingAttributeClusterErrorBooleanID
constant	MTRAttributeIDTypeClusterUnitTestingAttributeClusterRevisionID
constant	MTRAttributeIDTypeClusterUnitTestingAttributeEnum16ID
constant	MTRAttributeIDTypeClusterUnitTestingAttributeEnum8ID
constant	MTRAttributeIDTypeClusterUnitTestingAttributeEnumAttrID
constant	MTRAttributeIDTypeClusterUnitTestingAttributeEpochSID
constant	MTRAttributeIDTypeClusterUnitTestingAttributeEpochUsID
constant	MTRAttributeIDTypeClusterUnitTestingAttributeFeatureMapID
constant	MTRAttributeIDTypeClusterUnitTestingAttributeFloatDoubleID
constant	MTRAttributeIDTypeClusterUnitTestingAttributeFloatSingleID
constant	MTRAttributeIDTypeClusterUnitTestingAttributeGeneralErrorBooleanID
constant	MTRAttributeIDTypeClusterUnitTestingAttributeGeneratedCommandListID
constant	MTRAttributeIDTypeClusterUnitTestingAttributeInt16sID
constant	MTRAttributeIDTypeClusterUnitTestingAttributeInt16uID
constant	MTRAttributeIDTypeClusterUnitTestingAttributeInt24sID
constant	MTRAttributeIDTypeClusterUnitTestingAttributeInt24uID
constant	MTRAttributeIDTypeClusterUnitTestingAttributeInt32sID
constant	MTRAttributeIDTypeClusterUnitTestingAttributeInt32uID
constant	MTRAttributeIDTypeClusterUnitTestingAttributeInt40sID
constant	MTRAttributeIDTypeClusterUnitTestingAttributeInt40uID
constant	MTRAttributeIDTypeClusterUnitTestingAttributeInt48sID
constant	MTRAttributeIDTypeClusterUnitTestingAttributeInt48uID
constant	MTRAttributeIDTypeClusterUnitTestingAttributeInt56sID
constant	MTRAttributeIDTypeClusterUnitTestingAttributeInt56uID
constant	MTRAttributeIDTypeClusterUnitTestingAttributeInt64sID
constant	MTRAttributeIDTypeClusterUnitTestingAttributeInt64uID
constant	MTRAttributeIDTypeClusterUnitTestingAttributeInt8sID
constant	MTRAttributeIDTypeClusterUnitTestingAttributeInt8uID
constant	MTRAttributeIDTypeClusterUnitTestingAttributeListFabricScopedID
constant	MTRAttributeIDTypeClusterUnitTestingAttributeListInt8uID
constant	MTRAttributeIDTypeClusterUnitTestingAttributeListLongOctetStringID
constant	MTRAttributeIDTypeClusterUnitTestingAttributeListNullablesAndOptionalsStructID
constant	MTRAttributeIDTypeClusterUnitTestingAttributeListOctetStringID
constant	MTRAttributeIDTypeClusterUnitTestingAttributeListStructOctetStringID
constant	MTRAttributeIDTypeClusterUnitTestingAttributeLongCharStringID
constant	MTRAttributeIDTypeClusterUnitTestingAttributeLongOctetStringID
constant	MTRAttributeIDTypeClusterUnitTestingAttributeNullableBitmap16ID
constant	MTRAttributeIDTypeClusterUnitTestingAttributeNullableBitmap32ID
constant	MTRAttributeIDTypeClusterUnitTestingAttributeNullableBitmap64ID
constant	MTRAttributeIDTypeClusterUnitTestingAttributeNullableBitmap8ID
constant	MTRAttributeIDTypeClusterUnitTestingAttributeNullableBooleanID
constant	MTRAttributeIDTypeClusterUnitTestingAttributeNullableCharStringID
constant	MTRAttributeIDTypeClusterUnitTestingAttributeNullableEnum16ID
constant	MTRAttributeIDTypeClusterUnitTestingAttributeNullableEnum8ID
constant	MTRAttributeIDTypeClusterUnitTestingAttributeNullableEnumAttrID
constant	MTRAttributeIDTypeClusterUnitTestingAttributeNullableFloatDoubleID
constant	MTRAttributeIDTypeClusterUnitTestingAttributeNullableFloatSingleID
constant	MTRAttributeIDTypeClusterUnitTestingAttributeNullableInt16sID
constant	MTRAttributeIDTypeClusterUnitTestingAttributeNullableInt16uID
constant	MTRAttributeIDTypeClusterUnitTestingAttributeNullableInt24sID
constant	MTRAttributeIDTypeClusterUnitTestingAttributeNullableInt24uID
constant	MTRAttributeIDTypeClusterUnitTestingAttributeNullableInt32sID
constant	MTRAttributeIDTypeClusterUnitTestingAttributeNullableInt32uID
constant	MTRAttributeIDTypeClusterUnitTestingAttributeNullableInt40sID
constant	MTRAttributeIDTypeClusterUnitTestingAttributeNullableInt40uID
constant	MTRAttributeIDTypeClusterUnitTestingAttributeNullableInt48sID
constant	MTRAttributeIDTypeClusterUnitTestingAttributeNullableInt48uID
constant	MTRAttributeIDTypeClusterUnitTestingAttributeNullableInt56sID
constant	MTRAttributeIDTypeClusterUnitTestingAttributeNullableInt56uID
constant	MTRAttributeIDTypeClusterUnitTestingAttributeNullableInt64sID
constant	MTRAttributeIDTypeClusterUnitTestingAttributeNullableInt64uID
constant	MTRAttributeIDTypeClusterUnitTestingAttributeNullableInt8sID
constant	MTRAttributeIDTypeClusterUnitTestingAttributeNullableInt8uID
constant	MTRAttributeIDTypeClusterUnitTestingAttributeNullableOctetStringID
constant	MTRAttributeIDTypeClusterUnitTestingAttributeNullableRangeRestrictedInt16sID
constant	MTRAttributeIDTypeClusterUnitTestingAttributeNullableRangeRestrictedInt16uID
constant	MTRAttributeIDTypeClusterUnitTestingAttributeNullableRangeRestrictedInt8sID
constant	MTRAttributeIDTypeClusterUnitTestingAttributeNullableRangeRestrictedInt8uID
constant	MTRAttributeIDTypeClusterUnitTestingAttributeNullableStructID
constant	MTRAttributeIDTypeClusterUnitTestingAttributeOctetStringID
constant	MTRAttributeIDTypeClusterUnitTestingAttributeRangeRestrictedInt16sID
constant	MTRAttributeIDTypeClusterUnitTestingAttributeRangeRestrictedInt16uID
constant	MTRAttributeIDTypeClusterUnitTestingAttributeRangeRestrictedInt8sID
constant	MTRAttributeIDTypeClusterUnitTestingAttributeRangeRestrictedInt8uID
constant	MTRAttributeIDTypeClusterUnitTestingAttributeStructAttrID
constant	MTRAttributeIDTypeClusterUnitTestingAttributeTimedWriteBooleanID
constant	MTRAttributeIDTypeClusterUnitTestingAttributeUnsupportedID
constant	MTRAttributeIDTypeClusterUnitTestingAttributeVendorIdID
constant	MTRAttributeIDTypeClusterUnitTestingAttributeWriteOnlyInt8uID
constant	MTRAttributeIDTypeClusterUserLabelAttributeAcceptedCommandListID
constant	MTRAttributeIDTypeClusterUserLabelAttributeAttributeListID
constant	MTRAttributeIDTypeClusterUserLabelAttributeClusterRevisionID
constant	MTRAttributeIDTypeClusterUserLabelAttributeFeatureMapID
constant	MTRAttributeIDTypeClusterUserLabelAttributeGeneratedCommandListID
constant	MTRAttributeIDTypeClusterUserLabelAttributeLabelListID
constant	MTRAttributeIDTypeClusterValveConfigurationAndControlAttributeAcceptedCommandListID
constant	MTRAttributeIDTypeClusterValveConfigurationAndControlAttributeAttributeListID
constant	MTRAttributeIDTypeClusterValveConfigurationAndControlAttributeAutoCloseTimeID
constant	MTRAttributeIDTypeClusterValveConfigurationAndControlAttributeClusterRevisionID
constant	MTRAttributeIDTypeClusterValveConfigurationAndControlAttributeCurrentLevelID
constant	MTRAttributeIDTypeClusterValveConfigurationAndControlAttributeCurrentStateID
constant	MTRAttributeIDTypeClusterValveConfigurationAndControlAttributeDefaultOpenDurationID
constant	MTRAttributeIDTypeClusterValveConfigurationAndControlAttributeDefaultOpenLevelID
constant	MTRAttributeIDTypeClusterValveConfigurationAndControlAttributeFeatureMapID
constant	MTRAttributeIDTypeClusterValveConfigurationAndControlAttributeGeneratedCommandListID
constant	MTRAttributeIDTypeClusterValveConfigurationAndControlAttributeLevelStepID
constant	MTRAttributeIDTypeClusterValveConfigurationAndControlAttributeOpenDurationID
constant	MTRAttributeIDTypeClusterValveConfigurationAndControlAttributeRemainingDurationID
constant	MTRAttributeIDTypeClusterValveConfigurationAndControlAttributeTargetLevelID
constant	MTRAttributeIDTypeClusterValveConfigurationAndControlAttributeTargetStateID
constant	MTRAttributeIDTypeClusterValveConfigurationAndControlAttributeValveFaultID
constant	MTRAttributeIDTypeClusterWakeOnLANAttributeAcceptedCommandListID
constant	MTRAttributeIDTypeClusterWakeOnLANAttributeAttributeListID
constant	MTRAttributeIDTypeClusterWakeOnLANAttributeClusterRevisionID
constant	MTRAttributeIDTypeClusterWakeOnLANAttributeFeatureMapID
constant	MTRAttributeIDTypeClusterWakeOnLANAttributeGeneratedCommandListID
constant	MTRAttributeIDTypeClusterWakeOnLANAttributeLinkLocalAddressID
constant	MTRAttributeIDTypeClusterWakeOnLANAttributeMACAddressID
constant	MTRAttributeIDTypeClusterWaterHeaterManagementAttributeAcceptedCommandListID
constant	MTRAttributeIDTypeClusterWaterHeaterManagementAttributeAttributeListID
constant	MTRAttributeIDTypeClusterWaterHeaterManagementAttributeBoostStateID
constant	MTRAttributeIDTypeClusterWaterHeaterManagementAttributeClusterRevisionID
constant	MTRAttributeIDTypeClusterWaterHeaterManagementAttributeEstimatedHeatRequiredID
constant	MTRAttributeIDTypeClusterWaterHeaterManagementAttributeFeatureMapID
constant	MTRAttributeIDTypeClusterWaterHeaterManagementAttributeGeneratedCommandListID
constant	MTRAttributeIDTypeClusterWaterHeaterManagementAttributeHeatDemandID
constant	MTRAttributeIDTypeClusterWaterHeaterManagementAttributeHeaterTypesID
constant	MTRAttributeIDTypeClusterWaterHeaterManagementAttributeTankPercentageID
constant	MTRAttributeIDTypeClusterWaterHeaterManagementAttributeTankVolumeID
constant	MTRAttributeIDTypeClusterWaterHeaterModeAttributeAcceptedCommandListID
constant	MTRAttributeIDTypeClusterWaterHeaterModeAttributeAttributeListID
constant	MTRAttributeIDTypeClusterWaterHeaterModeAttributeClusterRevisionID
constant	MTRAttributeIDTypeClusterWaterHeaterModeAttributeCurrentModeID
constant	MTRAttributeIDTypeClusterWaterHeaterModeAttributeFeatureMapID
constant	MTRAttributeIDTypeClusterWaterHeaterModeAttributeGeneratedCommandListID
constant	MTRAttributeIDTypeClusterWaterHeaterModeAttributeSupportedModesID
constant	MTRAttributeIDTypeClusterWiFiNetworkDiagnosticsAttributeAcceptedCommandListID
constant	MTRAttributeIDTypeClusterWiFiNetworkDiagnosticsAttributeAttributeListID
constant	MTRAttributeIDTypeClusterWiFiNetworkDiagnosticsAttributeBSSIDID
constant	MTRAttributeIDTypeClusterWiFiNetworkDiagnosticsAttributeBeaconLostCountID
constant	MTRAttributeIDTypeClusterWiFiNetworkDiagnosticsAttributeBeaconRxCountID
constant	MTRAttributeIDTypeClusterWiFiNetworkDiagnosticsAttributeChannelNumberID
constant	MTRAttributeIDTypeClusterWiFiNetworkDiagnosticsAttributeClusterRevisionID
constant	MTRAttributeIDTypeClusterWiFiNetworkDiagnosticsAttributeCurrentMaxRateID
constant	MTRAttributeIDTypeClusterWiFiNetworkDiagnosticsAttributeFeatureMapID
constant	MTRAttributeIDTypeClusterWiFiNetworkDiagnosticsAttributeGeneratedCommandListID
constant	MTRAttributeIDTypeClusterWiFiNetworkDiagnosticsAttributeOverrunCountID
constant	MTRAttributeIDTypeClusterWiFiNetworkDiagnosticsAttributePacketMulticastRxCountID
constant	MTRAttributeIDTypeClusterWiFiNetworkDiagnosticsAttributePacketMulticastTxCountID
constant	MTRAttributeIDTypeClusterWiFiNetworkDiagnosticsAttributePacketUnicastRxCountID
constant	MTRAttributeIDTypeClusterWiFiNetworkDiagnosticsAttributePacketUnicastTxCountID
constant	MTRAttributeIDTypeClusterWiFiNetworkDiagnosticsAttributeRSSIID
constant	MTRAttributeIDTypeClusterWiFiNetworkDiagnosticsAttributeSecurityTypeID
constant	MTRAttributeIDTypeClusterWiFiNetworkDiagnosticsAttributeWiFiVersionID
constant	MTRAttributeIDTypeClusterWiFiNetworkManagementAttributeAcceptedCommandListID
constant	MTRAttributeIDTypeClusterWiFiNetworkManagementAttributeAttributeListID
constant	MTRAttributeIDTypeClusterWiFiNetworkManagementAttributeClusterRevisionID
constant	MTRAttributeIDTypeClusterWiFiNetworkManagementAttributeFeatureMapID
constant	MTRAttributeIDTypeClusterWiFiNetworkManagementAttributeGeneratedCommandListID
constant	MTRAttributeIDTypeClusterWiFiNetworkManagementAttributePassphraseSurrogateID
constant	MTRAttributeIDTypeClusterWiFiNetworkManagementAttributeSSIDID
constant	MTRAttributeIDTypeClusterWindowCoveringAttributeAcceptedCommandListID
constant	MTRAttributeIDTypeClusterWindowCoveringAttributeAttributeListID
constant	MTRAttributeIDTypeClusterWindowCoveringAttributeClusterRevisionID
constant	MTRAttributeIDTypeClusterWindowCoveringAttributeConfigStatusID
constant	MTRAttributeIDTypeClusterWindowCoveringAttributeCurrentPositionLiftID
constant	MTRAttributeIDTypeClusterWindowCoveringAttributeCurrentPositionLiftPercent100thsID
constant	MTRAttributeIDTypeClusterWindowCoveringAttributeCurrentPositionLiftPercentageID
constant	MTRAttributeIDTypeClusterWindowCoveringAttributeCurrentPositionTiltID
constant	MTRAttributeIDTypeClusterWindowCoveringAttributeCurrentPositionTiltPercent100thsID
constant	MTRAttributeIDTypeClusterWindowCoveringAttributeCurrentPositionTiltPercentageID
constant	MTRAttributeIDTypeClusterWindowCoveringAttributeEndProductTypeID
constant	MTRAttributeIDTypeClusterWindowCoveringAttributeFeatureMapID
constant	MTRAttributeIDTypeClusterWindowCoveringAttributeGeneratedCommandListID
constant	MTRAttributeIDTypeClusterWindowCoveringAttributeInstalledClosedLimitLiftID
constant	MTRAttributeIDTypeClusterWindowCoveringAttributeInstalledClosedLimitTiltID
constant	MTRAttributeIDTypeClusterWindowCoveringAttributeInstalledOpenLimitLiftID
constant	MTRAttributeIDTypeClusterWindowCoveringAttributeInstalledOpenLimitTiltID
constant	MTRAttributeIDTypeClusterWindowCoveringAttributeModeID
constant	MTRAttributeIDTypeClusterWindowCoveringAttributeNumberOfActuationsLiftID
constant	MTRAttributeIDTypeClusterWindowCoveringAttributeNumberOfActuationsTiltID
constant	MTRAttributeIDTypeClusterWindowCoveringAttributeOperationalStatusID
constant	MTRAttributeIDTypeClusterWindowCoveringAttributePhysicalClosedLimitLiftID
constant	MTRAttributeIDTypeClusterWindowCoveringAttributePhysicalClosedLimitTiltID
constant	MTRAttributeIDTypeClusterWindowCoveringAttributeSafetyStatusID
constant	MTRAttributeIDTypeClusterWindowCoveringAttributeTargetPositionLiftPercent100thsID
constant	MTRAttributeIDTypeClusterWindowCoveringAttributeTargetPositionTiltPercent100thsID
constant	MTRAttributeIDTypeClusterWindowCoveringAttributeTypeID
constant	MTRAttributeIDTypeGlobalAttributeAcceptedCommandListID
constant	MTRAttributeIDTypeGlobalAttributeAttributeListID
constant	MTRAttributeIDTypeGlobalAttributeClusterRevisionID
constant	MTRAttributeIDTypeGlobalAttributeFeatureMapID
constant	MTRAttributeIDTypeGlobalAttributeGeneratedCommandListID
constant	MTRAudioOutputFeatureNameUpdates
constant	MTRAudioOutputOutputTypeBT
constant	MTRAudioOutputOutputTypeBt
constant	MTRAudioOutputOutputTypeHDMI
constant	MTRAudioOutputOutputTypeHdmi
constant	MTRAudioOutputOutputTypeHeadphone
constant	MTRAudioOutputOutputTypeInternal
constant	MTRAudioOutputOutputTypeOptical
constant	MTRAudioOutputOutputTypeOther
constant	MTRBasicInformationColorAqua
constant	MTRBasicInformationColorBlack
constant	MTRBasicInformationColorBlue
constant	MTRBasicInformationColorBrass
constant	MTRBasicInformationColorChrome
constant	MTRBasicInformationColorCopper
constant	MTRBasicInformationColorFuchsia
constant	MTRBasicInformationColorGold
constant	MTRBasicInformationColorGray
constant	MTRBasicInformationColorGreen
constant	MTRBasicInformationColorLime
constant	MTRBasicInformationColorMaroon
constant	MTRBasicInformationColorNavy
constant	MTRBasicInformationColorNickel
constant	MTRBasicInformationColorOlive
constant	MTRBasicInformationColorPurple
constant	MTRBasicInformationColorRed
constant	MTRBasicInformationColorSilver
constant	MTRBasicInformationColorTeal
constant	MTRBasicInformationColorWhite
constant	MTRBasicInformationColorYellow
constant	MTRBasicInformationProductFinishFabric
constant	MTRBasicInformationProductFinishMatte
constant	MTRBasicInformationProductFinishOther
constant	MTRBasicInformationProductFinishPolished
constant	MTRBasicInformationProductFinishRugged
constant	MTRBasicInformationProductFinishSatin
constant	MTRBooleanStateConfigurationAlarmModeBitmapAudible
constant	MTRBooleanStateConfigurationAlarmModeBitmapVisual
constant	MTRBooleanStateConfigurationFeatureAlarmSuppress
constant	MTRBooleanStateConfigurationFeatureAudible
constant	MTRBooleanStateConfigurationFeatureSensitivityLevel
constant	MTRBooleanStateConfigurationFeatureVisual
constant	MTRBooleanStateConfigurationSensorFaultBitmapGeneralFault
constant	MTRBridgedDeviceBasicInformationColorAqua
constant	MTRBridgedDeviceBasicInformationColorBlack
constant	MTRBridgedDeviceBasicInformationColorBlue
constant	MTRBridgedDeviceBasicInformationColorBrass
constant	MTRBridgedDeviceBasicInformationColorChrome
constant	MTRBridgedDeviceBasicInformationColorCopper
constant	MTRBridgedDeviceBasicInformationColorFuchsia
constant	MTRBridgedDeviceBasicInformationColorGold
constant	MTRBridgedDeviceBasicInformationColorGray
constant	MTRBridgedDeviceBasicInformationColorGreen
constant	MTRBridgedDeviceBasicInformationColorLime
constant	MTRBridgedDeviceBasicInformationColorMaroon
constant	MTRBridgedDeviceBasicInformationColorNavy
constant	MTRBridgedDeviceBasicInformationColorNickel
constant	MTRBridgedDeviceBasicInformationColorOlive
constant	MTRBridgedDeviceBasicInformationColorPurple
constant	MTRBridgedDeviceBasicInformationColorRed
constant	MTRBridgedDeviceBasicInformationColorSilver
constant	MTRBridgedDeviceBasicInformationColorTeal
constant	MTRBridgedDeviceBasicInformationColorWhite
constant	MTRBridgedDeviceBasicInformationColorYellow
constant	MTRBridgedDeviceBasicInformationFeatureBridgedICDSupport
constant	MTRBridgedDeviceBasicInformationProductFinishFabric
constant	MTRBridgedDeviceBasicInformationProductFinishMatte
constant	MTRBridgedDeviceBasicInformationProductFinishOther
constant	MTRBridgedDeviceBasicInformationProductFinishPolished
constant	MTRBridgedDeviceBasicInformationProductFinishRugged
constant	MTRBridgedDeviceBasicInformationProductFinishSatin
constant	MTRCarbonDioxideConcentrationMeasurementFeatureAverageMeasurement
constant	MTRCarbonDioxideConcentrationMeasurementFeatureCriticalLevel
constant	MTRCarbonDioxideConcentrationMeasurementFeatureLevelIndication
constant	MTRCarbonDioxideConcentrationMeasurementFeatureMediumLevel
constant	MTRCarbonDioxideConcentrationMeasurementFeatureNumericMeasurement
constant	MTRCarbonDioxideConcentrationMeasurementFeaturePeakMeasurement
constant	MTRCarbonDioxideConcentrationMeasurementLevelValueCritical
constant	MTRCarbonDioxideConcentrationMeasurementLevelValueHigh
constant	MTRCarbonDioxideConcentrationMeasurementLevelValueLow
constant	MTRCarbonDioxideConcentrationMeasurementLevelValueMedium
constant	MTRCarbonDioxideConcentrationMeasurementLevelValueUnknown
constant	MTRCarbonDioxideConcentrationMeasurementMeasurementMediumAir
constant	MTRCarbonDioxideConcentrationMeasurementMeasurementMediumSoil
constant	MTRCarbonDioxideConcentrationMeasurementMeasurementMediumWater
constant	MTRCarbonDioxideConcentrationMeasurementMeasurementUnitBQM3
constant	MTRCarbonDioxideConcentrationMeasurementMeasurementUnitMGM3
constant	MTRCarbonDioxideConcentrationMeasurementMeasurementUnitNGM3
constant	MTRCarbonDioxideConcentrationMeasurementMeasurementUnitPM3
constant	MTRCarbonDioxideConcentrationMeasurementMeasurementUnitPPB
constant	MTRCarbonDioxideConcentrationMeasurementMeasurementUnitPPM
constant	MTRCarbonDioxideConcentrationMeasurementMeasurementUnitPPT
constant	MTRCarbonDioxideConcentrationMeasurementMeasurementUnitUGM3
constant	MTRCarbonMonoxideConcentrationMeasurementFeatureAverageMeasurement
constant	MTRCarbonMonoxideConcentrationMeasurementFeatureCriticalLevel
constant	MTRCarbonMonoxideConcentrationMeasurementFeatureLevelIndication
constant	MTRCarbonMonoxideConcentrationMeasurementFeatureMediumLevel
constant	MTRCarbonMonoxideConcentrationMeasurementFeatureNumericMeasurement
constant	MTRCarbonMonoxideConcentrationMeasurementFeaturePeakMeasurement
constant	MTRCarbonMonoxideConcentrationMeasurementLevelValueCritical
constant	MTRCarbonMonoxideConcentrationMeasurementLevelValueHigh
constant	MTRCarbonMonoxideConcentrationMeasurementLevelValueLow
constant	MTRCarbonMonoxideConcentrationMeasurementLevelValueMedium
constant	MTRCarbonMonoxideConcentrationMeasurementLevelValueUnknown
constant	MTRCarbonMonoxideConcentrationMeasurementMeasurementMediumAir
constant	MTRCarbonMonoxideConcentrationMeasurementMeasurementMediumSoil
constant	MTRCarbonMonoxideConcentrationMeasurementMeasurementMediumWater
constant	MTRCarbonMonoxideConcentrationMeasurementMeasurementUnitBQM3
constant	MTRCarbonMonoxideConcentrationMeasurementMeasurementUnitMGM3
constant	MTRCarbonMonoxideConcentrationMeasurementMeasurementUnitNGM3
constant	MTRCarbonMonoxideConcentrationMeasurementMeasurementUnitPM3
constant	MTRCarbonMonoxideConcentrationMeasurementMeasurementUnitPPB
constant	MTRCarbonMonoxideConcentrationMeasurementMeasurementUnitPPM
constant	MTRCarbonMonoxideConcentrationMeasurementMeasurementUnitPPT
constant	MTRCarbonMonoxideConcentrationMeasurementMeasurementUnitUGM3
constant	MTRChannelFeatureChannelList
constant	MTRChannelFeatureElectronicGuide
constant	MTRChannelFeatureLineupInfo
constant	MTRChannelFeatureRecordProgram
constant	MTRChannelLineupInfoTypeMSO
constant	MTRChannelLineupInfoTypeMso
constant	MTRChannelRecordingFlagBitmapRecordSeries
constant	MTRChannelRecordingFlagBitmapRecorded
constant	MTRChannelRecordingFlagBitmapScheduled
constant	MTRChannelStatusMultipleMatches
constant	MTRChannelStatusNoMatches
constant	MTRChannelStatusSuccess
constant	MTRChannelTypeCable
constant	MTRChannelTypeOTT
constant	MTRChannelTypeSatellite
constant	MTRChannelTypeTerrestrial
constant	MTRClusterAccessControlAttributeAcceptedCommandListID
constant	MTRClusterAccessControlAttributeAccessControlEntriesPerFabricID
constant	MTRClusterAccessControlAttributeAclID
constant	MTRClusterAccessControlAttributeAttributeListID
constant	MTRClusterAccessControlAttributeClusterRevisionID
constant	MTRClusterAccessControlAttributeExtensionID
constant	MTRClusterAccessControlAttributeFeatureMapID
constant	MTRClusterAccessControlAttributeGeneratedCommandListID
constant	MTRClusterAccessControlAttributeSubjectsPerAccessControlEntryID
constant	MTRClusterAccessControlAttributeTargetsPerAccessControlEntryID
constant	MTRClusterAccessControlEventAccessControlEntryChangedID
constant	MTRClusterAccessControlEventAccessControlExtensionChangedID
constant	MTRClusterAccessControlID
constant	MTRClusterAccountLoginAttributeAcceptedCommandListID
constant	MTRClusterAccountLoginAttributeAttributeListID
constant	MTRClusterAccountLoginAttributeClusterRevisionID
constant	MTRClusterAccountLoginAttributeFeatureMapID
constant	MTRClusterAccountLoginAttributeGeneratedCommandListID
constant	MTRClusterAccountLoginCommandGetSetupPINID
constant	MTRClusterAccountLoginCommandGetSetupPINResponseID
constant	MTRClusterAccountLoginCommandLoginID
constant	MTRClusterAccountLoginCommandLogoutID
constant	MTRClusterAccountLoginID
constant	MTRClusterActionsAttributeAcceptedCommandListID
constant	MTRClusterActionsAttributeActionListID
constant	MTRClusterActionsAttributeAttributeListID
constant	MTRClusterActionsAttributeClusterRevisionID
constant	MTRClusterActionsAttributeEndpointListsID
constant	MTRClusterActionsAttributeFeatureMapID
constant	MTRClusterActionsAttributeGeneratedCommandListID
constant	MTRClusterActionsAttributeSetupURLID
constant	MTRClusterActionsCommandDisableActionID
constant	MTRClusterActionsCommandDisableActionWithDurationID
constant	MTRClusterActionsCommandEnableActionID
constant	MTRClusterActionsCommandEnableActionWithDurationID
constant	MTRClusterActionsCommandInstantActionID
constant	MTRClusterActionsCommandInstantActionWithTransitionID
constant	MTRClusterActionsCommandPauseActionID
constant	MTRClusterActionsCommandPauseActionWithDurationID
constant	MTRClusterActionsCommandResumeActionID
constant	MTRClusterActionsCommandStartActionID
constant	MTRClusterActionsCommandStartActionWithDurationID
constant	MTRClusterActionsCommandStopActionID
constant	MTRClusterActionsEventActionFailedID
constant	MTRClusterActionsEventStateChangedID
constant	MTRClusterActionsID
constant	MTRClusterAdministratorCommissioningAttributeAcceptedCommandListID
constant	MTRClusterAdministratorCommissioningAttributeAdminFabricIndexID
constant	MTRClusterAdministratorCommissioningAttributeAdminVendorIdID
constant	MTRClusterAdministratorCommissioningAttributeAttributeListID
constant	MTRClusterAdministratorCommissioningAttributeClusterRevisionID
constant	MTRClusterAdministratorCommissioningAttributeFeatureMapID
constant	MTRClusterAdministratorCommissioningAttributeGeneratedCommandListID
constant	MTRClusterAdministratorCommissioningAttributeWindowStatusID
constant	MTRClusterAdministratorCommissioningCommandOpenBasicCommissioningWindowID
constant	MTRClusterAdministratorCommissioningCommandOpenCommissioningWindowID
constant	MTRClusterAdministratorCommissioningCommandRevokeCommissioningID
constant	MTRClusterAdministratorCommissioningID
constant	MTRClusterApplicationBasicAttributeAcceptedCommandListID
constant	MTRClusterApplicationBasicAttributeAllowedVendorListID
constant	MTRClusterApplicationBasicAttributeApplicationID
constant	MTRClusterApplicationBasicAttributeApplicationNameID
constant	MTRClusterApplicationBasicAttributeApplicationVersionID
constant	MTRClusterApplicationBasicAttributeAttributeListID
constant	MTRClusterApplicationBasicAttributeClusterRevisionID
constant	MTRClusterApplicationBasicAttributeFeatureMapID
constant	MTRClusterApplicationBasicAttributeGeneratedCommandListID
constant	MTRClusterApplicationBasicAttributeProductIDID
constant	MTRClusterApplicationBasicAttributeStatusID
constant	MTRClusterApplicationBasicAttributeVendorIDID
constant	MTRClusterApplicationBasicAttributeVendorNameID
constant	MTRClusterApplicationBasicID
constant	MTRClusterApplicationLauncherAttributeAcceptedCommandListID
constant	MTRClusterApplicationLauncherAttributeAttributeListID
constant	MTRClusterApplicationLauncherAttributeCatalogListID
constant	MTRClusterApplicationLauncherAttributeClusterRevisionID
constant	MTRClusterApplicationLauncherAttributeCurrentAppID
constant	MTRClusterApplicationLauncherAttributeFeatureMapID
constant	MTRClusterApplicationLauncherAttributeGeneratedCommandListID
constant	MTRClusterApplicationLauncherCommandHideAppID
constant	MTRClusterApplicationLauncherCommandLaunchAppID
constant	MTRClusterApplicationLauncherCommandLauncherResponseID
constant	MTRClusterApplicationLauncherCommandStopAppID
constant	MTRClusterApplicationLauncherID
constant	MTRClusterAudioOutputAttributeAcceptedCommandListID
constant	MTRClusterAudioOutputAttributeAttributeListID
constant	MTRClusterAudioOutputAttributeClusterRevisionID
constant	MTRClusterAudioOutputAttributeCurrentOutputID
constant	MTRClusterAudioOutputAttributeFeatureMapID
constant	MTRClusterAudioOutputAttributeGeneratedCommandListID
constant	MTRClusterAudioOutputAttributeOutputListID
constant	MTRClusterAudioOutputCommandRenameOutputID
constant	MTRClusterAudioOutputCommandSelectOutputID
constant	MTRClusterAudioOutputID
constant	MTRClusterBallastConfigurationAttributeAcceptedCommandListID
constant	MTRClusterBallastConfigurationAttributeAttributeListID
constant	MTRClusterBallastConfigurationAttributeBallastFactorAdjustmentID
constant	MTRClusterBallastConfigurationAttributeBallastStatusID
constant	MTRClusterBallastConfigurationAttributeClusterRevisionID
constant	MTRClusterBallastConfigurationAttributeFeatureMapID
constant	MTRClusterBallastConfigurationAttributeGeneratedCommandListID
constant	MTRClusterBallastConfigurationAttributeIntrinsicBalanceFactorID
constant	MTRClusterBallastConfigurationAttributeLampAlarmModeID
constant	MTRClusterBallastConfigurationAttributeLampBurnHoursID
constant	MTRClusterBallastConfigurationAttributeLampBurnHoursTripPointID
constant	MTRClusterBallastConfigurationAttributeLampManufacturerID
constant	MTRClusterBallastConfigurationAttributeLampQuantityID
constant	MTRClusterBallastConfigurationAttributeLampRatedHoursID
constant	MTRClusterBallastConfigurationAttributeLampTypeID
constant	MTRClusterBallastConfigurationAttributeMaxLevelID
constant	MTRClusterBallastConfigurationAttributeMinLevelID
constant	MTRClusterBallastConfigurationAttributePhysicalMaxLevelID
constant	MTRClusterBallastConfigurationAttributePhysicalMinLevelID
constant	MTRClusterBallastConfigurationID
constant	MTRClusterBarrierControlAttributeAcceptedCommandListID
constant	MTRClusterBarrierControlAttributeAttributeListID
constant	MTRClusterBarrierControlAttributeBarrierCapabilitiesID
constant	MTRClusterBarrierControlAttributeBarrierCloseEventsID
constant	MTRClusterBarrierControlAttributeBarrierClosePeriodID
constant	MTRClusterBarrierControlAttributeBarrierCommandCloseEventsID
constant	MTRClusterBarrierControlAttributeBarrierCommandOpenEventsID
constant	MTRClusterBarrierControlAttributeBarrierMovingStateID
constant	MTRClusterBarrierControlAttributeBarrierOpenEventsID
constant	MTRClusterBarrierControlAttributeBarrierOpenPeriodID
constant	MTRClusterBarrierControlAttributeBarrierPositionID
constant	MTRClusterBarrierControlAttributeBarrierSafetyStatusID
constant	MTRClusterBarrierControlAttributeClusterRevisionID
constant	MTRClusterBarrierControlAttributeFeatureMapID
constant	MTRClusterBarrierControlAttributeGeneratedCommandListID
constant	MTRClusterBarrierControlCommandBarrierControlGoToPercentID
constant	MTRClusterBarrierControlCommandBarrierControlStopID
constant	MTRClusterBarrierControlID
constant	MTRClusterBasicAttributeAcceptedCommandListID
constant	MTRClusterBasicAttributeAttributeListID
constant	MTRClusterBasicAttributeCapabilityMinimaID
constant	MTRClusterBasicAttributeClusterRevisionID
constant	MTRClusterBasicAttributeDataModelRevisionID
constant	MTRClusterBasicAttributeFeatureMapID
constant	MTRClusterBasicAttributeGeneratedCommandListID
constant	MTRClusterBasicAttributeHardwareVersionID
constant	MTRClusterBasicAttributeHardwareVersionStringID
constant	MTRClusterBasicAttributeLocalConfigDisabledID
constant	MTRClusterBasicAttributeLocationID
constant	MTRClusterBasicAttributeManufacturingDateID
constant	MTRClusterBasicAttributeNodeLabelID
constant	MTRClusterBasicAttributePartNumberID
constant	MTRClusterBasicAttributeProductIDID
constant	MTRClusterBasicAttributeProductLabelID
constant	MTRClusterBasicAttributeProductNameID
constant	MTRClusterBasicAttributeProductURLID
constant	MTRClusterBasicAttributeReachableID
constant	MTRClusterBasicAttributeSerialNumberID
constant	MTRClusterBasicAttributeSoftwareVersionID
constant	MTRClusterBasicAttributeSoftwareVersionStringID
constant	MTRClusterBasicAttributeUniqueIDID
constant	MTRClusterBasicAttributeVendorIDID
constant	MTRClusterBasicAttributeVendorNameID
constant	MTRClusterBasicCommandMfgSpecificPingID
constant	MTRClusterBasicEventLeaveID
constant	MTRClusterBasicEventReachableChangedID
constant	MTRClusterBasicEventShutDownID
constant	MTRClusterBasicEventStartUpID
constant	MTRClusterBasicID
constant	MTRClusterBinaryInputBasicAttributeAcceptedCommandListID
constant	MTRClusterBinaryInputBasicAttributeActiveTextID
constant	MTRClusterBinaryInputBasicAttributeApplicationTypeID
constant	MTRClusterBinaryInputBasicAttributeAttributeListID
constant	MTRClusterBinaryInputBasicAttributeClusterRevisionID
constant	MTRClusterBinaryInputBasicAttributeDescriptionID
constant	MTRClusterBinaryInputBasicAttributeFeatureMapID
constant	MTRClusterBinaryInputBasicAttributeGeneratedCommandListID
constant	MTRClusterBinaryInputBasicAttributeInactiveTextID
constant	MTRClusterBinaryInputBasicAttributeOutOfServiceID
constant	MTRClusterBinaryInputBasicAttributePolarityID
constant	MTRClusterBinaryInputBasicAttributePresentValueID
constant	MTRClusterBinaryInputBasicAttributeReliabilityID
constant	MTRClusterBinaryInputBasicAttributeStatusFlagsID
constant	MTRClusterBinaryInputBasicID
constant	MTRClusterBindingAttributeAcceptedCommandListID
constant	MTRClusterBindingAttributeAttributeListID
constant	MTRClusterBindingAttributeBindingID
constant	MTRClusterBindingAttributeClusterRevisionID
constant	MTRClusterBindingAttributeFeatureMapID
constant	MTRClusterBindingAttributeGeneratedCommandListID
constant	MTRClusterBindingID
constant	MTRClusterBooleanStateAttributeAcceptedCommandListID
constant	MTRClusterBooleanStateAttributeAttributeListID
constant	MTRClusterBooleanStateAttributeClusterRevisionID
constant	MTRClusterBooleanStateAttributeFeatureMapID
constant	MTRClusterBooleanStateAttributeGeneratedCommandListID
constant	MTRClusterBooleanStateAttributeStateValueID
constant	MTRClusterBooleanStateEventStateChangeID
constant	MTRClusterBooleanStateID
constant	MTRClusterBridgedDeviceBasicAttributeAcceptedCommandListID
constant	MTRClusterBridgedDeviceBasicAttributeAttributeListID
constant	MTRClusterBridgedDeviceBasicAttributeClusterRevisionID
constant	MTRClusterBridgedDeviceBasicAttributeFeatureMapID
constant	MTRClusterBridgedDeviceBasicAttributeGeneratedCommandListID
constant	MTRClusterBridgedDeviceBasicAttributeHardwareVersionID
constant	MTRClusterBridgedDeviceBasicAttributeHardwareVersionStringID
constant	MTRClusterBridgedDeviceBasicAttributeManufacturingDateID
constant	MTRClusterBridgedDeviceBasicAttributeNodeLabelID
constant	MTRClusterBridgedDeviceBasicAttributePartNumberID
constant	MTRClusterBridgedDeviceBasicAttributeProductLabelID
constant	MTRClusterBridgedDeviceBasicAttributeProductNameID
constant	MTRClusterBridgedDeviceBasicAttributeProductURLID
constant	MTRClusterBridgedDeviceBasicAttributeReachableID
constant	MTRClusterBridgedDeviceBasicAttributeSerialNumberID
constant	MTRClusterBridgedDeviceBasicAttributeSoftwareVersionID
constant	MTRClusterBridgedDeviceBasicAttributeSoftwareVersionStringID
constant	MTRClusterBridgedDeviceBasicAttributeUniqueIDID
constant	MTRClusterBridgedDeviceBasicAttributeVendorIDID
constant	MTRClusterBridgedDeviceBasicAttributeVendorNameID
constant	MTRClusterBridgedDeviceBasicEventLeaveID
constant	MTRClusterBridgedDeviceBasicEventReachableChangedID
constant	MTRClusterBridgedDeviceBasicEventShutDownID
constant	MTRClusterBridgedDeviceBasicEventStartUpID
constant	MTRClusterBridgedDeviceBasicID
constant	MTRClusterChannelAttributeAcceptedCommandListID
constant	MTRClusterChannelAttributeAttributeListID
constant	MTRClusterChannelAttributeChannelListID
constant	MTRClusterChannelAttributeClusterRevisionID
constant	MTRClusterChannelAttributeCurrentChannelID
constant	MTRClusterChannelAttributeFeatureMapID
constant	MTRClusterChannelAttributeGeneratedCommandListID
constant	MTRClusterChannelAttributeLineupID
constant	MTRClusterChannelCommandChangeChannelByNumberID
constant	MTRClusterChannelCommandChangeChannelID
constant	MTRClusterChannelCommandChangeChannelResponseID
constant	MTRClusterChannelCommandSkipChannelID
constant	MTRClusterChannelID
constant	MTRClusterColorControlAttributeAcceptedCommandListID
constant	MTRClusterColorControlAttributeAttributeListID
constant	MTRClusterColorControlAttributeClusterRevisionID
constant	MTRClusterColorControlAttributeColorCapabilitiesID
constant	MTRClusterColorControlAttributeColorLoopActiveID
constant	MTRClusterColorControlAttributeColorLoopDirectionID
constant	MTRClusterColorControlAttributeColorLoopStartEnhancedHueID
constant	MTRClusterColorControlAttributeColorLoopStoredEnhancedHueID
constant	MTRClusterColorControlAttributeColorLoopTimeID
constant	MTRClusterColorControlAttributeColorModeID
constant	MTRClusterColorControlAttributeColorPointBIntensityID
constant	MTRClusterColorControlAttributeColorPointBXID
constant	MTRClusterColorControlAttributeColorPointBYID
constant	MTRClusterColorControlAttributeColorPointGIntensityID
constant	MTRClusterColorControlAttributeColorPointGXID
constant	MTRClusterColorControlAttributeColorPointGYID
constant	MTRClusterColorControlAttributeColorPointRIntensityID
constant	MTRClusterColorControlAttributeColorPointRXID
constant	MTRClusterColorControlAttributeColorPointRYID
constant	MTRClusterColorControlAttributeColorTempPhysicalMaxMiredsID
constant	MTRClusterColorControlAttributeColorTempPhysicalMinMiredsID
constant	MTRClusterColorControlAttributeColorTemperatureMiredsID
constant	MTRClusterColorControlAttributeCompensationTextID
constant	MTRClusterColorControlAttributeCoupleColorTempToLevelMinMiredsID
constant	MTRClusterColorControlAttributeCurrentHueID
constant	MTRClusterColorControlAttributeCurrentSaturationID
constant	MTRClusterColorControlAttributeCurrentXID
constant	MTRClusterColorControlAttributeCurrentYID
constant	MTRClusterColorControlAttributeDriftCompensationID
constant	MTRClusterColorControlAttributeEnhancedColorModeID
constant	MTRClusterColorControlAttributeEnhancedCurrentHueID
constant	MTRClusterColorControlAttributeFeatureMapID
constant	MTRClusterColorControlAttributeGeneratedCommandListID
constant	MTRClusterColorControlAttributeNumberOfPrimariesID
constant	MTRClusterColorControlAttributeOptionsID
constant	MTRClusterColorControlAttributePrimary1IntensityID
constant	MTRClusterColorControlAttributePrimary1XID
constant	MTRClusterColorControlAttributePrimary1YID
constant	MTRClusterColorControlAttributePrimary2IntensityID
constant	MTRClusterColorControlAttributePrimary2XID
constant	MTRClusterColorControlAttributePrimary2YID
constant	MTRClusterColorControlAttributePrimary3IntensityID
constant	MTRClusterColorControlAttributePrimary3XID
constant	MTRClusterColorControlAttributePrimary3YID
constant	MTRClusterColorControlAttributePrimary4IntensityID
constant	MTRClusterColorControlAttributePrimary4XID
constant	MTRClusterColorControlAttributePrimary4YID
constant	MTRClusterColorControlAttributePrimary5IntensityID
constant	MTRClusterColorControlAttributePrimary5XID
constant	MTRClusterColorControlAttributePrimary5YID
constant	MTRClusterColorControlAttributePrimary6IntensityID
constant	MTRClusterColorControlAttributePrimary6XID
constant	MTRClusterColorControlAttributePrimary6YID
constant	MTRClusterColorControlAttributeRemainingTimeID
constant	MTRClusterColorControlAttributeStartUpColorTemperatureMiredsID
constant	MTRClusterColorControlAttributeWhitePointXID
constant	MTRClusterColorControlAttributeWhitePointYID
constant	MTRClusterColorControlCommandColorLoopSetID
constant	MTRClusterColorControlCommandEnhancedMoveHueID
constant	MTRClusterColorControlCommandEnhancedMoveToHueAndSaturationID
constant	MTRClusterColorControlCommandEnhancedMoveToHueID
constant	MTRClusterColorControlCommandEnhancedStepHueID
constant	MTRClusterColorControlCommandMoveColorID
constant	MTRClusterColorControlCommandMoveColorTemperatureID
constant	MTRClusterColorControlCommandMoveHueID
constant	MTRClusterColorControlCommandMoveSaturationID
constant	MTRClusterColorControlCommandMoveToColorID
constant	MTRClusterColorControlCommandMoveToColorTemperatureID
constant	MTRClusterColorControlCommandMoveToHueAndSaturationID
constant	MTRClusterColorControlCommandMoveToHueID
constant	MTRClusterColorControlCommandMoveToSaturationID
constant	MTRClusterColorControlCommandStepColorID
constant	MTRClusterColorControlCommandStepColorTemperatureID
constant	MTRClusterColorControlCommandStepHueID
constant	MTRClusterColorControlCommandStepSaturationID
constant	MTRClusterColorControlCommandStopMoveStepID
constant	MTRClusterColorControlID
constant	MTRClusterContentLauncherAttributeAcceptHeaderID
constant	MTRClusterContentLauncherAttributeAcceptedCommandListID
constant	MTRClusterContentLauncherAttributeAttributeListID
constant	MTRClusterContentLauncherAttributeClusterRevisionID
constant	MTRClusterContentLauncherAttributeFeatureMapID
constant	MTRClusterContentLauncherAttributeGeneratedCommandListID
constant	MTRClusterContentLauncherAttributeSupportedStreamingProtocolsID
constant	MTRClusterContentLauncherCommandLaunchContentID
constant	MTRClusterContentLauncherCommandLaunchResponseID
constant	MTRClusterContentLauncherCommandLaunchURLID
constant	MTRClusterContentLauncherID
constant	MTRClusterDescriptorAttributeAcceptedCommandListID
constant	MTRClusterDescriptorAttributeAttributeListID
constant	MTRClusterDescriptorAttributeClientListID
constant	MTRClusterDescriptorAttributeClusterRevisionID
constant	MTRClusterDescriptorAttributeDeviceListID
constant	MTRClusterDescriptorAttributeDeviceTypeListID
constant	MTRClusterDescriptorAttributeFeatureMapID
constant	MTRClusterDescriptorAttributeGeneratedCommandListID
constant	MTRClusterDescriptorAttributePartsListID
constant	MTRClusterDescriptorAttributeServerListID
constant	MTRClusterDescriptorID
constant	MTRClusterDiagnosticLogsAttributeAcceptedCommandListID
constant	MTRClusterDiagnosticLogsAttributeAttributeListID
constant	MTRClusterDiagnosticLogsAttributeClusterRevisionID
constant	MTRClusterDiagnosticLogsAttributeFeatureMapID
constant	MTRClusterDiagnosticLogsAttributeGeneratedCommandListID
constant	MTRClusterDiagnosticLogsCommandRetrieveLogsRequestID
constant	MTRClusterDiagnosticLogsCommandRetrieveLogsResponseID
constant	MTRClusterDiagnosticLogsID
constant	MTRClusterDoorLockAttributeAcceptedCommandListID
constant	MTRClusterDoorLockAttributeActuatorEnabledID
constant	MTRClusterDoorLockAttributeAttributeListID
constant	MTRClusterDoorLockAttributeAutoRelockTimeID
constant	MTRClusterDoorLockAttributeClusterRevisionID
constant	MTRClusterDoorLockAttributeCredentialRulesSupportID
constant	MTRClusterDoorLockAttributeDefaultConfigurationRegisterID
constant	MTRClusterDoorLockAttributeDoorClosedEventsID
constant	MTRClusterDoorLockAttributeDoorOpenEventsID
constant	MTRClusterDoorLockAttributeDoorStateID
constant	MTRClusterDoorLockAttributeEnableInsideStatusLEDID
constant	MTRClusterDoorLockAttributeEnableLocalProgrammingID
constant	MTRClusterDoorLockAttributeEnableOneTouchLockingID
constant	MTRClusterDoorLockAttributeEnablePrivacyModeButtonID
constant	MTRClusterDoorLockAttributeExpiringUserTimeoutID
constant	MTRClusterDoorLockAttributeFeatureMapID
constant	MTRClusterDoorLockAttributeGeneratedCommandListID
constant	MTRClusterDoorLockAttributeLEDSettingsID
constant	MTRClusterDoorLockAttributeLanguageID
constant	MTRClusterDoorLockAttributeLocalProgrammingFeaturesID
constant	MTRClusterDoorLockAttributeLockStateID
constant	MTRClusterDoorLockAttributeLockTypeID
constant	MTRClusterDoorLockAttributeMaxPINCodeLengthID
constant	MTRClusterDoorLockAttributeMaxRFIDCodeLengthID
constant	MTRClusterDoorLockAttributeMinPINCodeLengthID
constant	MTRClusterDoorLockAttributeMinRFIDCodeLengthID
constant	MTRClusterDoorLockAttributeNumberOfCredentialsSupportedPerUserID
constant	MTRClusterDoorLockAttributeNumberOfHolidaySchedulesSupportedID
constant	MTRClusterDoorLockAttributeNumberOfPINUsersSupportedID
constant	MTRClusterDoorLockAttributeNumberOfRFIDUsersSupportedID
constant	MTRClusterDoorLockAttributeNumberOfTotalUsersSupportedID
constant	MTRClusterDoorLockAttributeNumberOfWeekDaySchedulesSupportedPerUserID
constant	MTRClusterDoorLockAttributeNumberOfYearDaySchedulesSupportedPerUserID
constant	MTRClusterDoorLockAttributeOpenPeriodID
constant	MTRClusterDoorLockAttributeOperatingModeID
constant	MTRClusterDoorLockAttributeRequirePINforRemoteOperationID
constant	MTRClusterDoorLockAttributeSendPINOverTheAirID
constant	MTRClusterDoorLockAttributeSoundVolumeID
constant	MTRClusterDoorLockAttributeSupportedOperatingModesID
constant	MTRClusterDoorLockAttributeUserCodeTemporaryDisableTimeID
constant	MTRClusterDoorLockAttributeWrongCodeEntryLimitID
constant	MTRClusterDoorLockCommandClearCredentialID
constant	MTRClusterDoorLockCommandClearHolidayScheduleID
constant	MTRClusterDoorLockCommandClearUserID
constant	MTRClusterDoorLockCommandClearWeekDayScheduleID
constant	MTRClusterDoorLockCommandClearYearDayScheduleID
constant	MTRClusterDoorLockCommandGetCredentialStatusID
constant	MTRClusterDoorLockCommandGetCredentialStatusResponseID
constant	MTRClusterDoorLockCommandGetHolidayScheduleID
constant	MTRClusterDoorLockCommandGetHolidayScheduleResponseID
constant	MTRClusterDoorLockCommandGetUserID
constant	MTRClusterDoorLockCommandGetUserResponseID
constant	MTRClusterDoorLockCommandGetWeekDayScheduleID
constant	MTRClusterDoorLockCommandGetWeekDayScheduleResponseID
constant	MTRClusterDoorLockCommandGetYearDayScheduleID
constant	MTRClusterDoorLockCommandGetYearDayScheduleResponseID
constant	MTRClusterDoorLockCommandLockDoorID
constant	MTRClusterDoorLockCommandSetCredentialID
constant	MTRClusterDoorLockCommandSetCredentialResponseID
constant	MTRClusterDoorLockCommandSetHolidayScheduleID
constant	MTRClusterDoorLockCommandSetUserID
constant	MTRClusterDoorLockCommandSetWeekDayScheduleID
constant	MTRClusterDoorLockCommandSetYearDayScheduleID
constant	MTRClusterDoorLockCommandUnlockDoorID
constant	MTRClusterDoorLockCommandUnlockWithTimeoutID
constant	MTRClusterDoorLockEventDoorLockAlarmID
constant	MTRClusterDoorLockEventDoorStateChangeID
constant	MTRClusterDoorLockEventLockOperationErrorID
constant	MTRClusterDoorLockEventLockOperationID
constant	MTRClusterDoorLockEventLockUserChangeID
constant	MTRClusterDoorLockID
constant	MTRClusterElectricalMeasurementAttributeAcActivePowerOverloadID
constant	MTRClusterElectricalMeasurementAttributeAcCurrentDivisorID
constant	MTRClusterElectricalMeasurementAttributeAcCurrentMultiplierID
constant	MTRClusterElectricalMeasurementAttributeAcCurrentOverloadID
constant	MTRClusterElectricalMeasurementAttributeAcFrequencyDivisorID
constant	MTRClusterElectricalMeasurementAttributeAcFrequencyID
constant	MTRClusterElectricalMeasurementAttributeAcFrequencyMaxID
constant	MTRClusterElectricalMeasurementAttributeAcFrequencyMinID
constant	MTRClusterElectricalMeasurementAttributeAcFrequencyMultiplierID
constant	MTRClusterElectricalMeasurementAttributeAcOverloadAlarmsMaskID
constant	MTRClusterElectricalMeasurementAttributeAcPowerDivisorID
constant	MTRClusterElectricalMeasurementAttributeAcPowerMultiplierID
constant	MTRClusterElectricalMeasurementAttributeAcReactivePowerOverloadID
constant	MTRClusterElectricalMeasurementAttributeAcVoltageDivisorID
constant	MTRClusterElectricalMeasurementAttributeAcVoltageMultiplierID
constant	MTRClusterElectricalMeasurementAttributeAcVoltageOverloadID
constant	MTRClusterElectricalMeasurementAttributeAcceptedCommandListID
constant	MTRClusterElectricalMeasurementAttributeActiveCurrentPhaseBID
constant	MTRClusterElectricalMeasurementAttributeActiveCurrentPhaseCID
constant	MTRClusterElectricalMeasurementAttributeActivePowerID
constant	MTRClusterElectricalMeasurementAttributeActivePowerMaxID
constant	MTRClusterElectricalMeasurementAttributeActivePowerMaxPhaseBID
constant	MTRClusterElectricalMeasurementAttributeActivePowerMaxPhaseCID
constant	MTRClusterElectricalMeasurementAttributeActivePowerMinID
constant	MTRClusterElectricalMeasurementAttributeActivePowerMinPhaseBID
constant	MTRClusterElectricalMeasurementAttributeActivePowerMinPhaseCID
constant	MTRClusterElectricalMeasurementAttributeActivePowerPhaseBID
constant	MTRClusterElectricalMeasurementAttributeActivePowerPhaseCID
constant	MTRClusterElectricalMeasurementAttributeApparentPowerID
constant	MTRClusterElectricalMeasurementAttributeApparentPowerPhaseBID
constant	MTRClusterElectricalMeasurementAttributeApparentPowerPhaseCID
constant	MTRClusterElectricalMeasurementAttributeAttributeListID
constant	MTRClusterElectricalMeasurementAttributeAverageRmsOverVoltageCounterPhaseBID
constant	MTRClusterElectricalMeasurementAttributeAverageRmsOverVoltageCounterPhaseCID
constant	MTRClusterElectricalMeasurementAttributeAverageRmsOverVoltageID
constant	MTRClusterElectricalMeasurementAttributeAverageRmsUnderVoltageCounterID
constant	MTRClusterElectricalMeasurementAttributeAverageRmsUnderVoltageCounterPhaseBID
constant	MTRClusterElectricalMeasurementAttributeAverageRmsUnderVoltageCounterPhaseCID
constant	MTRClusterElectricalMeasurementAttributeAverageRmsUnderVoltageID
constant	MTRClusterElectricalMeasurementAttributeAverageRmsVoltageMeasurementPeriodID
constant	MTRClusterElectricalMeasurementAttributeAverageRmsVoltageMeasurementPeriodPhaseBID
constant	MTRClusterElectricalMeasurementAttributeAverageRmsVoltageMeasurementPeriodPhaseCID
constant	MTRClusterElectricalMeasurementAttributeClusterRevisionID
constant	MTRClusterElectricalMeasurementAttributeCurrentOverloadID
constant	MTRClusterElectricalMeasurementAttributeDcCurrentDivisorID
constant	MTRClusterElectricalMeasurementAttributeDcCurrentID
constant	MTRClusterElectricalMeasurementAttributeDcCurrentMaxID
constant	MTRClusterElectricalMeasurementAttributeDcCurrentMinID
constant	MTRClusterElectricalMeasurementAttributeDcCurrentMultiplierID
constant	MTRClusterElectricalMeasurementAttributeDcPowerDivisorID
constant	MTRClusterElectricalMeasurementAttributeDcPowerID
constant	MTRClusterElectricalMeasurementAttributeDcPowerMaxID
constant	MTRClusterElectricalMeasurementAttributeDcPowerMinID
constant	MTRClusterElectricalMeasurementAttributeDcPowerMultiplierID
constant	MTRClusterElectricalMeasurementAttributeDcVoltageDivisorID
constant	MTRClusterElectricalMeasurementAttributeDcVoltageID
constant	MTRClusterElectricalMeasurementAttributeDcVoltageMaxID
constant	MTRClusterElectricalMeasurementAttributeDcVoltageMinID
constant	MTRClusterElectricalMeasurementAttributeDcVoltageMultiplierID
constant	MTRClusterElectricalMeasurementAttributeFeatureMapID
constant	MTRClusterElectricalMeasurementAttributeGeneratedCommandListID
constant	MTRClusterElectricalMeasurementAttributeHarmonicCurrentMultiplierID
constant	MTRClusterElectricalMeasurementAttributeInstantaneousActiveCurrentID
constant	MTRClusterElectricalMeasurementAttributeInstantaneousLineCurrentID
constant	MTRClusterElectricalMeasurementAttributeInstantaneousPowerID
constant	MTRClusterElectricalMeasurementAttributeInstantaneousReactiveCurrentID
constant	MTRClusterElectricalMeasurementAttributeInstantaneousVoltageID
constant	MTRClusterElectricalMeasurementAttributeLineCurrentPhaseBID
constant	MTRClusterElectricalMeasurementAttributeLineCurrentPhaseCID
constant	MTRClusterElectricalMeasurementAttributeMeasured11thHarmonicCurrentID
constant	MTRClusterElectricalMeasurementAttributeMeasured1stHarmonicCurrentID
constant	MTRClusterElectricalMeasurementAttributeMeasured3rdHarmonicCurrentID
constant	MTRClusterElectricalMeasurementAttributeMeasured5thHarmonicCurrentID
constant	MTRClusterElectricalMeasurementAttributeMeasured7thHarmonicCurrentID
constant	MTRClusterElectricalMeasurementAttributeMeasured9thHarmonicCurrentID
constant	MTRClusterElectricalMeasurementAttributeMeasuredPhase11thHarmonicCurrentID
constant	MTRClusterElectricalMeasurementAttributeMeasuredPhase1stHarmonicCurrentID
constant	MTRClusterElectricalMeasurementAttributeMeasuredPhase3rdHarmonicCurrentID
constant	MTRClusterElectricalMeasurementAttributeMeasuredPhase5thHarmonicCurrentID
constant	MTRClusterElectricalMeasurementAttributeMeasuredPhase7thHarmonicCurrentID
constant	MTRClusterElectricalMeasurementAttributeMeasuredPhase9thHarmonicCurrentID
constant	MTRClusterElectricalMeasurementAttributeMeasurementTypeID
constant	MTRClusterElectricalMeasurementAttributeNeutralCurrentID
constant	MTRClusterElectricalMeasurementAttributeOverloadAlarmsMaskID
constant	MTRClusterElectricalMeasurementAttributePhaseHarmonicCurrentMultiplierID
constant	MTRClusterElectricalMeasurementAttributePowerDivisorID
constant	MTRClusterElectricalMeasurementAttributePowerFactorID
constant	MTRClusterElectricalMeasurementAttributePowerFactorPhaseBID
constant	MTRClusterElectricalMeasurementAttributePowerFactorPhaseCID
constant	MTRClusterElectricalMeasurementAttributePowerMultiplierID
constant	MTRClusterElectricalMeasurementAttributeReactiveCurrentPhaseBID
constant	MTRClusterElectricalMeasurementAttributeReactiveCurrentPhaseCID
constant	MTRClusterElectricalMeasurementAttributeReactivePowerID
constant	MTRClusterElectricalMeasurementAttributeReactivePowerPhaseBID
constant	MTRClusterElectricalMeasurementAttributeReactivePowerPhaseCID
constant	MTRClusterElectricalMeasurementAttributeRmsCurrentID
constant	MTRClusterElectricalMeasurementAttributeRmsCurrentMaxID
constant	MTRClusterElectricalMeasurementAttributeRmsCurrentMaxPhaseBID
constant	MTRClusterElectricalMeasurementAttributeRmsCurrentMaxPhaseCID
constant	MTRClusterElectricalMeasurementAttributeRmsCurrentMinID
constant	MTRClusterElectricalMeasurementAttributeRmsCurrentMinPhaseBID
constant	MTRClusterElectricalMeasurementAttributeRmsCurrentMinPhaseCID
constant	MTRClusterElectricalMeasurementAttributeRmsCurrentPhaseBID
constant	MTRClusterElectricalMeasurementAttributeRmsCurrentPhaseCID
constant	MTRClusterElectricalMeasurementAttributeRmsExtremeOverVoltageID
constant	MTRClusterElectricalMeasurementAttributeRmsExtremeOverVoltagePeriodID
constant	MTRClusterElectricalMeasurementAttributeRmsExtremeOverVoltagePeriodPhaseBID
constant	MTRClusterElectricalMeasurementAttributeRmsExtremeOverVoltagePeriodPhaseCID
constant	MTRClusterElectricalMeasurementAttributeRmsExtremeUnderVoltageID
constant	MTRClusterElectricalMeasurementAttributeRmsExtremeUnderVoltagePeriodID
constant	MTRClusterElectricalMeasurementAttributeRmsExtremeUnderVoltagePeriodPhaseBID
constant	MTRClusterElectricalMeasurementAttributeRmsExtremeUnderVoltagePeriodPhaseCID
constant	MTRClusterElectricalMeasurementAttributeRmsVoltageID
constant	MTRClusterElectricalMeasurementAttributeRmsVoltageMaxID
constant	MTRClusterElectricalMeasurementAttributeRmsVoltageMaxPhaseBID
constant	MTRClusterElectricalMeasurementAttributeRmsVoltageMaxPhaseCID
constant	MTRClusterElectricalMeasurementAttributeRmsVoltageMinID
constant	MTRClusterElectricalMeasurementAttributeRmsVoltageMinPhaseBID
constant	MTRClusterElectricalMeasurementAttributeRmsVoltageMinPhaseCID
constant	MTRClusterElectricalMeasurementAttributeRmsVoltagePhaseBID
constant	MTRClusterElectricalMeasurementAttributeRmsVoltagePhaseCID
constant	MTRClusterElectricalMeasurementAttributeRmsVoltageSagID
constant	MTRClusterElectricalMeasurementAttributeRmsVoltageSagPeriodID
constant	MTRClusterElectricalMeasurementAttributeRmsVoltageSagPeriodPhaseBID
constant	MTRClusterElectricalMeasurementAttributeRmsVoltageSagPeriodPhaseCID
constant	MTRClusterElectricalMeasurementAttributeRmsVoltageSwellID
constant	MTRClusterElectricalMeasurementAttributeRmsVoltageSwellPeriodID
constant	MTRClusterElectricalMeasurementAttributeRmsVoltageSwellPeriodPhaseBID
constant	MTRClusterElectricalMeasurementAttributeRmsVoltageSwellPeriodPhaseCID
constant	MTRClusterElectricalMeasurementAttributeTotalActivePowerID
constant	MTRClusterElectricalMeasurementAttributeTotalApparentPowerID
constant	MTRClusterElectricalMeasurementAttributeTotalReactivePowerID
constant	MTRClusterElectricalMeasurementAttributeVoltageOverloadID
constant	MTRClusterElectricalMeasurementCommandGetMeasurementProfileCommandID
constant	MTRClusterElectricalMeasurementCommandGetMeasurementProfileResponseCommandID
constant	MTRClusterElectricalMeasurementCommandGetProfileInfoCommandID
constant	MTRClusterElectricalMeasurementCommandGetProfileInfoResponseCommandID
constant	MTRClusterElectricalMeasurementID
constant	MTRClusterEthernetNetworkDiagnosticsAttributeAcceptedCommandListID
constant	MTRClusterEthernetNetworkDiagnosticsAttributeAttributeListID
constant	MTRClusterEthernetNetworkDiagnosticsAttributeCarrierDetectID
constant	MTRClusterEthernetNetworkDiagnosticsAttributeClusterRevisionID
constant	MTRClusterEthernetNetworkDiagnosticsAttributeCollisionCountID
constant	MTRClusterEthernetNetworkDiagnosticsAttributeFeatureMapID
constant	MTRClusterEthernetNetworkDiagnosticsAttributeFullDuplexID
constant	MTRClusterEthernetNetworkDiagnosticsAttributeGeneratedCommandListID
constant	MTRClusterEthernetNetworkDiagnosticsAttributeOverrunCountID
constant	MTRClusterEthernetNetworkDiagnosticsAttributePHYRateID
constant	MTRClusterEthernetNetworkDiagnosticsAttributePacketRxCountID
constant	MTRClusterEthernetNetworkDiagnosticsAttributePacketTxCountID
constant	MTRClusterEthernetNetworkDiagnosticsAttributeTimeSinceResetID
constant	MTRClusterEthernetNetworkDiagnosticsAttributeTxErrCountID
constant	MTRClusterEthernetNetworkDiagnosticsCommandResetCountsID
constant	MTRClusterEthernetNetworkDiagnosticsID
constant	MTRClusterFanControlAttributeAcceptedCommandListID
constant	MTRClusterFanControlAttributeAttributeListID
constant	MTRClusterFanControlAttributeClusterRevisionID
constant	MTRClusterFanControlAttributeFanModeID
constant	MTRClusterFanControlAttributeFanModeSequenceID
constant	MTRClusterFanControlAttributeFeatureMapID
constant	MTRClusterFanControlAttributeGeneratedCommandListID
constant	MTRClusterFanControlAttributePercentCurrentID
constant	MTRClusterFanControlAttributePercentSettingID
constant	MTRClusterFanControlAttributeRockSettingID
constant	MTRClusterFanControlAttributeRockSupportID
constant	MTRClusterFanControlAttributeSpeedCurrentID
constant	MTRClusterFanControlAttributeSpeedMaxID
constant	MTRClusterFanControlAttributeSpeedSettingID
constant	MTRClusterFanControlAttributeWindSettingID
constant	MTRClusterFanControlAttributeWindSupportID
constant	MTRClusterFanControlID
constant	MTRClusterFixedLabelAttributeAcceptedCommandListID
constant	MTRClusterFixedLabelAttributeAttributeListID
constant	MTRClusterFixedLabelAttributeClusterRevisionID
constant	MTRClusterFixedLabelAttributeFeatureMapID
constant	MTRClusterFixedLabelAttributeGeneratedCommandListID
constant	MTRClusterFixedLabelAttributeLabelListID
constant	MTRClusterFixedLabelID
constant	MTRClusterFlowMeasurementAttributeAcceptedCommandListID
constant	MTRClusterFlowMeasurementAttributeAttributeListID
constant	MTRClusterFlowMeasurementAttributeClusterRevisionID
constant	MTRClusterFlowMeasurementAttributeFeatureMapID
constant	MTRClusterFlowMeasurementAttributeGeneratedCommandListID
constant	MTRClusterFlowMeasurementAttributeMaxMeasuredValueID
constant	MTRClusterFlowMeasurementAttributeMeasuredValueID
constant	MTRClusterFlowMeasurementAttributeMinMeasuredValueID
constant	MTRClusterFlowMeasurementAttributeToleranceID
constant	MTRClusterFlowMeasurementID
constant	MTRClusterGeneralCommissioningAttributeAcceptedCommandListID
constant	MTRClusterGeneralCommissioningAttributeAttributeListID
constant	MTRClusterGeneralCommissioningAttributeBasicCommissioningInfoID
constant	MTRClusterGeneralCommissioningAttributeBreadcrumbID
constant	MTRClusterGeneralCommissioningAttributeClusterRevisionID
constant	MTRClusterGeneralCommissioningAttributeFeatureMapID
constant	MTRClusterGeneralCommissioningAttributeGeneratedCommandListID
constant	MTRClusterGeneralCommissioningAttributeLocationCapabilityID
constant	MTRClusterGeneralCommissioningAttributeRegulatoryConfigID
constant	MTRClusterGeneralCommissioningAttributeSupportsConcurrentConnectionID
constant	MTRClusterGeneralCommissioningCommandArmFailSafeID
constant	MTRClusterGeneralCommissioningCommandArmFailSafeResponseID
constant	MTRClusterGeneralCommissioningCommandCommissioningCompleteID
constant	MTRClusterGeneralCommissioningCommandCommissioningCompleteResponseID
constant	MTRClusterGeneralCommissioningCommandSetRegulatoryConfigID
constant	MTRClusterGeneralCommissioningCommandSetRegulatoryConfigResponseID
constant	MTRClusterGeneralCommissioningID
constant	MTRClusterGeneralDiagnosticsAttributeAcceptedCommandListID
constant	MTRClusterGeneralDiagnosticsAttributeActiveHardwareFaultsID
constant	MTRClusterGeneralDiagnosticsAttributeActiveNetworkFaultsID
constant	MTRClusterGeneralDiagnosticsAttributeActiveRadioFaultsID
constant	MTRClusterGeneralDiagnosticsAttributeAttributeListID
constant	MTRClusterGeneralDiagnosticsAttributeBootReasonsID
constant	MTRClusterGeneralDiagnosticsAttributeClusterRevisionID
constant	MTRClusterGeneralDiagnosticsAttributeFeatureMapID
constant	MTRClusterGeneralDiagnosticsAttributeGeneratedCommandListID
constant	MTRClusterGeneralDiagnosticsAttributeNetworkInterfacesID
constant	MTRClusterGeneralDiagnosticsAttributeRebootCountID
constant	MTRClusterGeneralDiagnosticsAttributeTestEventTriggersEnabledID
constant	MTRClusterGeneralDiagnosticsAttributeTotalOperationalHoursID
constant	MTRClusterGeneralDiagnosticsAttributeUpTimeID
constant	MTRClusterGeneralDiagnosticsCommandTestEventTriggerID
constant	MTRClusterGeneralDiagnosticsEventBootReasonID
constant	MTRClusterGeneralDiagnosticsEventHardwareFaultChangeID
constant	MTRClusterGeneralDiagnosticsEventNetworkFaultChangeID
constant	MTRClusterGeneralDiagnosticsEventRadioFaultChangeID
constant	MTRClusterGeneralDiagnosticsID
constant	MTRClusterGlobalAttributeAcceptedCommandListID
constant	MTRClusterGlobalAttributeAttributeListID
constant	MTRClusterGlobalAttributeClusterRevisionID
constant	MTRClusterGlobalAttributeFeatureMapID
constant	MTRClusterGlobalAttributeGeneratedCommandListID
constant	MTRClusterGroupKeyManagementAttributeAcceptedCommandListID
constant	MTRClusterGroupKeyManagementAttributeAttributeListID
constant	MTRClusterGroupKeyManagementAttributeClusterRevisionID
constant	MTRClusterGroupKeyManagementAttributeFeatureMapID
constant	MTRClusterGroupKeyManagementAttributeGeneratedCommandListID
constant	MTRClusterGroupKeyManagementAttributeGroupKeyMapID
constant	MTRClusterGroupKeyManagementAttributeGroupTableID
constant	MTRClusterGroupKeyManagementAttributeMaxGroupKeysPerFabricID
constant	MTRClusterGroupKeyManagementAttributeMaxGroupsPerFabricID
constant	MTRClusterGroupKeyManagementCommandKeySetReadAllIndicesID
constant	MTRClusterGroupKeyManagementCommandKeySetReadAllIndicesResponseID
constant	MTRClusterGroupKeyManagementCommandKeySetReadID
constant	MTRClusterGroupKeyManagementCommandKeySetReadResponseID
constant	MTRClusterGroupKeyManagementCommandKeySetRemoveID
constant	MTRClusterGroupKeyManagementCommandKeySetWriteID
constant	MTRClusterGroupKeyManagementID
constant	MTRClusterGroupsAttributeAcceptedCommandListID
constant	MTRClusterGroupsAttributeAttributeListID
constant	MTRClusterGroupsAttributeClusterRevisionID
constant	MTRClusterGroupsAttributeFeatureMapID
constant	MTRClusterGroupsAttributeGeneratedCommandListID
constant	MTRClusterGroupsAttributeNameSupportID
constant	MTRClusterGroupsCommandAddGroupID
constant	MTRClusterGroupsCommandAddGroupIfIdentifyingID
constant	MTRClusterGroupsCommandAddGroupResponseID
constant	MTRClusterGroupsCommandGetGroupMembershipID
constant	MTRClusterGroupsCommandGetGroupMembershipResponseID
constant	MTRClusterGroupsCommandRemoveAllGroupsID
constant	MTRClusterGroupsCommandRemoveGroupID
constant	MTRClusterGroupsCommandRemoveGroupResponseID
constant	MTRClusterGroupsCommandViewGroupID
constant	MTRClusterGroupsCommandViewGroupResponseID
constant	MTRClusterGroupsID
constant	MTRClusterIDTypeAccessControlID
constant	MTRClusterIDTypeAccountLoginID
constant	MTRClusterIDTypeActionsID
constant	MTRClusterIDTypeActivatedCarbonFilterMonitoringID
constant	MTRClusterIDTypeAdministratorCommissioningID
constant	MTRClusterIDTypeAirQualityID
constant	MTRClusterIDTypeApplicationBasicID
constant	MTRClusterIDTypeApplicationLauncherID
constant	MTRClusterIDTypeAudioOutputID
constant	MTRClusterIDTypeBallastConfigurationID
constant	MTRClusterIDTypeBarrierControlID
constant	MTRClusterIDTypeBasicInformationID
constant	MTRClusterIDTypeBinaryInputBasicID
constant	MTRClusterIDTypeBindingID
constant	MTRClusterIDTypeBooleanStateConfigurationID
constant	MTRClusterIDTypeBooleanStateID
constant	MTRClusterIDTypeBridgedDeviceBasicInformationID
constant	MTRClusterIDTypeCarbonDioxideConcentrationMeasurementID
constant	MTRClusterIDTypeCarbonMonoxideConcentrationMeasurementID
constant	MTRClusterIDTypeChannelID
constant	MTRClusterIDTypeColorControlID
constant	MTRClusterIDTypeCommissionerControlID
constant	MTRClusterIDTypeContentAppObserverID
constant	MTRClusterIDTypeContentLauncherID
constant	MTRClusterIDTypeDescriptorID
constant	MTRClusterIDTypeDeviceEnergyManagementID
constant	MTRClusterIDTypeDeviceEnergyManagementModeID
constant	MTRClusterIDTypeDiagnosticLogsID
constant	MTRClusterIDTypeDishwasherAlarmID
constant	MTRClusterIDTypeDishwasherModeID
constant	MTRClusterIDTypeDoorLockID
constant	MTRClusterIDTypeElectricalEnergyMeasurementID
constant	MTRClusterIDTypeElectricalMeasurementID
constant	MTRClusterIDTypeElectricalPowerMeasurementID
constant	MTRClusterIDTypeEnergyEVSEID
constant	MTRClusterIDTypeEnergyEVSEModeID
constant	MTRClusterIDTypeEthernetNetworkDiagnosticsID
constant	MTRClusterIDTypeFanControlID
constant	MTRClusterIDTypeFixedLabelID
constant	MTRClusterIDTypeFlowMeasurementID
constant	MTRClusterIDTypeFormaldehydeConcentrationMeasurementID
constant	MTRClusterIDTypeGeneralCommissioningID
constant	MTRClusterIDTypeGeneralDiagnosticsID
constant	MTRClusterIDTypeGroupKeyManagementID
constant	MTRClusterIDTypeGroupsID
constant	MTRClusterIDTypeHEPAFilterMonitoringID
constant	MTRClusterIDTypeICDManagementID
constant	MTRClusterIDTypeIdentifyID
constant	MTRClusterIDTypeIlluminanceMeasurementID
constant	MTRClusterIDTypeKeypadInputID
constant	MTRClusterIDTypeLaundryDryerControlsID
constant	MTRClusterIDTypeLaundryWasherControlsID
constant	MTRClusterIDTypeLaundryWasherModeID
constant	MTRClusterIDTypeLevelControlID
constant	MTRClusterIDTypeLocalizationConfigurationID
constant	MTRClusterIDTypeLowPowerID
constant	MTRClusterIDTypeMediaInputID
constant	MTRClusterIDTypeMediaPlaybackID
constant	MTRClusterIDTypeMessagesID
constant	MTRClusterIDTypeMicrowaveOvenControlID
constant	MTRClusterIDTypeMicrowaveOvenModeID
constant	MTRClusterIDTypeModeSelectID
constant	MTRClusterIDTypeNetworkCommissioningID
constant	MTRClusterIDTypeNitrogenDioxideConcentrationMeasurementID
constant	MTRClusterIDTypeOTASoftwareUpdateProviderID
constant	MTRClusterIDTypeOTASoftwareUpdateRequestorID
constant	MTRClusterIDTypeOccupancySensingID
constant	MTRClusterIDTypeOnOffID
constant	MTRClusterIDTypeOnOffSwitchConfigurationID
constant	MTRClusterIDTypeOperationalCredentialsID
constant	MTRClusterIDTypeOperationalStateID
constant	MTRClusterIDTypeOvenCavityOperationalStateID
constant	MTRClusterIDTypeOvenModeID
constant	MTRClusterIDTypeOzoneConcentrationMeasurementID
constant	MTRClusterIDTypePM10ConcentrationMeasurementID
constant	MTRClusterIDTypePM1ConcentrationMeasurementID
constant	MTRClusterIDTypePM25ConcentrationMeasurementID
constant	MTRClusterIDTypePowerSourceConfigurationID
constant	MTRClusterIDTypePowerSourceID
constant	MTRClusterIDTypePowerTopologyID
constant	MTRClusterIDTypePressureMeasurementID
constant	MTRClusterIDTypePulseWidthModulationID
constant	MTRClusterIDTypePumpConfigurationAndControlID
constant	MTRClusterIDTypeRVCCleanModeID
constant	MTRClusterIDTypeRVCOperationalStateID
constant	MTRClusterIDTypeRVCRunModeID
constant	MTRClusterIDTypeRadonConcentrationMeasurementID
constant	MTRClusterIDTypeRefrigeratorAlarmID
constant	MTRClusterIDTypeRefrigeratorAndTemperatureControlledCabinetModeID
constant	MTRClusterIDTypeRelativeHumidityMeasurementID
constant	MTRClusterIDTypeServiceAreaID
constant	MTRClusterIDTypeSmokeCOAlarmID
constant	MTRClusterIDTypeSoftwareDiagnosticsID
constant	MTRClusterIDTypeSwitchID
constant	MTRClusterIDTypeTargetNavigatorID
constant	MTRClusterIDTypeTemperatureControlID
constant	MTRClusterIDTypeTemperatureMeasurementID
constant	MTRClusterIDTypeThermostatID
constant	MTRClusterIDTypeThermostatUserInterfaceConfigurationID
constant	MTRClusterIDTypeThreadBorderRouterManagementID
constant	MTRClusterIDTypeThreadNetworkDiagnosticsID
constant	MTRClusterIDTypeThreadNetworkDirectoryID
constant	MTRClusterIDTypeTimeFormatLocalizationID
constant	MTRClusterIDTypeTimeSynchronizationID
constant	MTRClusterIDTypeTotalVolatileOrganicCompoundsConcentrationMeasurementID
constant	MTRClusterIDTypeUnitLocalizationID
constant	MTRClusterIDTypeUnitTestingID
constant	MTRClusterIDTypeUserLabelID
constant	MTRClusterIDTypeValveConfigurationAndControlID
constant	MTRClusterIDTypeWakeOnLANID
constant	MTRClusterIDTypeWaterHeaterManagementID
constant	MTRClusterIDTypeWaterHeaterModeID
constant	MTRClusterIDTypeWiFiNetworkDiagnosticsID
constant	MTRClusterIDTypeWiFiNetworkManagementID
constant	MTRClusterIDTypeWindowCoveringID
constant	MTRClusterIdentifyAttributeAcceptedCommandListID
constant	MTRClusterIdentifyAttributeAttributeListID
constant	MTRClusterIdentifyAttributeClusterRevisionID
constant	MTRClusterIdentifyAttributeFeatureMapID
constant	MTRClusterIdentifyAttributeGeneratedCommandListID
constant	MTRClusterIdentifyAttributeIdentifyTimeID
constant	MTRClusterIdentifyAttributeIdentifyTypeID
constant	MTRClusterIdentifyCommandIdentifyID
constant	MTRClusterIdentifyCommandTriggerEffectID
constant	MTRClusterIdentifyID
constant	MTRClusterIlluminanceMeasurementAttributeAcceptedCommandListID
constant	MTRClusterIlluminanceMeasurementAttributeAttributeListID
constant	MTRClusterIlluminanceMeasurementAttributeClusterRevisionID
constant	MTRClusterIlluminanceMeasurementAttributeFeatureMapID
constant	MTRClusterIlluminanceMeasurementAttributeGeneratedCommandListID
constant	MTRClusterIlluminanceMeasurementAttributeLightSensorTypeID
constant	MTRClusterIlluminanceMeasurementAttributeMaxMeasuredValueID
constant	MTRClusterIlluminanceMeasurementAttributeMeasuredValueID
constant	MTRClusterIlluminanceMeasurementAttributeMinMeasuredValueID
constant	MTRClusterIlluminanceMeasurementAttributeToleranceID
constant	MTRClusterIlluminanceMeasurementID
constant	MTRClusterKeypadInputAttributeAcceptedCommandListID
constant	MTRClusterKeypadInputAttributeAttributeListID
constant	MTRClusterKeypadInputAttributeClusterRevisionID
constant	MTRClusterKeypadInputAttributeFeatureMapID
constant	MTRClusterKeypadInputAttributeGeneratedCommandListID
constant	MTRClusterKeypadInputCommandSendKeyID
constant	MTRClusterKeypadInputCommandSendKeyResponseID
constant	MTRClusterKeypadInputID
constant	MTRClusterLevelControlAttributeAcceptedCommandListID
constant	MTRClusterLevelControlAttributeAttributeListID
constant	MTRClusterLevelControlAttributeClusterRevisionID
constant	MTRClusterLevelControlAttributeCurrentFrequencyID
constant	MTRClusterLevelControlAttributeCurrentLevelID
constant	MTRClusterLevelControlAttributeDefaultMoveRateID
constant	MTRClusterLevelControlAttributeFeatureMapID
constant	MTRClusterLevelControlAttributeGeneratedCommandListID
constant	MTRClusterLevelControlAttributeMaxFrequencyID
constant	MTRClusterLevelControlAttributeMaxLevelID
constant	MTRClusterLevelControlAttributeMinFrequencyID
constant	MTRClusterLevelControlAttributeMinLevelID
constant	MTRClusterLevelControlAttributeOffTransitionTimeID
constant	MTRClusterLevelControlAttributeOnLevelID
constant	MTRClusterLevelControlAttributeOnOffTransitionTimeID
constant	MTRClusterLevelControlAttributeOnTransitionTimeID
constant	MTRClusterLevelControlAttributeOptionsID
constant	MTRClusterLevelControlAttributeRemainingTimeID
constant	MTRClusterLevelControlAttributeStartUpCurrentLevelID
constant	MTRClusterLevelControlCommandMoveID
constant	MTRClusterLevelControlCommandMoveToClosestFrequencyID
constant	MTRClusterLevelControlCommandMoveToLevelID
constant	MTRClusterLevelControlCommandMoveToLevelWithOnOffID
constant	MTRClusterLevelControlCommandMoveWithOnOffID
constant	MTRClusterLevelControlCommandStepID
constant	MTRClusterLevelControlCommandStepWithOnOffID
constant	MTRClusterLevelControlCommandStopID
constant	MTRClusterLevelControlCommandStopWithOnOffID
constant	MTRClusterLevelControlID
constant	MTRClusterLocalizationConfigurationAttributeAcceptedCommandListID
constant	MTRClusterLocalizationConfigurationAttributeActiveLocaleID
constant	MTRClusterLocalizationConfigurationAttributeAttributeListID
constant	MTRClusterLocalizationConfigurationAttributeClusterRevisionID
constant	MTRClusterLocalizationConfigurationAttributeFeatureMapID
constant	MTRClusterLocalizationConfigurationAttributeGeneratedCommandListID
constant	MTRClusterLocalizationConfigurationAttributeSupportedLocalesID
constant	MTRClusterLocalizationConfigurationID
constant	MTRClusterLowPowerAttributeAcceptedCommandListID
constant	MTRClusterLowPowerAttributeAttributeListID
constant	MTRClusterLowPowerAttributeClusterRevisionID
constant	MTRClusterLowPowerAttributeFeatureMapID
constant	MTRClusterLowPowerAttributeGeneratedCommandListID
constant	MTRClusterLowPowerCommandSleepID
constant	MTRClusterLowPowerID
constant	MTRClusterMediaInputAttributeAcceptedCommandListID
constant	MTRClusterMediaInputAttributeAttributeListID
constant	MTRClusterMediaInputAttributeClusterRevisionID
constant	MTRClusterMediaInputAttributeCurrentInputID
constant	MTRClusterMediaInputAttributeFeatureMapID
constant	MTRClusterMediaInputAttributeGeneratedCommandListID
constant	MTRClusterMediaInputAttributeInputListID
constant	MTRClusterMediaInputCommandHideInputStatusID
constant	MTRClusterMediaInputCommandRenameInputID
constant	MTRClusterMediaInputCommandSelectInputID
constant	MTRClusterMediaInputCommandShowInputStatusID
constant	MTRClusterMediaInputID
constant	MTRClusterMediaPlaybackAttributeAcceptedCommandListID
constant	MTRClusterMediaPlaybackAttributeAttributeListID
constant	MTRClusterMediaPlaybackAttributeClusterRevisionID
constant	MTRClusterMediaPlaybackAttributeCurrentStateID
constant	MTRClusterMediaPlaybackAttributeDurationID
constant	MTRClusterMediaPlaybackAttributeFeatureMapID
constant	MTRClusterMediaPlaybackAttributeGeneratedCommandListID
constant	MTRClusterMediaPlaybackAttributePlaybackSpeedID
constant	MTRClusterMediaPlaybackAttributeSampledPositionID
constant	MTRClusterMediaPlaybackAttributeSeekRangeEndID
constant	MTRClusterMediaPlaybackAttributeSeekRangeStartID
constant	MTRClusterMediaPlaybackAttributeStartTimeID
constant	MTRClusterMediaPlaybackCommandFastForwardID
constant	MTRClusterMediaPlaybackCommandNextID
constant	MTRClusterMediaPlaybackCommandPauseID
constant	MTRClusterMediaPlaybackCommandPlayID
constant	MTRClusterMediaPlaybackCommandPlaybackResponseID
constant	MTRClusterMediaPlaybackCommandPreviousID
constant	MTRClusterMediaPlaybackCommandRewindID
constant	MTRClusterMediaPlaybackCommandSeekID
constant	MTRClusterMediaPlaybackCommandSkipBackwardID
constant	MTRClusterMediaPlaybackCommandSkipForwardID
constant	MTRClusterMediaPlaybackCommandStartOverID
constant	MTRClusterMediaPlaybackCommandStopPlaybackID
constant	MTRClusterMediaPlaybackID
constant	MTRClusterModeSelectAttributeAcceptedCommandListID
constant	MTRClusterModeSelectAttributeAttributeListID
constant	MTRClusterModeSelectAttributeClusterRevisionID
constant	MTRClusterModeSelectAttributeCurrentModeID
constant	MTRClusterModeSelectAttributeDescriptionID
constant	MTRClusterModeSelectAttributeFeatureMapID
constant	MTRClusterModeSelectAttributeGeneratedCommandListID
constant	MTRClusterModeSelectAttributeOnModeID
constant	MTRClusterModeSelectAttributeStandardNamespaceID
constant	MTRClusterModeSelectAttributeStartUpModeID
constant	MTRClusterModeSelectAttributeSupportedModesID
constant	MTRClusterModeSelectCommandChangeToModeID
constant	MTRClusterModeSelectID
constant	MTRClusterNetworkCommissioningAttributeAcceptedCommandListID
constant	MTRClusterNetworkCommissioningAttributeAttributeListID
constant	MTRClusterNetworkCommissioningAttributeClusterRevisionID
constant	MTRClusterNetworkCommissioningAttributeConnectMaxTimeSecondsID
constant	MTRClusterNetworkCommissioningAttributeFeatureMapID
constant	MTRClusterNetworkCommissioningAttributeGeneratedCommandListID
constant	MTRClusterNetworkCommissioningAttributeInterfaceEnabledID
constant	MTRClusterNetworkCommissioningAttributeLastConnectErrorValueID
constant	MTRClusterNetworkCommissioningAttributeLastNetworkIDID
constant	MTRClusterNetworkCommissioningAttributeLastNetworkingStatusID
constant	MTRClusterNetworkCommissioningAttributeMaxNetworksID
constant	MTRClusterNetworkCommissioningAttributeNetworksID
constant	MTRClusterNetworkCommissioningAttributeScanMaxTimeSecondsID
constant	MTRClusterNetworkCommissioningCommandAddOrUpdateThreadNetworkID
constant	MTRClusterNetworkCommissioningCommandAddOrUpdateWiFiNetworkID
constant	MTRClusterNetworkCommissioningCommandConnectNetworkID
constant	MTRClusterNetworkCommissioningCommandConnectNetworkResponseID
constant	MTRClusterNetworkCommissioningCommandNetworkConfigResponseID
constant	MTRClusterNetworkCommissioningCommandRemoveNetworkID
constant	MTRClusterNetworkCommissioningCommandReorderNetworkID
constant	MTRClusterNetworkCommissioningCommandScanNetworksID
constant	MTRClusterNetworkCommissioningCommandScanNetworksResponseID
constant	MTRClusterNetworkCommissioningID
constant	MTRClusterOccupancySensingAttributeAcceptedCommandListID
constant	MTRClusterOccupancySensingAttributeAttributeListID
constant	MTRClusterOccupancySensingAttributeClusterRevisionID
constant	MTRClusterOccupancySensingAttributeFeatureMapID
constant	MTRClusterOccupancySensingAttributeGeneratedCommandListID
constant	MTRClusterOccupancySensingAttributeOccupancyID
constant	MTRClusterOccupancySensingAttributeOccupancySensorTypeBitmapID
constant	MTRClusterOccupancySensingAttributeOccupancySensorTypeID
constant	MTRClusterOccupancySensingAttributePhysicalContactOccupiedToUnoccupiedDelayID
constant	MTRClusterOccupancySensingAttributePhysicalContactUnoccupiedToOccupiedDelayID
constant	MTRClusterOccupancySensingAttributePhysicalContactUnoccupiedToOccupiedThresholdID
constant	MTRClusterOccupancySensingAttributePirOccupiedToUnoccupiedDelayID
constant	MTRClusterOccupancySensingAttributePirUnoccupiedToOccupiedDelayID
constant	MTRClusterOccupancySensingAttributePirUnoccupiedToOccupiedThresholdID
constant	MTRClusterOccupancySensingAttributeUltrasonicOccupiedToUnoccupiedDelayID
constant	MTRClusterOccupancySensingAttributeUltrasonicUnoccupiedToOccupiedDelayID
constant	MTRClusterOccupancySensingAttributeUltrasonicUnoccupiedToOccupiedThresholdID
constant	MTRClusterOccupancySensingID
constant	MTRClusterOnOffAttributeAcceptedCommandListID
constant	MTRClusterOnOffAttributeAttributeListID
constant	MTRClusterOnOffAttributeClusterRevisionID
constant	MTRClusterOnOffAttributeFeatureMapID
constant	MTRClusterOnOffAttributeGeneratedCommandListID
constant	MTRClusterOnOffAttributeGlobalSceneControlID
constant	MTRClusterOnOffAttributeOffWaitTimeID
constant	MTRClusterOnOffAttributeOnOffID
constant	MTRClusterOnOffAttributeOnTimeID
constant	MTRClusterOnOffAttributeStartUpOnOffID
constant	MTRClusterOnOffCommandOffID
constant	MTRClusterOnOffCommandOffWithEffectID
constant	MTRClusterOnOffCommandOnID
constant	MTRClusterOnOffCommandOnWithRecallGlobalSceneID
constant	MTRClusterOnOffCommandOnWithTimedOffID
constant	MTRClusterOnOffCommandToggleID
constant	MTRClusterOnOffID
constant	MTRClusterOnOffSwitchConfigurationAttributeAcceptedCommandListID
constant	MTRClusterOnOffSwitchConfigurationAttributeAttributeListID
constant	MTRClusterOnOffSwitchConfigurationAttributeClusterRevisionID
constant	MTRClusterOnOffSwitchConfigurationAttributeFeatureMapID
constant	MTRClusterOnOffSwitchConfigurationAttributeGeneratedCommandListID
constant	MTRClusterOnOffSwitchConfigurationAttributeSwitchActionsID
constant	MTRClusterOnOffSwitchConfigurationAttributeSwitchTypeID
constant	MTRClusterOnOffSwitchConfigurationID
constant	MTRClusterOperationalCredentialsAttributeAcceptedCommandListID
constant	MTRClusterOperationalCredentialsAttributeAttributeListID
constant	MTRClusterOperationalCredentialsAttributeClusterRevisionID
constant	MTRClusterOperationalCredentialsAttributeCommissionedFabricsID
constant	MTRClusterOperationalCredentialsAttributeCurrentFabricIndexID
constant	MTRClusterOperationalCredentialsAttributeFabricsID
constant	MTRClusterOperationalCredentialsAttributeFeatureMapID
constant	MTRClusterOperationalCredentialsAttributeGeneratedCommandListID
constant	MTRClusterOperationalCredentialsAttributeNOCsID
constant	MTRClusterOperationalCredentialsAttributeSupportedFabricsID
constant	MTRClusterOperationalCredentialsAttributeTrustedRootCertificatesID
constant	MTRClusterOperationalCredentialsCommandAddNOCID
constant	MTRClusterOperationalCredentialsCommandAddTrustedRootCertificateID
constant	MTRClusterOperationalCredentialsCommandAttestationRequestID
constant	MTRClusterOperationalCredentialsCommandAttestationResponseID
constant	MTRClusterOperationalCredentialsCommandCSRRequestID
constant	MTRClusterOperationalCredentialsCommandCSRResponseID
constant	MTRClusterOperationalCredentialsCommandCertificateChainRequestID
constant	MTRClusterOperationalCredentialsCommandCertificateChainResponseID
constant	MTRClusterOperationalCredentialsCommandNOCResponseID
constant	MTRClusterOperationalCredentialsCommandRemoveFabricID
constant	MTRClusterOperationalCredentialsCommandUpdateFabricLabelID
constant	MTRClusterOperationalCredentialsCommandUpdateNOCID
constant	MTRClusterOperationalCredentialsID
constant	MTRClusterOtaSoftwareUpdateProviderAttributeAcceptedCommandListID
constant	MTRClusterOtaSoftwareUpdateProviderAttributeAttributeListID
constant	MTRClusterOtaSoftwareUpdateProviderAttributeClusterRevisionID
constant	MTRClusterOtaSoftwareUpdateProviderAttributeFeatureMapID
constant	MTRClusterOtaSoftwareUpdateProviderAttributeGeneratedCommandListID
constant	MTRClusterOtaSoftwareUpdateProviderCommandApplyUpdateRequestID
constant	MTRClusterOtaSoftwareUpdateProviderCommandApplyUpdateResponseID
constant	MTRClusterOtaSoftwareUpdateProviderCommandNotifyUpdateAppliedID
constant	MTRClusterOtaSoftwareUpdateProviderCommandQueryImageID
constant	MTRClusterOtaSoftwareUpdateProviderCommandQueryImageResponseID
constant	MTRClusterOtaSoftwareUpdateProviderID
constant	MTRClusterOtaSoftwareUpdateRequestorAttributeAcceptedCommandListID
constant	MTRClusterOtaSoftwareUpdateRequestorAttributeAttributeListID
constant	MTRClusterOtaSoftwareUpdateRequestorAttributeClusterRevisionID
constant	MTRClusterOtaSoftwareUpdateRequestorAttributeDefaultOtaProvidersID
constant	MTRClusterOtaSoftwareUpdateRequestorAttributeFeatureMapID
constant	MTRClusterOtaSoftwareUpdateRequestorAttributeGeneratedCommandListID
constant	MTRClusterOtaSoftwareUpdateRequestorAttributeUpdatePossibleID
constant	MTRClusterOtaSoftwareUpdateRequestorAttributeUpdateStateID
constant	MTRClusterOtaSoftwareUpdateRequestorAttributeUpdateStateProgressID
constant	MTRClusterOtaSoftwareUpdateRequestorCommandAnnounceOtaProviderID
constant	MTRClusterOtaSoftwareUpdateRequestorEventDownloadErrorID
constant	MTRClusterOtaSoftwareUpdateRequestorEventStateTransitionID
constant	MTRClusterOtaSoftwareUpdateRequestorEventVersionAppliedID
constant	MTRClusterOtaSoftwareUpdateRequestorID
constant	MTRClusterPowerSourceAttributeAcceptedCommandListID
constant	MTRClusterPowerSourceAttributeActiveBatChargeFaultsID
constant	MTRClusterPowerSourceAttributeActiveBatFaultsID
constant	MTRClusterPowerSourceAttributeActiveWiredFaultsID
constant	MTRClusterPowerSourceAttributeAttributeListID
constant	MTRClusterPowerSourceAttributeBatANSIDesignationID
constant	MTRClusterPowerSourceAttributeBatApprovedChemistryID
constant	MTRClusterPowerSourceAttributeBatCapacityID
constant	MTRClusterPowerSourceAttributeBatChargeLevelID
constant	MTRClusterPowerSourceAttributeBatChargeStateID
constant	MTRClusterPowerSourceAttributeBatChargingCurrentID
constant	MTRClusterPowerSourceAttributeBatCommonDesignationID
constant	MTRClusterPowerSourceAttributeBatFunctionalWhileChargingID
constant	MTRClusterPowerSourceAttributeBatIECDesignationID
constant	MTRClusterPowerSourceAttributeBatPercentRemainingID
constant	MTRClusterPowerSourceAttributeBatPresentID
constant	MTRClusterPowerSourceAttributeBatQuantityID
constant	MTRClusterPowerSourceAttributeBatReplaceabilityID
constant	MTRClusterPowerSourceAttributeBatReplacementDescriptionID
constant	MTRClusterPowerSourceAttributeBatReplacementNeededID
constant	MTRClusterPowerSourceAttributeBatTimeRemainingID
constant	MTRClusterPowerSourceAttributeBatTimeToFullChargeID
constant	MTRClusterPowerSourceAttributeBatVoltageID
constant	MTRClusterPowerSourceAttributeClusterRevisionID
constant	MTRClusterPowerSourceAttributeDescriptionID
constant	MTRClusterPowerSourceAttributeFeatureMapID
constant	MTRClusterPowerSourceAttributeGeneratedCommandListID
constant	MTRClusterPowerSourceAttributeOrderID
constant	MTRClusterPowerSourceAttributeStatusID
constant	MTRClusterPowerSourceAttributeWiredAssessedCurrentID
constant	MTRClusterPowerSourceAttributeWiredAssessedInputFrequencyID
constant	MTRClusterPowerSourceAttributeWiredAssessedInputVoltageID
constant	MTRClusterPowerSourceAttributeWiredCurrentTypeID
constant	MTRClusterPowerSourceAttributeWiredMaximumCurrentID
constant	MTRClusterPowerSourceAttributeWiredNominalVoltageID
constant	MTRClusterPowerSourceAttributeWiredPresentID
constant	MTRClusterPowerSourceConfigurationAttributeAcceptedCommandListID
constant	MTRClusterPowerSourceConfigurationAttributeAttributeListID
constant	MTRClusterPowerSourceConfigurationAttributeClusterRevisionID
constant	MTRClusterPowerSourceConfigurationAttributeFeatureMapID
constant	MTRClusterPowerSourceConfigurationAttributeGeneratedCommandListID
constant	MTRClusterPowerSourceConfigurationAttributeSourcesID
constant	MTRClusterPowerSourceConfigurationID
constant	MTRClusterPowerSourceID
constant	MTRClusterPressureMeasurementAttributeAcceptedCommandListID
constant	MTRClusterPressureMeasurementAttributeAttributeListID
constant	MTRClusterPressureMeasurementAttributeClusterRevisionID
constant	MTRClusterPressureMeasurementAttributeFeatureMapID
constant	MTRClusterPressureMeasurementAttributeGeneratedCommandListID
constant	MTRClusterPressureMeasurementAttributeMaxMeasuredValueID
constant	MTRClusterPressureMeasurementAttributeMaxScaledValueID
constant	MTRClusterPressureMeasurementAttributeMeasuredValueID
constant	MTRClusterPressureMeasurementAttributeMinMeasuredValueID
constant	MTRClusterPressureMeasurementAttributeMinScaledValueID
constant	MTRClusterPressureMeasurementAttributeScaleID
constant	MTRClusterPressureMeasurementAttributeScaledToleranceID
constant	MTRClusterPressureMeasurementAttributeScaledValueID
constant	MTRClusterPressureMeasurementAttributeToleranceID
constant	MTRClusterPressureMeasurementID
constant	MTRClusterPulseWidthModulationAttributeAcceptedCommandListID
constant	MTRClusterPulseWidthModulationAttributeAttributeListID
constant	MTRClusterPulseWidthModulationAttributeClusterRevisionID
constant	MTRClusterPulseWidthModulationAttributeFeatureMapID
constant	MTRClusterPulseWidthModulationAttributeGeneratedCommandListID
constant	MTRClusterPulseWidthModulationID
constant	MTRClusterPumpConfigurationAndControlAttributeAcceptedCommandListID
constant	MTRClusterPumpConfigurationAndControlAttributeAttributeListID
constant	MTRClusterPumpConfigurationAndControlAttributeCapacityID
constant	MTRClusterPumpConfigurationAndControlAttributeClusterRevisionID
constant	MTRClusterPumpConfigurationAndControlAttributeControlModeID
constant	MTRClusterPumpConfigurationAndControlAttributeEffectiveControlModeID
constant	MTRClusterPumpConfigurationAndControlAttributeEffectiveOperationModeID
constant	MTRClusterPumpConfigurationAndControlAttributeFeatureMapID
constant	MTRClusterPumpConfigurationAndControlAttributeGeneratedCommandListID
constant	MTRClusterPumpConfigurationAndControlAttributeLifetimeEnergyConsumedID
constant	MTRClusterPumpConfigurationAndControlAttributeLifetimeRunningHoursID
constant	MTRClusterPumpConfigurationAndControlAttributeMaxCompPressureID
constant	MTRClusterPumpConfigurationAndControlAttributeMaxConstFlowID
constant	MTRClusterPumpConfigurationAndControlAttributeMaxConstPressureID
constant	MTRClusterPumpConfigurationAndControlAttributeMaxConstSpeedID
constant	MTRClusterPumpConfigurationAndControlAttributeMaxConstTempID
constant	MTRClusterPumpConfigurationAndControlAttributeMaxFlowID
constant	MTRClusterPumpConfigurationAndControlAttributeMaxPressureID
constant	MTRClusterPumpConfigurationAndControlAttributeMaxSpeedID
constant	MTRClusterPumpConfigurationAndControlAttributeMinCompPressureID
constant	MTRClusterPumpConfigurationAndControlAttributeMinConstFlowID
constant	MTRClusterPumpConfigurationAndControlAttributeMinConstPressureID
constant	MTRClusterPumpConfigurationAndControlAttributeMinConstSpeedID
constant	MTRClusterPumpConfigurationAndControlAttributeMinConstTempID
constant	MTRClusterPumpConfigurationAndControlAttributeOperationModeID
constant	MTRClusterPumpConfigurationAndControlAttributePowerID
constant	MTRClusterPumpConfigurationAndControlAttributePumpStatusID
constant	MTRClusterPumpConfigurationAndControlAttributeSpeedID
constant	MTRClusterPumpConfigurationAndControlEventAirDetectionID
constant	MTRClusterPumpConfigurationAndControlEventDryRunningID
constant	MTRClusterPumpConfigurationAndControlEventElectronicFatalFailureID
constant	MTRClusterPumpConfigurationAndControlEventElectronicNonFatalFailureID
constant	MTRClusterPumpConfigurationAndControlEventElectronicTemperatureHighID
constant	MTRClusterPumpConfigurationAndControlEventGeneralFaultID
constant	MTRClusterPumpConfigurationAndControlEventLeakageID
constant	MTRClusterPumpConfigurationAndControlEventMotorTemperatureHighID
constant	MTRClusterPumpConfigurationAndControlEventPowerMissingPhaseID
constant	MTRClusterPumpConfigurationAndControlEventPumpBlockedID
constant	MTRClusterPumpConfigurationAndControlEventPumpMotorFatalFailureID
constant	MTRClusterPumpConfigurationAndControlEventSensorFailureID
constant	MTRClusterPumpConfigurationAndControlEventSupplyVoltageHighID
constant	MTRClusterPumpConfigurationAndControlEventSupplyVoltageLowID
constant	MTRClusterPumpConfigurationAndControlEventSystemPressureHighID
constant	MTRClusterPumpConfigurationAndControlEventSystemPressureLowID
constant	MTRClusterPumpConfigurationAndControlEventTurbineOperationID
constant	MTRClusterPumpConfigurationAndControlID
constant	MTRClusterRelativeHumidityMeasurementAttributeAcceptedCommandListID
constant	MTRClusterRelativeHumidityMeasurementAttributeAttributeListID
constant	MTRClusterRelativeHumidityMeasurementAttributeClusterRevisionID
constant	MTRClusterRelativeHumidityMeasurementAttributeFeatureMapID
constant	MTRClusterRelativeHumidityMeasurementAttributeGeneratedCommandListID
constant	MTRClusterRelativeHumidityMeasurementAttributeMaxMeasuredValueID
constant	MTRClusterRelativeHumidityMeasurementAttributeMeasuredValueID
constant	MTRClusterRelativeHumidityMeasurementAttributeMinMeasuredValueID
constant	MTRClusterRelativeHumidityMeasurementAttributeToleranceID
constant	MTRClusterRelativeHumidityMeasurementID
constant	MTRClusterSoftwareDiagnosticsAttributeAcceptedCommandListID
constant	MTRClusterSoftwareDiagnosticsAttributeAttributeListID
constant	MTRClusterSoftwareDiagnosticsAttributeClusterRevisionID
constant	MTRClusterSoftwareDiagnosticsAttributeCurrentHeapFreeID
constant	MTRClusterSoftwareDiagnosticsAttributeCurrentHeapHighWatermarkID
constant	MTRClusterSoftwareDiagnosticsAttributeCurrentHeapUsedID
constant	MTRClusterSoftwareDiagnosticsAttributeFeatureMapID
constant	MTRClusterSoftwareDiagnosticsAttributeGeneratedCommandListID
constant	MTRClusterSoftwareDiagnosticsAttributeThreadMetricsID
constant	MTRClusterSoftwareDiagnosticsCommandResetWatermarksID
constant	MTRClusterSoftwareDiagnosticsEventSoftwareFaultID
constant	MTRClusterSoftwareDiagnosticsID
constant	MTRClusterSwitchAttributeAcceptedCommandListID
constant	MTRClusterSwitchAttributeAttributeListID
constant	MTRClusterSwitchAttributeClusterRevisionID
constant	MTRClusterSwitchAttributeCurrentPositionID
constant	MTRClusterSwitchAttributeFeatureMapID
constant	MTRClusterSwitchAttributeGeneratedCommandListID
constant	MTRClusterSwitchAttributeMultiPressMaxID
constant	MTRClusterSwitchAttributeNumberOfPositionsID
constant	MTRClusterSwitchEventInitialPressID
constant	MTRClusterSwitchEventLongPressID
constant	MTRClusterSwitchEventLongReleaseID
constant	MTRClusterSwitchEventMultiPressCompleteID
constant	MTRClusterSwitchEventMultiPressOngoingID
constant	MTRClusterSwitchEventShortReleaseID
constant	MTRClusterSwitchEventSwitchLatchedID
constant	MTRClusterSwitchID
constant	MTRClusterTargetNavigatorAttributeAcceptedCommandListID
constant	MTRClusterTargetNavigatorAttributeAttributeListID
constant	MTRClusterTargetNavigatorAttributeClusterRevisionID
constant	MTRClusterTargetNavigatorAttributeCurrentTargetID
constant	MTRClusterTargetNavigatorAttributeFeatureMapID
constant	MTRClusterTargetNavigatorAttributeGeneratedCommandListID
constant	MTRClusterTargetNavigatorAttributeTargetListID
constant	MTRClusterTargetNavigatorCommandNavigateTargetID
constant	MTRClusterTargetNavigatorCommandNavigateTargetResponseID
constant	MTRClusterTargetNavigatorID
constant	MTRClusterTemperatureMeasurementAttributeAcceptedCommandListID
constant	MTRClusterTemperatureMeasurementAttributeAttributeListID
constant	MTRClusterTemperatureMeasurementAttributeClusterRevisionID
constant	MTRClusterTemperatureMeasurementAttributeFeatureMapID
constant	MTRClusterTemperatureMeasurementAttributeGeneratedCommandListID
constant	MTRClusterTemperatureMeasurementAttributeMaxMeasuredValueID
constant	MTRClusterTemperatureMeasurementAttributeMeasuredValueID
constant	MTRClusterTemperatureMeasurementAttributeMinMeasuredValueID
constant	MTRClusterTemperatureMeasurementAttributeToleranceID
constant	MTRClusterTemperatureMeasurementID
constant	MTRClusterTestClusterAttributeAcceptedCommandListID
constant	MTRClusterTestClusterAttributeAttributeListID
constant	MTRClusterTestClusterAttributeBitmap16ID
constant	MTRClusterTestClusterAttributeBitmap32ID
constant	MTRClusterTestClusterAttributeBitmap64ID
constant	MTRClusterTestClusterAttributeBitmap8ID
constant	MTRClusterTestClusterAttributeBooleanID
constant	MTRClusterTestClusterAttributeCharStringID
constant	MTRClusterTestClusterAttributeClusterErrorBooleanID
constant	MTRClusterTestClusterAttributeClusterRevisionID
constant	MTRClusterTestClusterAttributeEnum16ID
constant	MTRClusterTestClusterAttributeEnum8ID
constant	MTRClusterTestClusterAttributeEnumAttrID
constant	MTRClusterTestClusterAttributeEpochSID
constant	MTRClusterTestClusterAttributeEpochUsID
constant	MTRClusterTestClusterAttributeFeatureMapID
constant	MTRClusterTestClusterAttributeFloatDoubleID
constant	MTRClusterTestClusterAttributeFloatSingleID
constant	MTRClusterTestClusterAttributeGeneralErrorBooleanID
constant	MTRClusterTestClusterAttributeGeneratedCommandListID
constant	MTRClusterTestClusterAttributeInt16sID
constant	MTRClusterTestClusterAttributeInt16uID
constant	MTRClusterTestClusterAttributeInt24sID
constant	MTRClusterTestClusterAttributeInt24uID
constant	MTRClusterTestClusterAttributeInt32sID
constant	MTRClusterTestClusterAttributeInt32uID
constant	MTRClusterTestClusterAttributeInt40sID
constant	MTRClusterTestClusterAttributeInt40uID
constant	MTRClusterTestClusterAttributeInt48sID
constant	MTRClusterTestClusterAttributeInt48uID
constant	MTRClusterTestClusterAttributeInt56sID
constant	MTRClusterTestClusterAttributeInt56uID
constant	MTRClusterTestClusterAttributeInt64sID
constant	MTRClusterTestClusterAttributeInt64uID
constant	MTRClusterTestClusterAttributeInt8sID
constant	MTRClusterTestClusterAttributeInt8uID
constant	MTRClusterTestClusterAttributeListFabricScopedID
constant	MTRClusterTestClusterAttributeListInt8uID
constant	MTRClusterTestClusterAttributeListLongOctetStringID
constant	MTRClusterTestClusterAttributeListNullablesAndOptionalsStructID
constant	MTRClusterTestClusterAttributeListOctetStringID
constant	MTRClusterTestClusterAttributeListStructOctetStringID
constant	MTRClusterTestClusterAttributeLongCharStringID
constant	MTRClusterTestClusterAttributeLongOctetStringID
constant	MTRClusterTestClusterAttributeNullableBitmap16ID
constant	MTRClusterTestClusterAttributeNullableBitmap32ID
constant	MTRClusterTestClusterAttributeNullableBitmap64ID
constant	MTRClusterTestClusterAttributeNullableBitmap8ID
constant	MTRClusterTestClusterAttributeNullableBooleanID
constant	MTRClusterTestClusterAttributeNullableCharStringID
constant	MTRClusterTestClusterAttributeNullableEnum16ID
constant	MTRClusterTestClusterAttributeNullableEnum8ID
constant	MTRClusterTestClusterAttributeNullableEnumAttrID
constant	MTRClusterTestClusterAttributeNullableFloatDoubleID
constant	MTRClusterTestClusterAttributeNullableFloatSingleID
constant	MTRClusterTestClusterAttributeNullableInt16sID
constant	MTRClusterTestClusterAttributeNullableInt16uID
constant	MTRClusterTestClusterAttributeNullableInt24sID
constant	MTRClusterTestClusterAttributeNullableInt24uID
constant	MTRClusterTestClusterAttributeNullableInt32sID
constant	MTRClusterTestClusterAttributeNullableInt32uID
constant	MTRClusterTestClusterAttributeNullableInt40sID
constant	MTRClusterTestClusterAttributeNullableInt40uID
constant	MTRClusterTestClusterAttributeNullableInt48sID
constant	MTRClusterTestClusterAttributeNullableInt48uID
constant	MTRClusterTestClusterAttributeNullableInt56sID
constant	MTRClusterTestClusterAttributeNullableInt56uID
constant	MTRClusterTestClusterAttributeNullableInt64sID
constant	MTRClusterTestClusterAttributeNullableInt64uID
constant	MTRClusterTestClusterAttributeNullableInt8sID
constant	MTRClusterTestClusterAttributeNullableInt8uID
constant	MTRClusterTestClusterAttributeNullableOctetStringID
constant	MTRClusterTestClusterAttributeNullableRangeRestrictedInt16sID
constant	MTRClusterTestClusterAttributeNullableRangeRestrictedInt16uID
constant	MTRClusterTestClusterAttributeNullableRangeRestrictedInt8sID
constant	MTRClusterTestClusterAttributeNullableRangeRestrictedInt8uID
constant	MTRClusterTestClusterAttributeNullableStructID
constant	MTRClusterTestClusterAttributeOctetStringID
constant	MTRClusterTestClusterAttributeRangeRestrictedInt16sID
constant	MTRClusterTestClusterAttributeRangeRestrictedInt16uID
constant	MTRClusterTestClusterAttributeRangeRestrictedInt8sID
constant	MTRClusterTestClusterAttributeRangeRestrictedInt8uID
constant	MTRClusterTestClusterAttributeStructAttrID
constant	MTRClusterTestClusterAttributeTimedWriteBooleanID
constant	MTRClusterTestClusterAttributeUnsupportedID
constant	MTRClusterTestClusterAttributeVendorIdID
constant	MTRClusterTestClusterAttributeWriteOnlyInt8uID
constant	MTRClusterTestClusterCommandBooleanResponseID
constant	MTRClusterTestClusterCommandSimpleStructEchoRequestID
constant	MTRClusterTestClusterCommandSimpleStructResponseID
constant	MTRClusterTestClusterCommandTestAddArgumentsID
constant	MTRClusterTestClusterCommandTestAddArgumentsResponseID
constant	MTRClusterTestClusterCommandTestComplexNullableOptionalRequestID
constant	MTRClusterTestClusterCommandTestComplexNullableOptionalResponseID
constant	MTRClusterTestClusterCommandTestEmitTestEventRequestID
constant	MTRClusterTestClusterCommandTestEmitTestEventResponseID
constant	MTRClusterTestClusterCommandTestEmitTestFabricScopedEventRequestID
constant	MTRClusterTestClusterCommandTestEmitTestFabricScopedEventResponseID
constant	MTRClusterTestClusterCommandTestEnumsRequestID
constant	MTRClusterTestClusterCommandTestEnumsResponseID
constant	MTRClusterTestClusterCommandTestID
constant	MTRClusterTestClusterCommandTestListInt8UArgumentRequestID
constant	MTRClusterTestClusterCommandTestListInt8UReverseRequestID
constant	MTRClusterTestClusterCommandTestListInt8UReverseResponseID
constant	MTRClusterTestClusterCommandTestListNestedStructListArgumentRequestID
constant	MTRClusterTestClusterCommandTestListStructArgumentRequestID
constant	MTRClusterTestClusterCommandTestNestedStructArgumentRequestID
constant	MTRClusterTestClusterCommandTestNestedStructListArgumentRequestID
constant	MTRClusterTestClusterCommandTestNotHandledID
constant	MTRClusterTestClusterCommandTestNullableOptionalRequestID
constant	MTRClusterTestClusterCommandTestNullableOptionalResponseID
constant	MTRClusterTestClusterCommandTestSimpleArgumentRequestID
constant	MTRClusterTestClusterCommandTestSimpleArgumentResponseID
constant	MTRClusterTestClusterCommandTestSimpleOptionalArgumentRequestID
constant	MTRClusterTestClusterCommandTestSpecificID
constant	MTRClusterTestClusterCommandTestSpecificResponseID
constant	MTRClusterTestClusterCommandTestStructArgumentRequestID
constant	MTRClusterTestClusterCommandTestStructArrayArgumentRequestID
constant	MTRClusterTestClusterCommandTestStructArrayArgumentResponseID
constant	MTRClusterTestClusterCommandTestUnknownCommandID
constant	MTRClusterTestClusterCommandTimedInvokeRequestID
constant	MTRClusterTestClusterEventTestEventID
constant	MTRClusterTestClusterEventTestFabricScopedEventID
constant	MTRClusterTestClusterID
constant	MTRClusterThermostatAttributeACCapacityID
constant	MTRClusterThermostatAttributeACCapacityformatID
constant	MTRClusterThermostatAttributeACCoilTemperatureID
constant	MTRClusterThermostatAttributeACCompressorTypeID
constant	MTRClusterThermostatAttributeACErrorCodeID
constant	MTRClusterThermostatAttributeACLouverPositionID
constant	MTRClusterThermostatAttributeACRefrigerantTypeID
constant	MTRClusterThermostatAttributeACTypeID
constant	MTRClusterThermostatAttributeAbsMaxCoolSetpointLimitID
constant	MTRClusterThermostatAttributeAbsMaxHeatSetpointLimitID
constant	MTRClusterThermostatAttributeAbsMinCoolSetpointLimitID
constant	MTRClusterThermostatAttributeAbsMinHeatSetpointLimitID
constant	MTRClusterThermostatAttributeAcceptedCommandListID
constant	MTRClusterThermostatAttributeAttributeListID
constant	MTRClusterThermostatAttributeClusterRevisionID
constant	MTRClusterThermostatAttributeControlSequenceOfOperationID
constant	MTRClusterThermostatAttributeEmergencyHeatDeltaID
constant	MTRClusterThermostatAttributeFeatureMapID
constant	MTRClusterThermostatAttributeGeneratedCommandListID
constant	MTRClusterThermostatAttributeHVACSystemTypeConfigurationID
constant	MTRClusterThermostatAttributeLocalTemperatureCalibrationID
constant	MTRClusterThermostatAttributeLocalTemperatureID
constant	MTRClusterThermostatAttributeMaxCoolSetpointLimitID
constant	MTRClusterThermostatAttributeMaxHeatSetpointLimitID
constant	MTRClusterThermostatAttributeMinCoolSetpointLimitID
constant	MTRClusterThermostatAttributeMinHeatSetpointLimitID
constant	MTRClusterThermostatAttributeMinSetpointDeadBandID
constant	MTRClusterThermostatAttributeNumberOfDailyTransitionsID
constant	MTRClusterThermostatAttributeNumberOfWeeklyTransitionsID
constant	MTRClusterThermostatAttributeOccupancyID
constant	MTRClusterThermostatAttributeOccupiedCoolingSetpointID
constant	MTRClusterThermostatAttributeOccupiedHeatingSetpointID
constant	MTRClusterThermostatAttributeOccupiedSetbackID
constant	MTRClusterThermostatAttributeOccupiedSetbackMaxID
constant	MTRClusterThermostatAttributeOccupiedSetbackMinID
constant	MTRClusterThermostatAttributeOutdoorTemperatureID
constant	MTRClusterThermostatAttributePICoolingDemandID
constant	MTRClusterThermostatAttributePIHeatingDemandID
constant	MTRClusterThermostatAttributeRemoteSensingID
constant	MTRClusterThermostatAttributeSetpointChangeAmountID
constant	MTRClusterThermostatAttributeSetpointChangeSourceID
constant	MTRClusterThermostatAttributeSetpointChangeSourceTimestampID
constant	MTRClusterThermostatAttributeStartOfWeekID
constant	MTRClusterThermostatAttributeSystemModeID
constant	MTRClusterThermostatAttributeTemperatureSetpointHoldDurationID
constant	MTRClusterThermostatAttributeTemperatureSetpointHoldID
constant	MTRClusterThermostatAttributeThermostatProgrammingOperationModeID
constant	MTRClusterThermostatAttributeThermostatRunningModeID
constant	MTRClusterThermostatAttributeThermostatRunningStateID
constant	MTRClusterThermostatAttributeUnoccupiedCoolingSetpointID
constant	MTRClusterThermostatAttributeUnoccupiedHeatingSetpointID
constant	MTRClusterThermostatAttributeUnoccupiedSetbackID
constant	MTRClusterThermostatAttributeUnoccupiedSetbackMaxID
constant	MTRClusterThermostatAttributeUnoccupiedSetbackMinID
constant	MTRClusterThermostatCommandClearWeeklyScheduleID
constant	MTRClusterThermostatCommandGetWeeklyScheduleID
constant	MTRClusterThermostatCommandGetWeeklyScheduleResponseID
constant	MTRClusterThermostatCommandSetWeeklyScheduleID
constant	MTRClusterThermostatCommandSetpointRaiseLowerID
constant	MTRClusterThermostatID
constant	MTRClusterThermostatUserInterfaceConfigurationAttributeAcceptedCommandListID
constant	MTRClusterThermostatUserInterfaceConfigurationAttributeAttributeListID
constant	MTRClusterThermostatUserInterfaceConfigurationAttributeClusterRevisionID
constant	MTRClusterThermostatUserInterfaceConfigurationAttributeFeatureMapID
constant	MTRClusterThermostatUserInterfaceConfigurationAttributeGeneratedCommandListID
constant	MTRClusterThermostatUserInterfaceConfigurationAttributeKeypadLockoutID
constant	MTRClusterThermostatUserInterfaceConfigurationAttributeScheduleProgrammingVisibilityID
constant	MTRClusterThermostatUserInterfaceConfigurationAttributeTemperatureDisplayModeID
constant	MTRClusterThermostatUserInterfaceConfigurationID
constant	MTRClusterThreadNetworkDiagnosticsAttributeAcceptedCommandListID
constant	MTRClusterThreadNetworkDiagnosticsAttributeActiveNetworkFaultsListID
constant	MTRClusterThreadNetworkDiagnosticsAttributeActiveTimestampID
constant	MTRClusterThreadNetworkDiagnosticsAttributeAttachAttemptCountID
constant	MTRClusterThreadNetworkDiagnosticsAttributeAttributeListID
constant	MTRClusterThreadNetworkDiagnosticsAttributeBetterPartitionAttachAttemptCountID
constant	MTRClusterThreadNetworkDiagnosticsAttributeChannelID
constant	MTRClusterThreadNetworkDiagnosticsAttributeChannelPage0MaskID
constant	MTRClusterThreadNetworkDiagnosticsAttributeChildRoleCountID
constant	MTRClusterThreadNetworkDiagnosticsAttributeClusterRevisionID
constant	MTRClusterThreadNetworkDiagnosticsAttributeDataVersionID
constant	MTRClusterThreadNetworkDiagnosticsAttributeDelayID
constant	MTRClusterThreadNetworkDiagnosticsAttributeDetachedRoleCountID
constant	MTRClusterThreadNetworkDiagnosticsAttributeExtendedPanIdID
constant	MTRClusterThreadNetworkDiagnosticsAttributeFeatureMapID
constant	MTRClusterThreadNetworkDiagnosticsAttributeGeneratedCommandListID
constant	MTRClusterThreadNetworkDiagnosticsAttributeLeaderRoleCountID
constant	MTRClusterThreadNetworkDiagnosticsAttributeLeaderRouterIdID
constant	MTRClusterThreadNetworkDiagnosticsAttributeMeshLocalPrefixID
constant	MTRClusterThreadNetworkDiagnosticsAttributeNeighborTableListID
constant	MTRClusterThreadNetworkDiagnosticsAttributeNetworkNameID
constant	MTRClusterThreadNetworkDiagnosticsAttributeOperationalDatasetComponentsID
constant	MTRClusterThreadNetworkDiagnosticsAttributeOverrunCountID
constant	MTRClusterThreadNetworkDiagnosticsAttributePanIdID
constant	MTRClusterThreadNetworkDiagnosticsAttributeParentChangeCountID
constant	MTRClusterThreadNetworkDiagnosticsAttributePartitionIdChangeCountID
constant	MTRClusterThreadNetworkDiagnosticsAttributePartitionIdID
constant	MTRClusterThreadNetworkDiagnosticsAttributePendingTimestampID
constant	MTRClusterThreadNetworkDiagnosticsAttributeRouteTableListID
constant	MTRClusterThreadNetworkDiagnosticsAttributeRouterRoleCountID
constant	MTRClusterThreadNetworkDiagnosticsAttributeRoutingRoleID
constant	MTRClusterThreadNetworkDiagnosticsAttributeRxAddressFilteredCountID
constant	MTRClusterThreadNetworkDiagnosticsAttributeRxBeaconCountID
constant	MTRClusterThreadNetworkDiagnosticsAttributeRxBeaconRequestCountID
constant	MTRClusterThreadNetworkDiagnosticsAttributeRxBroadcastCountID
constant	MTRClusterThreadNetworkDiagnosticsAttributeRxDataCountID
constant	MTRClusterThreadNetworkDiagnosticsAttributeRxDataPollCountID
constant	MTRClusterThreadNetworkDiagnosticsAttributeRxDestAddrFilteredCountID
constant	MTRClusterThreadNetworkDiagnosticsAttributeRxDuplicatedCountID
constant	MTRClusterThreadNetworkDiagnosticsAttributeRxErrFcsCountID
constant	MTRClusterThreadNetworkDiagnosticsAttributeRxErrInvalidSrcAddrCountID
constant	MTRClusterThreadNetworkDiagnosticsAttributeRxErrNoFrameCountID
constant	MTRClusterThreadNetworkDiagnosticsAttributeRxErrOtherCountID
constant	MTRClusterThreadNetworkDiagnosticsAttributeRxErrSecCountID
constant	MTRClusterThreadNetworkDiagnosticsAttributeRxErrUnknownNeighborCountID
constant	MTRClusterThreadNetworkDiagnosticsAttributeRxOtherCountID
constant	MTRClusterThreadNetworkDiagnosticsAttributeRxTotalCountID
constant	MTRClusterThreadNetworkDiagnosticsAttributeRxUnicastCountID
constant	MTRClusterThreadNetworkDiagnosticsAttributeSecurityPolicyID
constant	MTRClusterThreadNetworkDiagnosticsAttributeStableDataVersionID
constant	MTRClusterThreadNetworkDiagnosticsAttributeTxAckRequestedCountID
constant	MTRClusterThreadNetworkDiagnosticsAttributeTxAckedCountID
constant	MTRClusterThreadNetworkDiagnosticsAttributeTxBeaconCountID
constant	MTRClusterThreadNetworkDiagnosticsAttributeTxBeaconRequestCountID
constant	MTRClusterThreadNetworkDiagnosticsAttributeTxBroadcastCountID
constant	MTRClusterThreadNetworkDiagnosticsAttributeTxDataCountID
constant	MTRClusterThreadNetworkDiagnosticsAttributeTxDataPollCountID
constant	MTRClusterThreadNetworkDiagnosticsAttributeTxDirectMaxRetryExpiryCountID
constant	MTRClusterThreadNetworkDiagnosticsAttributeTxErrAbortCountID
constant	MTRClusterThreadNetworkDiagnosticsAttributeTxErrBusyChannelCountID
constant	MTRClusterThreadNetworkDiagnosticsAttributeTxErrCcaCountID
constant	MTRClusterThreadNetworkDiagnosticsAttributeTxIndirectMaxRetryExpiryCountID
constant	MTRClusterThreadNetworkDiagnosticsAttributeTxNoAckRequestedCountID
constant	MTRClusterThreadNetworkDiagnosticsAttributeTxOtherCountID
constant	MTRClusterThreadNetworkDiagnosticsAttributeTxRetryCountID
constant	MTRClusterThreadNetworkDiagnosticsAttributeTxTotalCountID
constant	MTRClusterThreadNetworkDiagnosticsAttributeTxUnicastCountID
constant	MTRClusterThreadNetworkDiagnosticsAttributeWeightingID
constant	MTRClusterThreadNetworkDiagnosticsCommandResetCountsID
constant	MTRClusterThreadNetworkDiagnosticsEventConnectionStatusID
constant	MTRClusterThreadNetworkDiagnosticsEventNetworkFaultChangeID
constant	MTRClusterThreadNetworkDiagnosticsID
constant	MTRClusterTimeFormatLocalizationAttributeAcceptedCommandListID
constant	MTRClusterTimeFormatLocalizationAttributeActiveCalendarTypeID
constant	MTRClusterTimeFormatLocalizationAttributeAttributeListID
constant	MTRClusterTimeFormatLocalizationAttributeClusterRevisionID
constant	MTRClusterTimeFormatLocalizationAttributeFeatureMapID
constant	MTRClusterTimeFormatLocalizationAttributeGeneratedCommandListID
constant	MTRClusterTimeFormatLocalizationAttributeHourFormatID
constant	MTRClusterTimeFormatLocalizationAttributeSupportedCalendarTypesID
constant	MTRClusterTimeFormatLocalizationID
constant	MTRClusterTimeSynchronizationAttributeAcceptedCommandListID
constant	MTRClusterTimeSynchronizationAttributeAttributeListID
constant	MTRClusterTimeSynchronizationAttributeClusterRevisionID
constant	MTRClusterTimeSynchronizationAttributeDefaultNtpID
constant	MTRClusterTimeSynchronizationAttributeDstOffsetID
constant	MTRClusterTimeSynchronizationAttributeFeatureMapID
constant	MTRClusterTimeSynchronizationAttributeGeneratedCommandListID
constant	MTRClusterTimeSynchronizationAttributeGranularityID
constant	MTRClusterTimeSynchronizationAttributeLocalTimeID
constant	MTRClusterTimeSynchronizationAttributeNtpServerPortID
constant	MTRClusterTimeSynchronizationAttributeTimeSourceID
constant	MTRClusterTimeSynchronizationAttributeTimeZoneDatabaseID
constant	MTRClusterTimeSynchronizationAttributeTimeZoneID
constant	MTRClusterTimeSynchronizationAttributeTrustedTimeNodeIdID
constant	MTRClusterTimeSynchronizationAttributeUTCTimeID
constant	MTRClusterTimeSynchronizationCommandSetUtcTimeID
constant	MTRClusterTimeSynchronizationID
constant	MTRClusterUnitLocalizationAttributeAcceptedCommandListID
constant	MTRClusterUnitLocalizationAttributeAttributeListID
constant	MTRClusterUnitLocalizationAttributeClusterRevisionID
constant	MTRClusterUnitLocalizationAttributeFeatureMapID
constant	MTRClusterUnitLocalizationAttributeGeneratedCommandListID
constant	MTRClusterUnitLocalizationAttributeTemperatureUnitID
constant	MTRClusterUnitLocalizationID
constant	MTRClusterUserLabelAttributeAcceptedCommandListID
constant	MTRClusterUserLabelAttributeAttributeListID
constant	MTRClusterUserLabelAttributeClusterRevisionID
constant	MTRClusterUserLabelAttributeFeatureMapID
constant	MTRClusterUserLabelAttributeGeneratedCommandListID
constant	MTRClusterUserLabelAttributeLabelListID
constant	MTRClusterUserLabelID
constant	MTRClusterWakeOnLanAttributeAcceptedCommandListID
constant	MTRClusterWakeOnLanAttributeAttributeListID
constant	MTRClusterWakeOnLanAttributeClusterRevisionID
constant	MTRClusterWakeOnLanAttributeFeatureMapID
constant	MTRClusterWakeOnLanAttributeGeneratedCommandListID
constant	MTRClusterWakeOnLanAttributeMACAddressID
constant	MTRClusterWakeOnLanID
constant	MTRClusterWiFiNetworkDiagnosticsAttributeAcceptedCommandListID
constant	MTRClusterWiFiNetworkDiagnosticsAttributeAttributeListID
constant	MTRClusterWiFiNetworkDiagnosticsAttributeBeaconLostCountID
constant	MTRClusterWiFiNetworkDiagnosticsAttributeBeaconRxCountID
constant	MTRClusterWiFiNetworkDiagnosticsAttributeBssidID
constant	MTRClusterWiFiNetworkDiagnosticsAttributeChannelNumberID
constant	MTRClusterWiFiNetworkDiagnosticsAttributeClusterRevisionID
constant	MTRClusterWiFiNetworkDiagnosticsAttributeCurrentMaxRateID
constant	MTRClusterWiFiNetworkDiagnosticsAttributeFeatureMapID
constant	MTRClusterWiFiNetworkDiagnosticsAttributeGeneratedCommandListID
constant	MTRClusterWiFiNetworkDiagnosticsAttributeOverrunCountID
constant	MTRClusterWiFiNetworkDiagnosticsAttributePacketMulticastRxCountID
constant	MTRClusterWiFiNetworkDiagnosticsAttributePacketMulticastTxCountID
constant	MTRClusterWiFiNetworkDiagnosticsAttributePacketUnicastRxCountID
constant	MTRClusterWiFiNetworkDiagnosticsAttributePacketUnicastTxCountID
constant	MTRClusterWiFiNetworkDiagnosticsAttributeRssiID
constant	MTRClusterWiFiNetworkDiagnosticsAttributeSecurityTypeID
constant	MTRClusterWiFiNetworkDiagnosticsAttributeWiFiVersionID
constant	MTRClusterWiFiNetworkDiagnosticsCommandResetCountsID
constant	MTRClusterWiFiNetworkDiagnosticsEventAssociationFailureID
constant	MTRClusterWiFiNetworkDiagnosticsEventConnectionStatusID
constant	MTRClusterWiFiNetworkDiagnosticsEventDisconnectionID
constant	MTRClusterWiFiNetworkDiagnosticsID
constant	MTRClusterWindowCoveringAttributeAcceptedCommandListID
constant	MTRClusterWindowCoveringAttributeAttributeListID
constant	MTRClusterWindowCoveringAttributeClusterRevisionID
constant	MTRClusterWindowCoveringAttributeConfigStatusID
constant	MTRClusterWindowCoveringAttributeCurrentPositionLiftID
constant	MTRClusterWindowCoveringAttributeCurrentPositionLiftPercent100thsID
constant	MTRClusterWindowCoveringAttributeCurrentPositionLiftPercentageID
constant	MTRClusterWindowCoveringAttributeCurrentPositionTiltID
constant	MTRClusterWindowCoveringAttributeCurrentPositionTiltPercent100thsID
constant	MTRClusterWindowCoveringAttributeCurrentPositionTiltPercentageID
constant	MTRClusterWindowCoveringAttributeEndProductTypeID
constant	MTRClusterWindowCoveringAttributeFeatureMapID
constant	MTRClusterWindowCoveringAttributeGeneratedCommandListID
constant	MTRClusterWindowCoveringAttributeInstalledClosedLimitLiftID
constant	MTRClusterWindowCoveringAttributeInstalledClosedLimitTiltID
constant	MTRClusterWindowCoveringAttributeInstalledOpenLimitLiftID
constant	MTRClusterWindowCoveringAttributeInstalledOpenLimitTiltID
constant	MTRClusterWindowCoveringAttributeModeID
constant	MTRClusterWindowCoveringAttributeNumberOfActuationsLiftID
constant	MTRClusterWindowCoveringAttributeNumberOfActuationsTiltID
constant	MTRClusterWindowCoveringAttributeOperationalStatusID
constant	MTRClusterWindowCoveringAttributePhysicalClosedLimitLiftID
constant	MTRClusterWindowCoveringAttributePhysicalClosedLimitTiltID
constant	MTRClusterWindowCoveringAttributeSafetyStatusID
constant	MTRClusterWindowCoveringAttributeTargetPositionLiftPercent100thsID
constant	MTRClusterWindowCoveringAttributeTargetPositionTiltPercent100thsID
constant	MTRClusterWindowCoveringAttributeTypeID
constant	MTRClusterWindowCoveringCommandDownOrCloseID
constant	MTRClusterWindowCoveringCommandGoToLiftPercentageID
constant	MTRClusterWindowCoveringCommandGoToLiftValueID
constant	MTRClusterWindowCoveringCommandGoToTiltPercentageID
constant	MTRClusterWindowCoveringCommandGoToTiltValueID
constant	MTRClusterWindowCoveringCommandStopMotionID
constant	MTRClusterWindowCoveringCommandUpOrOpenID
constant	MTRClusterWindowCoveringID
constant	MTRColorControlColorCapabilitiesBitmapColorLoop
constant	MTRColorControlColorCapabilitiesBitmapColorTemperature
constant	MTRColorControlColorCapabilitiesBitmapEnhancedHue
constant	MTRColorControlColorCapabilitiesBitmapHueSaturation
constant	MTRColorControlColorCapabilitiesBitmapXY
constant	MTRColorControlColorCapabilitiesColorLoopSupported
constant	MTRColorControlColorCapabilitiesColorTemperatureSupported
constant	MTRColorControlColorCapabilitiesEnhancedHueSupported
constant	MTRColorControlColorCapabilitiesHueSaturationSupported
constant	MTRColorControlColorCapabilitiesXYAttributesSupported
constant	MTRColorControlColorLoopActionActivateFromColorLoopStartEnhancedHue
constant	MTRColorControlColorLoopActionActivateFromEnhancedCurrentHue
constant	MTRColorControlColorLoopActionDeactivate
constant	MTRColorControlColorLoopDirectionDecrement
constant	MTRColorControlColorLoopDirectionDecrementHue
constant	MTRColorControlColorLoopDirectionIncrement
constant	MTRColorControlColorLoopDirectionIncrementHue
constant	MTRColorControlColorLoopUpdateFlagsUpdateAction
constant	MTRColorControlColorLoopUpdateFlagsUpdateDirection
constant	MTRColorControlColorLoopUpdateFlagsUpdateStartHue
constant	MTRColorControlColorLoopUpdateFlagsUpdateTime
constant	MTRColorControlColorModeColorTemperature
constant	MTRColorControlColorModeColorTemperatureMireds
constant	MTRColorControlColorModeCurrentHueAndCurrentSaturation
constant	MTRColorControlColorModeCurrentXAndCurrentY
constant	MTRColorControlDirectionDown
constant	MTRColorControlDirectionLongest
constant	MTRColorControlDirectionShortest
constant	MTRColorControlDirectionUp
constant	MTRColorControlDriftCompensationNone
constant	MTRColorControlDriftCompensationOpticalColorMonitoringAndFeedback
constant	MTRColorControlDriftCompensationOpticalLuminanceMonitoringAndFeedback
constant	MTRColorControlDriftCompensationOtherOrUnknown
constant	MTRColorControlDriftCompensationTemperatureMonitoring
constant	MTRColorControlEnhancedColorModeColorTemperatureMireds
constant	MTRColorControlEnhancedColorModeCurrentHueAndCurrentSaturation
constant	MTRColorControlEnhancedColorModeCurrentXAndCurrentY
constant	MTRColorControlEnhancedColorModeEnhancedCurrentHueAndCurrentSaturation
constant	MTRColorControlFeatureColorLoop
constant	MTRColorControlFeatureColorTemperature
constant	MTRColorControlFeatureEnhancedHue
constant	MTRColorControlFeatureHueAndSaturation
constant	MTRColorControlFeatureXY
constant	MTRColorControlHueDirectionDown
constant	MTRColorControlHueDirectionLongestDistance
constant	MTRColorControlHueDirectionShortestDistance
constant	MTRColorControlHueDirectionUp
constant	MTRColorControlHueMoveModeDown
constant	MTRColorControlHueMoveModeStop
constant	MTRColorControlHueMoveModeUp
constant	MTRColorControlHueStepModeDown
constant	MTRColorControlHueStepModeUp
constant	MTRColorControlMoveModeDown
constant	MTRColorControlMoveModeStop
constant	MTRColorControlMoveModeUp
constant	MTRColorControlOptionsBitmapExecuteIfOff
constant	MTRColorControlSaturationMoveModeDown
constant	MTRColorControlSaturationMoveModeStop
constant	MTRColorControlSaturationMoveModeUp
constant	MTRColorControlSaturationStepModeDown
constant	MTRColorControlSaturationStepModeUp
constant	MTRColorControlStepModeDown
constant	MTRColorControlStepModeUp
constant	MTRColorControlUpdateFlagsBitmapUpdateAction
constant	MTRColorControlUpdateFlagsBitmapUpdateDirection
constant	MTRColorControlUpdateFlagsBitmapUpdateStartHue
constant	MTRColorControlUpdateFlagsBitmapUpdateTime
constant	MTRCommandIDTypeClusterAccessControlCommandReviewFabricRestrictionsID
constant	MTRCommandIDTypeClusterAccessControlCommandReviewFabricRestrictionsResponseID
constant	MTRCommandIDTypeClusterAccountLoginCommandGetSetupPINID
constant	MTRCommandIDTypeClusterAccountLoginCommandGetSetupPINResponseID
constant	MTRCommandIDTypeClusterAccountLoginCommandLoginID
constant	MTRCommandIDTypeClusterAccountLoginCommandLogoutID
constant	MTRCommandIDTypeClusterActionsCommandDisableActionID
constant	MTRCommandIDTypeClusterActionsCommandDisableActionWithDurationID
constant	MTRCommandIDTypeClusterActionsCommandEnableActionID
constant	MTRCommandIDTypeClusterActionsCommandEnableActionWithDurationID
constant	MTRCommandIDTypeClusterActionsCommandInstantActionID
constant	MTRCommandIDTypeClusterActionsCommandInstantActionWithTransitionID
constant	MTRCommandIDTypeClusterActionsCommandPauseActionID
constant	MTRCommandIDTypeClusterActionsCommandPauseActionWithDurationID
constant	MTRCommandIDTypeClusterActionsCommandResumeActionID
constant	MTRCommandIDTypeClusterActionsCommandStartActionID
constant	MTRCommandIDTypeClusterActionsCommandStartActionWithDurationID
constant	MTRCommandIDTypeClusterActionsCommandStopActionID
constant	MTRCommandIDTypeClusterActivatedCarbonFilterMonitoringCommandResetConditionID
constant	MTRCommandIDTypeClusterAdministratorCommissioningCommandOpenBasicCommissioningWindowID
constant	MTRCommandIDTypeClusterAdministratorCommissioningCommandOpenCommissioningWindowID
constant	MTRCommandIDTypeClusterAdministratorCommissioningCommandRevokeCommissioningID
constant	MTRCommandIDTypeClusterApplicationLauncherCommandHideAppID
constant	MTRCommandIDTypeClusterApplicationLauncherCommandLaunchAppID
constant	MTRCommandIDTypeClusterApplicationLauncherCommandLauncherResponseID
constant	MTRCommandIDTypeClusterApplicationLauncherCommandStopAppID
constant	MTRCommandIDTypeClusterAudioOutputCommandRenameOutputID
constant	MTRCommandIDTypeClusterAudioOutputCommandSelectOutputID
constant	MTRCommandIDTypeClusterBarrierControlCommandBarrierControlGoToPercentID
constant	MTRCommandIDTypeClusterBarrierControlCommandBarrierControlStopID
constant	MTRCommandIDTypeClusterBooleanStateConfigurationCommandEnableDisableAlarmID
constant	MTRCommandIDTypeClusterBooleanStateConfigurationCommandSuppressAlarmID
constant	MTRCommandIDTypeClusterBridgedDeviceBasicInformationCommandKeepActiveID
constant	MTRCommandIDTypeClusterChannelCommandCancelRecordProgramID
constant	MTRCommandIDTypeClusterChannelCommandChangeChannelByNumberID
constant	MTRCommandIDTypeClusterChannelCommandChangeChannelID
constant	MTRCommandIDTypeClusterChannelCommandChangeChannelResponseID
constant	MTRCommandIDTypeClusterChannelCommandGetProgramGuideID
constant	MTRCommandIDTypeClusterChannelCommandProgramGuideResponseID
constant	MTRCommandIDTypeClusterChannelCommandRecordProgramID
constant	MTRCommandIDTypeClusterChannelCommandSkipChannelID
constant	MTRCommandIDTypeClusterColorControlCommandColorLoopSetID
constant	MTRCommandIDTypeClusterColorControlCommandEnhancedMoveHueID
constant	MTRCommandIDTypeClusterColorControlCommandEnhancedMoveToHueAndSaturationID
constant	MTRCommandIDTypeClusterColorControlCommandEnhancedMoveToHueID
constant	MTRCommandIDTypeClusterColorControlCommandEnhancedStepHueID
constant	MTRCommandIDTypeClusterColorControlCommandMoveColorID
constant	MTRCommandIDTypeClusterColorControlCommandMoveColorTemperatureID
constant	MTRCommandIDTypeClusterColorControlCommandMoveHueID
constant	MTRCommandIDTypeClusterColorControlCommandMoveSaturationID
constant	MTRCommandIDTypeClusterColorControlCommandMoveToColorID
constant	MTRCommandIDTypeClusterColorControlCommandMoveToColorTemperatureID
constant	MTRCommandIDTypeClusterColorControlCommandMoveToHueAndSaturationID
constant	MTRCommandIDTypeClusterColorControlCommandMoveToHueID
constant	MTRCommandIDTypeClusterColorControlCommandMoveToSaturationID
constant	MTRCommandIDTypeClusterColorControlCommandStepColorID
constant	MTRCommandIDTypeClusterColorControlCommandStepColorTemperatureID
constant	MTRCommandIDTypeClusterColorControlCommandStepHueID
constant	MTRCommandIDTypeClusterColorControlCommandStepSaturationID
constant	MTRCommandIDTypeClusterColorControlCommandStopMoveStepID
constant	MTRCommandIDTypeClusterCommissionerControlCommandCommissionNodeID
constant	MTRCommandIDTypeClusterCommissionerControlCommandRequestCommissioningApprovalID
constant	MTRCommandIDTypeClusterCommissionerControlCommandReverseOpenCommissioningWindowID
constant	MTRCommandIDTypeClusterContentAppObserverCommandContentAppMessageID
constant	MTRCommandIDTypeClusterContentAppObserverCommandContentAppMessageResponseID
constant	MTRCommandIDTypeClusterContentLauncherCommandLaunchContentID
constant	MTRCommandIDTypeClusterContentLauncherCommandLaunchURLID
constant	MTRCommandIDTypeClusterContentLauncherCommandLauncherResponseID
constant	MTRCommandIDTypeClusterDeviceEnergyManagementCommandCancelPowerAdjustRequestID
constant	MTRCommandIDTypeClusterDeviceEnergyManagementCommandCancelRequestID
constant	MTRCommandIDTypeClusterDeviceEnergyManagementCommandModifyForecastRequestID
constant	MTRCommandIDTypeClusterDeviceEnergyManagementCommandPauseRequestID
constant	MTRCommandIDTypeClusterDeviceEnergyManagementCommandPowerAdjustRequestID
constant	MTRCommandIDTypeClusterDeviceEnergyManagementCommandRequestConstraintBasedForecastID
constant	MTRCommandIDTypeClusterDeviceEnergyManagementCommandResumeRequestID
constant	MTRCommandIDTypeClusterDeviceEnergyManagementCommandStartTimeAdjustRequestID
constant	MTRCommandIDTypeClusterDeviceEnergyManagementModeCommandChangeToModeID
constant	MTRCommandIDTypeClusterDeviceEnergyManagementModeCommandChangeToModeResponseID
constant	MTRCommandIDTypeClusterDiagnosticLogsCommandRetrieveLogsRequestID
constant	MTRCommandIDTypeClusterDiagnosticLogsCommandRetrieveLogsResponseID
constant	MTRCommandIDTypeClusterDishwasherAlarmCommandModifyEnabledAlarmsID
constant	MTRCommandIDTypeClusterDishwasherAlarmCommandResetID
constant	MTRCommandIDTypeClusterDishwasherModeCommandChangeToModeID
constant	MTRCommandIDTypeClusterDishwasherModeCommandChangeToModeResponseID
constant	MTRCommandIDTypeClusterDoorLockCommandClearAliroReaderConfigID
constant	MTRCommandIDTypeClusterDoorLockCommandClearCredentialID
constant	MTRCommandIDTypeClusterDoorLockCommandClearHolidayScheduleID
constant	MTRCommandIDTypeClusterDoorLockCommandClearUserID
constant	MTRCommandIDTypeClusterDoorLockCommandClearWeekDayScheduleID
constant	MTRCommandIDTypeClusterDoorLockCommandClearYearDayScheduleID
constant	MTRCommandIDTypeClusterDoorLockCommandGetCredentialStatusID
constant	MTRCommandIDTypeClusterDoorLockCommandGetCredentialStatusResponseID
constant	MTRCommandIDTypeClusterDoorLockCommandGetHolidayScheduleID
constant	MTRCommandIDTypeClusterDoorLockCommandGetHolidayScheduleResponseID
constant	MTRCommandIDTypeClusterDoorLockCommandGetUserID
constant	MTRCommandIDTypeClusterDoorLockCommandGetUserResponseID
constant	MTRCommandIDTypeClusterDoorLockCommandGetWeekDayScheduleID
constant	MTRCommandIDTypeClusterDoorLockCommandGetWeekDayScheduleResponseID
constant	MTRCommandIDTypeClusterDoorLockCommandGetYearDayScheduleID
constant	MTRCommandIDTypeClusterDoorLockCommandGetYearDayScheduleResponseID
constant	MTRCommandIDTypeClusterDoorLockCommandLockDoorID
constant	MTRCommandIDTypeClusterDoorLockCommandSetAliroReaderConfigID
constant	MTRCommandIDTypeClusterDoorLockCommandSetCredentialID
constant	MTRCommandIDTypeClusterDoorLockCommandSetCredentialResponseID
constant	MTRCommandIDTypeClusterDoorLockCommandSetHolidayScheduleID
constant	MTRCommandIDTypeClusterDoorLockCommandSetUserID
constant	MTRCommandIDTypeClusterDoorLockCommandSetWeekDayScheduleID
constant	MTRCommandIDTypeClusterDoorLockCommandSetYearDayScheduleID
constant	MTRCommandIDTypeClusterDoorLockCommandUnboltDoorID
constant	MTRCommandIDTypeClusterDoorLockCommandUnlockDoorID
constant	MTRCommandIDTypeClusterDoorLockCommandUnlockWithTimeoutID
constant	MTRCommandIDTypeClusterElectricalMeasurementCommandGetMeasurementProfileCommandID
constant	MTRCommandIDTypeClusterElectricalMeasurementCommandGetMeasurementProfileResponseCommandID
constant	MTRCommandIDTypeClusterElectricalMeasurementCommandGetProfileInfoCommandID
constant	MTRCommandIDTypeClusterElectricalMeasurementCommandGetProfileInfoResponseCommandID
constant	MTRCommandIDTypeClusterEnergyEVSECommandClearTargetsID
constant	MTRCommandIDTypeClusterEnergyEVSECommandDisableID
constant	MTRCommandIDTypeClusterEnergyEVSECommandEnableChargingID
constant	MTRCommandIDTypeClusterEnergyEVSECommandGetTargetsID
constant	MTRCommandIDTypeClusterEnergyEVSECommandGetTargetsResponseID
constant	MTRCommandIDTypeClusterEnergyEVSECommandSetTargetsID
constant	MTRCommandIDTypeClusterEnergyEVSECommandStartDiagnosticsID
constant	MTRCommandIDTypeClusterEnergyEVSEModeCommandChangeToModeID
constant	MTRCommandIDTypeClusterEnergyEVSEModeCommandChangeToModeResponseID
constant	MTRCommandIDTypeClusterEthernetNetworkDiagnosticsCommandResetCountsID
constant	MTRCommandIDTypeClusterFanControlCommandStepID
constant	MTRCommandIDTypeClusterGeneralCommissioningCommandArmFailSafeID
constant	MTRCommandIDTypeClusterGeneralCommissioningCommandArmFailSafeResponseID
constant	MTRCommandIDTypeClusterGeneralCommissioningCommandCommissioningCompleteID
constant	MTRCommandIDTypeClusterGeneralCommissioningCommandCommissioningCompleteResponseID
constant	MTRCommandIDTypeClusterGeneralCommissioningCommandSetRegulatoryConfigID
constant	MTRCommandIDTypeClusterGeneralCommissioningCommandSetRegulatoryConfigResponseID
constant	MTRCommandIDTypeClusterGeneralDiagnosticsCommandPayloadTestRequestID
constant	MTRCommandIDTypeClusterGeneralDiagnosticsCommandPayloadTestResponseID
constant	MTRCommandIDTypeClusterGeneralDiagnosticsCommandTestEventTriggerID
constant	MTRCommandIDTypeClusterGeneralDiagnosticsCommandTimeSnapshotID
constant	MTRCommandIDTypeClusterGeneralDiagnosticsCommandTimeSnapshotResponseID
constant	MTRCommandIDTypeClusterGroupKeyManagementCommandKeySetReadAllIndicesID
constant	MTRCommandIDTypeClusterGroupKeyManagementCommandKeySetReadAllIndicesResponseID
constant	MTRCommandIDTypeClusterGroupKeyManagementCommandKeySetReadID
constant	MTRCommandIDTypeClusterGroupKeyManagementCommandKeySetReadResponseID
constant	MTRCommandIDTypeClusterGroupKeyManagementCommandKeySetRemoveID
constant	MTRCommandIDTypeClusterGroupKeyManagementCommandKeySetWriteID
constant	MTRCommandIDTypeClusterGroupsCommandAddGroupID
constant	MTRCommandIDTypeClusterGroupsCommandAddGroupIfIdentifyingID
constant	MTRCommandIDTypeClusterGroupsCommandAddGroupResponseID
constant	MTRCommandIDTypeClusterGroupsCommandGetGroupMembershipID
constant	MTRCommandIDTypeClusterGroupsCommandGetGroupMembershipResponseID
constant	MTRCommandIDTypeClusterGroupsCommandRemoveAllGroupsID
constant	MTRCommandIDTypeClusterGroupsCommandRemoveGroupID
constant	MTRCommandIDTypeClusterGroupsCommandRemoveGroupResponseID
constant	MTRCommandIDTypeClusterGroupsCommandViewGroupID
constant	MTRCommandIDTypeClusterGroupsCommandViewGroupResponseID
constant	MTRCommandIDTypeClusterHEPAFilterMonitoringCommandResetConditionID
constant	MTRCommandIDTypeClusterICDManagementCommandRegisterClientID
constant	MTRCommandIDTypeClusterICDManagementCommandRegisterClientResponseID
constant	MTRCommandIDTypeClusterICDManagementCommandStayActiveRequestID
constant	MTRCommandIDTypeClusterICDManagementCommandStayActiveResponseID
constant	MTRCommandIDTypeClusterICDManagementCommandUnregisterClientID
constant	MTRCommandIDTypeClusterIdentifyCommandIdentifyID
constant	MTRCommandIDTypeClusterIdentifyCommandTriggerEffectID
constant	MTRCommandIDTypeClusterKeypadInputCommandSendKeyID
constant	MTRCommandIDTypeClusterKeypadInputCommandSendKeyResponseID
constant	MTRCommandIDTypeClusterLaundryWasherModeCommandChangeToModeID
constant	MTRCommandIDTypeClusterLaundryWasherModeCommandChangeToModeResponseID
constant	MTRCommandIDTypeClusterLevelControlCommandMoveID
constant	MTRCommandIDTypeClusterLevelControlCommandMoveToClosestFrequencyID
constant	MTRCommandIDTypeClusterLevelControlCommandMoveToLevelID
constant	MTRCommandIDTypeClusterLevelControlCommandMoveToLevelWithOnOffID
constant	MTRCommandIDTypeClusterLevelControlCommandMoveWithOnOffID
constant	MTRCommandIDTypeClusterLevelControlCommandStepID
constant	MTRCommandIDTypeClusterLevelControlCommandStepWithOnOffID
constant	MTRCommandIDTypeClusterLevelControlCommandStopID
constant	MTRCommandIDTypeClusterLevelControlCommandStopWithOnOffID
constant	MTRCommandIDTypeClusterLowPowerCommandSleepID
constant	MTRCommandIDTypeClusterMediaInputCommandHideInputStatusID
constant	MTRCommandIDTypeClusterMediaInputCommandRenameInputID
constant	MTRCommandIDTypeClusterMediaInputCommandSelectInputID
constant	MTRCommandIDTypeClusterMediaInputCommandShowInputStatusID
constant	MTRCommandIDTypeClusterMediaPlaybackCommandActivateAudioTrackID
constant	MTRCommandIDTypeClusterMediaPlaybackCommandActivateTextTrackID
constant	MTRCommandIDTypeClusterMediaPlaybackCommandDeactivateTextTrackID
constant	MTRCommandIDTypeClusterMediaPlaybackCommandFastForwardID
constant	MTRCommandIDTypeClusterMediaPlaybackCommandNextID
constant	MTRCommandIDTypeClusterMediaPlaybackCommandPauseID
constant	MTRCommandIDTypeClusterMediaPlaybackCommandPlayID
constant	MTRCommandIDTypeClusterMediaPlaybackCommandPlaybackResponseID
constant	MTRCommandIDTypeClusterMediaPlaybackCommandPreviousID
constant	MTRCommandIDTypeClusterMediaPlaybackCommandRewindID
constant	MTRCommandIDTypeClusterMediaPlaybackCommandSeekID
constant	MTRCommandIDTypeClusterMediaPlaybackCommandSkipBackwardID
constant	MTRCommandIDTypeClusterMediaPlaybackCommandSkipForwardID
constant	MTRCommandIDTypeClusterMediaPlaybackCommandStartOverID
constant	MTRCommandIDTypeClusterMediaPlaybackCommandStopID
constant	MTRCommandIDTypeClusterMessagesCommandCancelMessagesRequestID
constant	MTRCommandIDTypeClusterMessagesCommandPresentMessagesRequestID
constant	MTRCommandIDTypeClusterMicrowaveOvenControlCommandAddMoreTimeID
constant	MTRCommandIDTypeClusterMicrowaveOvenControlCommandSetCookingParametersID
constant	MTRCommandIDTypeClusterModeSelectCommandChangeToModeID
constant	MTRCommandIDTypeClusterNetworkCommissioningCommandAddOrUpdateThreadNetworkID
constant	MTRCommandIDTypeClusterNetworkCommissioningCommandAddOrUpdateWiFiNetworkID
constant	MTRCommandIDTypeClusterNetworkCommissioningCommandConnectNetworkID
constant	MTRCommandIDTypeClusterNetworkCommissioningCommandConnectNetworkResponseID
constant	MTRCommandIDTypeClusterNetworkCommissioningCommandNetworkConfigResponseID
constant	MTRCommandIDTypeClusterNetworkCommissioningCommandRemoveNetworkID
constant	MTRCommandIDTypeClusterNetworkCommissioningCommandReorderNetworkID
constant	MTRCommandIDTypeClusterNetworkCommissioningCommandScanNetworksID
constant	MTRCommandIDTypeClusterNetworkCommissioningCommandScanNetworksResponseID
constant	MTRCommandIDTypeClusterOTASoftwareUpdateProviderCommandApplyUpdateRequestID
constant	MTRCommandIDTypeClusterOTASoftwareUpdateProviderCommandApplyUpdateResponseID
constant	MTRCommandIDTypeClusterOTASoftwareUpdateProviderCommandNotifyUpdateAppliedID
constant	MTRCommandIDTypeClusterOTASoftwareUpdateProviderCommandQueryImageID
constant	MTRCommandIDTypeClusterOTASoftwareUpdateProviderCommandQueryImageResponseID
constant	MTRCommandIDTypeClusterOTASoftwareUpdateRequestorCommandAnnounceOTAProviderID
constant	MTRCommandIDTypeClusterOnOffCommandOffID
constant	MTRCommandIDTypeClusterOnOffCommandOffWithEffectID
constant	MTRCommandIDTypeClusterOnOffCommandOnID
constant	MTRCommandIDTypeClusterOnOffCommandOnWithRecallGlobalSceneID
constant	MTRCommandIDTypeClusterOnOffCommandOnWithTimedOffID
constant	MTRCommandIDTypeClusterOnOffCommandToggleID
constant	MTRCommandIDTypeClusterOperationalCredentialsCommandAddNOCID
constant	MTRCommandIDTypeClusterOperationalCredentialsCommandAddTrustedRootCertificateID
constant	MTRCommandIDTypeClusterOperationalCredentialsCommandAttestationRequestID
constant	MTRCommandIDTypeClusterOperationalCredentialsCommandAttestationResponseID
constant	MTRCommandIDTypeClusterOperationalCredentialsCommandCSRRequestID
constant	MTRCommandIDTypeClusterOperationalCredentialsCommandCSRResponseID
constant	MTRCommandIDTypeClusterOperationalCredentialsCommandCertificateChainRequestID
constant	MTRCommandIDTypeClusterOperationalCredentialsCommandCertificateChainResponseID
constant	MTRCommandIDTypeClusterOperationalCredentialsCommandNOCResponseID
constant	MTRCommandIDTypeClusterOperationalCredentialsCommandRemoveFabricID
constant	MTRCommandIDTypeClusterOperationalCredentialsCommandUpdateFabricLabelID
constant	MTRCommandIDTypeClusterOperationalCredentialsCommandUpdateNOCID
constant	MTRCommandIDTypeClusterOperationalStateCommandOperationalCommandResponseID
constant	MTRCommandIDTypeClusterOperationalStateCommandPauseID
constant	MTRCommandIDTypeClusterOperationalStateCommandResumeID
constant	MTRCommandIDTypeClusterOperationalStateCommandStartID
constant	MTRCommandIDTypeClusterOperationalStateCommandStopID
constant	MTRCommandIDTypeClusterOvenCavityOperationalStateCommandOperationalCommandResponseID
constant	MTRCommandIDTypeClusterOvenCavityOperationalStateCommandStartID
constant	MTRCommandIDTypeClusterOvenCavityOperationalStateCommandStopID
constant	MTRCommandIDTypeClusterOvenModeCommandChangeToModeID
constant	MTRCommandIDTypeClusterOvenModeCommandChangeToModeResponseID
constant	MTRCommandIDTypeClusterRVCCleanModeCommandChangeToModeID
constant	MTRCommandIDTypeClusterRVCCleanModeCommandChangeToModeResponseID
constant	MTRCommandIDTypeClusterRVCOperationalStateCommandGoHomeID
constant	MTRCommandIDTypeClusterRVCOperationalStateCommandOperationalCommandResponseID
constant	MTRCommandIDTypeClusterRVCOperationalStateCommandPauseID
constant	MTRCommandIDTypeClusterRVCOperationalStateCommandResumeID
constant	MTRCommandIDTypeClusterRVCRunModeCommandChangeToModeID
constant	MTRCommandIDTypeClusterRVCRunModeCommandChangeToModeResponseID
constant	MTRCommandIDTypeClusterRefrigeratorAndTemperatureControlledCabinetModeCommandChangeToModeID
constant	MTRCommandIDTypeClusterRefrigeratorAndTemperatureControlledCabinetModeCommandChangeToModeResponseID
constant	MTRCommandIDTypeClusterServiceAreaCommandSelectAreasID
constant	MTRCommandIDTypeClusterServiceAreaCommandSelectAreasResponseID
constant	MTRCommandIDTypeClusterServiceAreaCommandSkipAreaID
constant	MTRCommandIDTypeClusterServiceAreaCommandSkipAreaResponseID
constant	MTRCommandIDTypeClusterSmokeCOAlarmCommandSelfTestRequestID
constant	MTRCommandIDTypeClusterSoftwareDiagnosticsCommandResetWatermarksID
constant	MTRCommandIDTypeClusterTargetNavigatorCommandNavigateTargetID
constant	MTRCommandIDTypeClusterTargetNavigatorCommandNavigateTargetResponseID
constant	MTRCommandIDTypeClusterTemperatureControlCommandSetTemperatureID
constant	MTRCommandIDTypeClusterThermostatCommandAtomicRequestID
constant	MTRCommandIDTypeClusterThermostatCommandAtomicResponseID
constant	MTRCommandIDTypeClusterThermostatCommandClearWeeklyScheduleID
constant	MTRCommandIDTypeClusterThermostatCommandGetWeeklyScheduleID
constant	MTRCommandIDTypeClusterThermostatCommandGetWeeklyScheduleResponseID
constant	MTRCommandIDTypeClusterThermostatCommandSetActivePresetRequestID
constant	MTRCommandIDTypeClusterThermostatCommandSetActiveScheduleRequestID
constant	MTRCommandIDTypeClusterThermostatCommandSetWeeklyScheduleID
constant	MTRCommandIDTypeClusterThermostatCommandSetpointRaiseLowerID
constant	MTRCommandIDTypeClusterThreadBorderRouterManagementCommandDatasetResponseID
constant	MTRCommandIDTypeClusterThreadBorderRouterManagementCommandGetActiveDatasetRequestID
constant	MTRCommandIDTypeClusterThreadBorderRouterManagementCommandGetPendingDatasetRequestID
constant	MTRCommandIDTypeClusterThreadBorderRouterManagementCommandSetActiveDatasetRequestID
constant	MTRCommandIDTypeClusterThreadBorderRouterManagementCommandSetPendingDatasetRequestID
constant	MTRCommandIDTypeClusterThreadNetworkDiagnosticsCommandResetCountsID
constant	MTRCommandIDTypeClusterThreadNetworkDirectoryCommandAddNetworkID
constant	MTRCommandIDTypeClusterThreadNetworkDirectoryCommandGetOperationalDatasetID
constant	MTRCommandIDTypeClusterThreadNetworkDirectoryCommandOperationalDatasetResponseID
constant	MTRCommandIDTypeClusterThreadNetworkDirectoryCommandRemoveNetworkID
constant	MTRCommandIDTypeClusterTimeSynchronizationCommandSetDSTOffsetID
constant	MTRCommandIDTypeClusterTimeSynchronizationCommandSetDefaultNTPID
constant	MTRCommandIDTypeClusterTimeSynchronizationCommandSetTimeZoneID
constant	MTRCommandIDTypeClusterTimeSynchronizationCommandSetTimeZoneResponseID
constant	MTRCommandIDTypeClusterTimeSynchronizationCommandSetTrustedTimeSourceID
constant	MTRCommandIDTypeClusterTimeSynchronizationCommandSetUTCTimeID
constant	MTRCommandIDTypeClusterTimeSynchronizationCommandSetUtcTimeID
constant	MTRCommandIDTypeClusterUnitTestingCommandBooleanResponseID
constant	MTRCommandIDTypeClusterUnitTestingCommandSimpleStructEchoRequestID
constant	MTRCommandIDTypeClusterUnitTestingCommandSimpleStructResponseID
constant	MTRCommandIDTypeClusterUnitTestingCommandTestAddArgumentsID
constant	MTRCommandIDTypeClusterUnitTestingCommandTestAddArgumentsResponseID
constant	MTRCommandIDTypeClusterUnitTestingCommandTestComplexNullableOptionalRequestID
constant	MTRCommandIDTypeClusterUnitTestingCommandTestComplexNullableOptionalResponseID
constant	MTRCommandIDTypeClusterUnitTestingCommandTestEmitTestEventRequestID
constant	MTRCommandIDTypeClusterUnitTestingCommandTestEmitTestEventResponseID
constant	MTRCommandIDTypeClusterUnitTestingCommandTestEmitTestFabricScopedEventRequestID
constant	MTRCommandIDTypeClusterUnitTestingCommandTestEmitTestFabricScopedEventResponseID
constant	MTRCommandIDTypeClusterUnitTestingCommandTestEnumsRequestID
constant	MTRCommandIDTypeClusterUnitTestingCommandTestEnumsResponseID
constant	MTRCommandIDTypeClusterUnitTestingCommandTestID
constant	MTRCommandIDTypeClusterUnitTestingCommandTestListInt8UArgumentRequestID
constant	MTRCommandIDTypeClusterUnitTestingCommandTestListInt8UReverseRequestID
constant	MTRCommandIDTypeClusterUnitTestingCommandTestListInt8UReverseResponseID
constant	MTRCommandIDTypeClusterUnitTestingCommandTestListNestedStructListArgumentRequestID
constant	MTRCommandIDTypeClusterUnitTestingCommandTestListStructArgumentRequestID
constant	MTRCommandIDTypeClusterUnitTestingCommandTestNestedStructArgumentRequestID
constant	MTRCommandIDTypeClusterUnitTestingCommandTestNestedStructListArgumentRequestID
constant	MTRCommandIDTypeClusterUnitTestingCommandTestNotHandledID
constant	MTRCommandIDTypeClusterUnitTestingCommandTestNullableOptionalRequestID
constant	MTRCommandIDTypeClusterUnitTestingCommandTestNullableOptionalResponseID
constant	MTRCommandIDTypeClusterUnitTestingCommandTestSimpleArgumentRequestID
constant	MTRCommandIDTypeClusterUnitTestingCommandTestSimpleArgumentResponseID
constant	MTRCommandIDTypeClusterUnitTestingCommandTestSimpleOptionalArgumentRequestID
constant	MTRCommandIDTypeClusterUnitTestingCommandTestSpecificID
constant	MTRCommandIDTypeClusterUnitTestingCommandTestSpecificResponseID
constant	MTRCommandIDTypeClusterUnitTestingCommandTestStructArgumentRequestID
constant	MTRCommandIDTypeClusterUnitTestingCommandTestStructArrayArgumentRequestID
constant	MTRCommandIDTypeClusterUnitTestingCommandTestStructArrayArgumentResponseID
constant	MTRCommandIDTypeClusterUnitTestingCommandTestUnknownCommandID
constant	MTRCommandIDTypeClusterUnitTestingCommandTimedInvokeRequestID
constant	MTRCommandIDTypeClusterValveConfigurationAndControlCommandCloseID
constant	MTRCommandIDTypeClusterValveConfigurationAndControlCommandOpenID
constant	MTRCommandIDTypeClusterWaterHeaterManagementCommandBoostID
constant	MTRCommandIDTypeClusterWaterHeaterManagementCommandCancelBoostID
constant	MTRCommandIDTypeClusterWaterHeaterModeCommandChangeToModeID
constant	MTRCommandIDTypeClusterWaterHeaterModeCommandChangeToModeResponseID
constant	MTRCommandIDTypeClusterWiFiNetworkDiagnosticsCommandResetCountsID
constant	MTRCommandIDTypeClusterWiFiNetworkManagementCommandNetworkPassphraseRequestID
constant	MTRCommandIDTypeClusterWiFiNetworkManagementCommandNetworkPassphraseResponseID
constant	MTRCommandIDTypeClusterWindowCoveringCommandDownOrCloseID
constant	MTRCommandIDTypeClusterWindowCoveringCommandGoToLiftPercentageID
constant	MTRCommandIDTypeClusterWindowCoveringCommandGoToLiftValueID
constant	MTRCommandIDTypeClusterWindowCoveringCommandGoToTiltPercentageID
constant	MTRCommandIDTypeClusterWindowCoveringCommandGoToTiltValueID
constant	MTRCommandIDTypeClusterWindowCoveringCommandStopMotionID
constant	MTRCommandIDTypeClusterWindowCoveringCommandUpOrOpenID
constant	MTRCommissionerControlSupportedDeviceCategoryBitmapFabricSynchronization
constant	MTRCommissioningFlowCustom
constant	MTRCommissioningFlowInvalid
constant	MTRCommissioningFlowStandard
constant	MTRCommissioningFlowUserActionRequired
constant	MTRCommissioningStatusDiscoveringMoreDevices
constant	MTRCommissioningStatusFailed
constant	MTRCommissioningStatusSuccess
constant	MTRCommissioningStatusUnknown
constant	MTRContentAppObserverStatusSuccess
constant	MTRContentAppObserverStatusUnexpectedData
constant	MTRContentLauncherContentLaunchStatusAuthFailed
constant	MTRContentLauncherContentLaunchStatusSuccess
constant	MTRContentLauncherContentLaunchStatusUrlNotAvailable
constant	MTRContentLauncherFeatureAdvancedSeek
constant	MTRContentLauncherFeatureAudioTracks
constant	MTRContentLauncherFeatureContentSearch
constant	MTRContentLauncherFeatureTextTracks
constant	MTRContentLauncherFeatureURLPlayback
constant	MTRContentLauncherMetricTypePERCENTAGE
constant	MTRContentLauncherMetricTypePIXELS
constant	MTRContentLauncherMetricTypePercentage
constant	MTRContentLauncherMetricTypePixels
constant	MTRContentLauncherParameterActor
constant	MTRContentLauncherParameterAny
constant	MTRContentLauncherParameterChannel
constant	MTRContentLauncherParameterCharacter
constant	MTRContentLauncherParameterDirector
constant	MTRContentLauncherParameterEpisode
constant	MTRContentLauncherParameterEvent
constant	MTRContentLauncherParameterFranchise
constant	MTRContentLauncherParameterGenre
constant	MTRContentLauncherParameterLeague
constant	MTRContentLauncherParameterPopularity
constant	MTRContentLauncherParameterProvider
constant	MTRContentLauncherParameterSeason
constant	MTRContentLauncherParameterSport
constant	MTRContentLauncherParameterSportsTeam
constant	MTRContentLauncherParameterType
constant	MTRContentLauncherParameterVideo
constant	MTRContentLauncherStatusAudioTrackNotAvailable
constant	MTRContentLauncherStatusAuthFailed
constant	MTRContentLauncherStatusSuccess
constant	MTRContentLauncherStatusTextTrackNotAvailable
constant	MTRContentLauncherStatusURLNotAvailable
constant	MTRContentLauncherSupportedProtocolsBitmapDASH
constant	MTRContentLauncherSupportedProtocolsBitmapHLS
constant	MTRContentLauncherSupportedStreamingProtocolDASH
constant	MTRContentLauncherSupportedStreamingProtocolHLS
constant	MTRDataTypeAtomicRequestTypeEnumBeginWrite
constant	MTRDataTypeAtomicRequestTypeEnumCommitWrite
constant	MTRDataTypeAtomicRequestTypeEnumRollbackWrite
constant	MTRDataTypeLandmarkTagAirConditioner
constant	MTRDataTypeLandmarkTagAirPurifier
constant	MTRDataTypeLandmarkTagBackDoor
constant	MTRDataTypeLandmarkTagBarStool
constant	MTRDataTypeLandmarkTagBathMat
constant	MTRDataTypeLandmarkTagBathtub
constant	MTRDataTypeLandmarkTagBed
constant	MTRDataTypeLandmarkTagBookshelf
constant	MTRDataTypeLandmarkTagChair
constant	MTRDataTypeLandmarkTagChristmasTree
constant	MTRDataTypeLandmarkTagCoatRack
constant	MTRDataTypeLandmarkTagCoffeeTable
constant	MTRDataTypeLandmarkTagCookingRange
constant	MTRDataTypeLandmarkTagCouch
constant	MTRDataTypeLandmarkTagCountertop
constant	MTRDataTypeLandmarkTagCradle
constant	MTRDataTypeLandmarkTagCrib
constant	MTRDataTypeLandmarkTagDesk
constant	MTRDataTypeLandmarkTagDiningTable
constant	MTRDataTypeLandmarkTagDishwasher
constant	MTRDataTypeLandmarkTagDoor
constant	MTRDataTypeLandmarkTagDresser
constant	MTRDataTypeLandmarkTagFan
constant	MTRDataTypeLandmarkTagFireplace
constant	MTRDataTypeLandmarkTagFreezer
constant	MTRDataTypeLandmarkTagFrontDoor
constant	MTRDataTypeLandmarkTagHighChair
constant	MTRDataTypeLandmarkTagKitchenIsland
constant	MTRDataTypeLandmarkTagLamp
constant	MTRDataTypeLandmarkTagLaundryDryer
constant	MTRDataTypeLandmarkTagLaundryWasher
constant	MTRDataTypeLandmarkTagLitterBox
constant	MTRDataTypeLandmarkTagMirror
constant	MTRDataTypeLandmarkTagNightstand
constant	MTRDataTypeLandmarkTagOven
constant	MTRDataTypeLandmarkTagPetBed
constant	MTRDataTypeLandmarkTagPetBowl
constant	MTRDataTypeLandmarkTagPetCrate
constant	MTRDataTypeLandmarkTagRefrigerator
constant	MTRDataTypeLandmarkTagScratchingPost
constant	MTRDataTypeLandmarkTagShoeRack
constant	MTRDataTypeLandmarkTagShower
constant	MTRDataTypeLandmarkTagSideDoor
constant	MTRDataTypeLandmarkTagSink
constant	MTRDataTypeLandmarkTagSofa
constant	MTRDataTypeLandmarkTagStove
constant	MTRDataTypeLandmarkTagTable
constant	MTRDataTypeLandmarkTagToilet
constant	MTRDataTypeLandmarkTagTrashCan
constant	MTRDataTypeLandmarkTagWindow
constant	MTRDataTypeLandmarkTagWineCooler
constant	MTRDataTypePositionTagBottom
constant	MTRDataTypePositionTagColumn
constant	MTRDataTypePositionTagLeft
constant	MTRDataTypePositionTagMiddle
constant	MTRDataTypePositionTagRight
constant	MTRDataTypePositionTagRow
constant	MTRDataTypePositionTagTop
constant	MTRDataTypeRelativePositionTagAbove
constant	MTRDataTypeRelativePositionTagAround
constant	MTRDataTypeRelativePositionTagBehind
constant	MTRDataTypeRelativePositionTagFrontOf
constant	MTRDataTypeRelativePositionTagNextTo
constant	MTRDataTypeRelativePositionTagOn
constant	MTRDataTypeRelativePositionTagUnder
constant	MTRDeviceEnergyManagementAdjustmentCauseGridOptimization
constant	MTRDeviceEnergyManagementAdjustmentCauseLocalOptimization
constant	MTRDeviceEnergyManagementCauseCancelled
constant	MTRDeviceEnergyManagementCauseFault
constant	MTRDeviceEnergyManagementCauseNormalCompletion
constant	MTRDeviceEnergyManagementCauseOffline
constant	MTRDeviceEnergyManagementCauseUserOptOut
constant	MTRDeviceEnergyManagementCostTypeComfort
constant	MTRDeviceEnergyManagementCostTypeFinancial
constant	MTRDeviceEnergyManagementCostTypeGHGEmissions
constant	MTRDeviceEnergyManagementCostTypeTemperature
constant	MTRDeviceEnergyManagementESAStateFault
constant	MTRDeviceEnergyManagementESAStateOffline
constant	MTRDeviceEnergyManagementESAStateOnline
constant	MTRDeviceEnergyManagementESAStatePaused
constant	MTRDeviceEnergyManagementESAStatePowerAdjustActive
constant	MTRDeviceEnergyManagementESATypeBatteryStorage
constant	MTRDeviceEnergyManagementESATypeCooking
constant	MTRDeviceEnergyManagementESATypeDishwasher
constant	MTRDeviceEnergyManagementESATypeEVSE
constant	MTRDeviceEnergyManagementESATypeFridgeFreezer
constant	MTRDeviceEnergyManagementESATypeHomeWaterPump
constant	MTRDeviceEnergyManagementESATypeIrrigationWaterPump
constant	MTRDeviceEnergyManagementESATypeOther
constant	MTRDeviceEnergyManagementESATypePoolPump
constant	MTRDeviceEnergyManagementESATypeSolarPV
constant	MTRDeviceEnergyManagementESATypeSpaceCooling
constant	MTRDeviceEnergyManagementESATypeSpaceHeating
constant	MTRDeviceEnergyManagementESATypeSpaceHeatingCooling
constant	MTRDeviceEnergyManagementESATypeWashingMachine
constant	MTRDeviceEnergyManagementESATypeWaterHeating
constant	MTRDeviceEnergyManagementFeatureConstraintBasedAdjustment
constant	MTRDeviceEnergyManagementFeatureForecastAdjustment
constant	MTRDeviceEnergyManagementFeaturePausable
constant	MTRDeviceEnergyManagementFeaturePowerAdjustment
constant	MTRDeviceEnergyManagementFeaturePowerForecastReporting
constant	MTRDeviceEnergyManagementFeatureStartTimeAdjustment
constant	MTRDeviceEnergyManagementFeatureStateForecastReporting
constant	MTRDeviceEnergyManagementForecastUpdateReasonGridOptimization
constant	MTRDeviceEnergyManagementForecastUpdateReasonInternalOptimization
constant	MTRDeviceEnergyManagementForecastUpdateReasonLocalOptimization
constant	MTRDeviceEnergyManagementModeModeTagAuto
constant	MTRDeviceEnergyManagementModeModeTagDay
constant	MTRDeviceEnergyManagementModeModeTagDeviceOptimization
constant	MTRDeviceEnergyManagementModeModeTagGridOptimization
constant	MTRDeviceEnergyManagementModeModeTagLocalOptimization
constant	MTRDeviceEnergyManagementModeModeTagLowEnergy
constant	MTRDeviceEnergyManagementModeModeTagLowNoise
constant	MTRDeviceEnergyManagementModeModeTagMax
constant	MTRDeviceEnergyManagementModeModeTagMin
constant	MTRDeviceEnergyManagementModeModeTagNight
constant	MTRDeviceEnergyManagementModeModeTagNoOptimization
constant	MTRDeviceEnergyManagementModeModeTagQuick
constant	MTRDeviceEnergyManagementModeModeTagQuiet
constant	MTRDeviceEnergyManagementModeModeTagVacation
constant	MTRDeviceEnergyManagementOptOutStateGridOptOut
constant	MTRDeviceEnergyManagementOptOutStateLocalOptOut
constant	MTRDeviceEnergyManagementOptOutStateNoOptOut
constant	MTRDeviceEnergyManagementOptOutStateOptOut
constant	MTRDeviceEnergyManagementPowerAdjustReasonGridOptimizationAdjustment
constant	MTRDeviceEnergyManagementPowerAdjustReasonLocalOptimizationAdjustment
constant	MTRDeviceEnergyManagementPowerAdjustReasonNoAdjustment
constant	MTRDeviceTypeIDTypeAggregatorID
constant	MTRDeviceTypeIDTypeAirPurifierID
constant	MTRDeviceTypeIDTypeAirQualitySensorID
constant	MTRDeviceTypeIDTypeAudioDoorbellID
constant	MTRDeviceTypeIDTypeBasicVideoPlayerID
constant	MTRDeviceTypeIDTypeBatteryStorageID
constant	MTRDeviceTypeIDTypeBridgedNodeID
constant	MTRDeviceTypeIDTypeCameraControllerID
constant	MTRDeviceTypeIDTypeCameraID
constant	MTRDeviceTypeIDTypeCastingVideoClientID
constant	MTRDeviceTypeIDTypeCastingVideoPlayerID
constant	MTRDeviceTypeIDTypeChimeID
constant	MTRDeviceTypeIDTypeClosureControllerID
constant	MTRDeviceTypeIDTypeClosureID
constant	MTRDeviceTypeIDTypeClosurePanelID
constant	MTRDeviceTypeIDTypeColorDimmerSwitchID
constant	MTRDeviceTypeIDTypeColorTemperatureLightID
constant	MTRDeviceTypeIDTypeContactSensorID
constant	MTRDeviceTypeIDTypeContentAppID
constant	MTRDeviceTypeIDTypeControlBridgeID
constant	MTRDeviceTypeIDTypeCookSurfaceID
constant	MTRDeviceTypeIDTypeCooktopID
constant	MTRDeviceTypeIDTypeDeviceEnergyManagementID
constant	MTRDeviceTypeIDTypeDimmableLightID
constant	MTRDeviceTypeIDTypeDimmablePlugInUnitID
constant	MTRDeviceTypeIDTypeDimmerSwitchID
constant	MTRDeviceTypeIDTypeDishwasherID
constant	MTRDeviceTypeIDTypeDoorLockControllerID
constant	MTRDeviceTypeIDTypeDoorLockID
constant	MTRDeviceTypeIDTypeDoorbellID
constant	MTRDeviceTypeIDTypeEVSEID
constant	MTRDeviceTypeIDTypeElectricalEnergyTariffID
constant	MTRDeviceTypeIDTypeElectricalMeterID
constant	MTRDeviceTypeIDTypeElectricalSensorID
constant	MTRDeviceTypeIDTypeElectricalUtilityMeterID
constant	MTRDeviceTypeIDTypeExtendedColorLightID
constant	MTRDeviceTypeIDTypeExtractorHoodID
constant	MTRDeviceTypeIDTypeFanID
constant	MTRDeviceTypeIDTypeFloodlightCameraID
constant	MTRDeviceTypeIDTypeFlowSensorID
constant	MTRDeviceTypeIDTypeGenericSwitchID
constant	MTRDeviceTypeIDTypeHeatPumpID
constant	MTRDeviceTypeIDTypeHumiditySensorID
constant	MTRDeviceTypeIDTypeIntercomID
constant	MTRDeviceTypeIDTypeJointFabricAdministratorID
constant	MTRDeviceTypeIDTypeLaundryDryerID
constant	MTRDeviceTypeIDTypeLaundryWasherID
constant	MTRDeviceTypeIDTypeLightSensorID
constant	MTRDeviceTypeIDTypeMeterReferencePointID
constant	MTRDeviceTypeIDTypeMicrowaveOvenID
constant	MTRDeviceTypeIDTypeModeSelectID
constant	MTRDeviceTypeIDTypeMountedDimmableLoadControlID
constant	MTRDeviceTypeIDTypeMountedOnOffControlID
constant	MTRDeviceTypeIDTypeNetworkInfrastructureManagerID
constant	MTRDeviceTypeIDTypeOTAProviderID
constant	MTRDeviceTypeIDTypeOTARequestorID
constant	MTRDeviceTypeIDTypeOccupancySensorID
constant	MTRDeviceTypeIDTypeOnOffLightID
constant	MTRDeviceTypeIDTypeOnOffLightSwitchID
constant	MTRDeviceTypeIDTypeOnOffPlugInUnitID
constant	MTRDeviceTypeIDTypeOnOffSensorID
constant	MTRDeviceTypeIDTypeOvenID
constant	MTRDeviceTypeIDTypePowerSourceID
constant	MTRDeviceTypeIDTypePressureSensorID
constant	MTRDeviceTypeIDTypePumpControllerID
constant	MTRDeviceTypeIDTypePumpID
constant	MTRDeviceTypeIDTypeRainSensorID
constant	MTRDeviceTypeIDTypeRefrigeratorID
constant	MTRDeviceTypeIDTypeRoboticVacuumCleanerID
constant	MTRDeviceTypeIDTypeRoomAirConditionerID
constant	MTRDeviceTypeIDTypeRootNodeID
constant	MTRDeviceTypeIDTypeSecondaryNetworkInterfaceID
constant	MTRDeviceTypeIDTypeSmokeCOAlarmID
constant	MTRDeviceTypeIDTypeSnapshotCameraID
constant	MTRDeviceTypeIDTypeSoilSensorID
constant	MTRDeviceTypeIDTypeSolarPowerID
constant	MTRDeviceTypeIDTypeSpeakerID
constant	MTRDeviceTypeIDTypeTemperatureControlledCabinetID
constant	MTRDeviceTypeIDTypeTemperatureSensorID
constant	MTRDeviceTypeIDTypeThermostatControllerID
constant	MTRDeviceTypeIDTypeThermostatID
constant	MTRDeviceTypeIDTypeThreadBorderRouterID
constant	MTRDeviceTypeIDTypeVideoDoorbellID
constant	MTRDeviceTypeIDTypeVideoRemoteControlID
constant	MTRDeviceTypeIDTypeWaterFreezeDetectorID
constant	MTRDeviceTypeIDTypeWaterHeaterID
constant	MTRDeviceTypeIDTypeWaterLeakDetectorID
constant	MTRDeviceTypeIDTypeWaterValveID
constant	MTRDeviceTypeIDTypeWindowCoveringControllerID
constant	MTRDeviceTypeIDTypeWindowCoveringID
constant	MTRDiagnosticLogTypeCrash
constant	MTRDiagnosticLogTypeEndUserSupport
constant	MTRDiagnosticLogTypeNetworkDiagnostics
constant	MTRDiagnosticLogsIntentCrashLogs
constant	MTRDiagnosticLogsIntentEndUserSupport
constant	MTRDiagnosticLogsIntentNetworkDiag
constant	MTRDiagnosticLogsLogsIntentCrashLogs
constant	MTRDiagnosticLogsLogsIntentEndUserSupport
constant	MTRDiagnosticLogsLogsIntentNetworkDiag
constant	MTRDiagnosticLogsLogsStatusBusy
constant	MTRDiagnosticLogsLogsStatusDenied
constant	MTRDiagnosticLogsLogsStatusExhausted
constant	MTRDiagnosticLogsLogsStatusNoLogs
constant	MTRDiagnosticLogsLogsStatusSuccess
constant	MTRDiagnosticLogsLogsTransferProtocolBDX
constant	MTRDiagnosticLogsLogsTransferProtocolResponsePayload
constant	MTRDiagnosticLogsStatusBusy
constant	MTRDiagnosticLogsStatusDenied
constant	MTRDiagnosticLogsStatusExhausted
constant	MTRDiagnosticLogsStatusNoLogs
constant	MTRDiagnosticLogsStatusSuccess
constant	MTRDiagnosticLogsTransferProtocolBDX
constant	MTRDiagnosticLogsTransferProtocolResponsePayload
constant	MTRDiscoveryCapabilitiesNone
constant	MTRDishwasherAlarmAlarmBitmapDoorError
constant	MTRDishwasherAlarmAlarmBitmapDrainError
constant	MTRDishwasherAlarmAlarmBitmapInflowError
constant	MTRDishwasherAlarmAlarmBitmapTempTooHigh
constant	MTRDishwasherAlarmAlarmBitmapTempTooLow
constant	MTRDishwasherAlarmAlarmBitmapWaterLevelError
constant	MTRDishwasherAlarmFeatureReset
constant	MTRDishwasherModeModeTagAuto
constant	MTRDishwasherModeModeTagDay
constant	MTRDishwasherModeModeTagHeavy
constant	MTRDishwasherModeModeTagLight
constant	MTRDishwasherModeModeTagLowEnergy
constant	MTRDishwasherModeModeTagLowNoise
constant	MTRDishwasherModeModeTagMax
constant	MTRDishwasherModeModeTagMin
constant	MTRDishwasherModeModeTagNight
constant	MTRDishwasherModeModeTagNormal
constant	MTRDishwasherModeModeTagQuick
constant	MTRDishwasherModeModeTagQuiet
constant	MTRDishwasherModeModeTagVacation
constant	MTRDoorLockAlarmCodeDoorAjar
constant	MTRDoorLockAlarmCodeDoorForcedOpen
constant	MTRDoorLockAlarmCodeForcedUser
constant	MTRDoorLockAlarmCodeFrontEsceutcheonRemoved
constant	MTRDoorLockAlarmCodeLockFactoryReset
constant	MTRDoorLockAlarmCodeLockJammed
constant	MTRDoorLockAlarmCodeLockRadioPowerCycled
constant	MTRDoorLockAlarmCodeWrongCodeEntryLimit
constant	MTRDoorLockCredentialRuleDual
constant	MTRDoorLockCredentialRuleSingle
constant	MTRDoorLockCredentialRuleTri
constant	MTRDoorLockCredentialTypeAliroCredentialIssuerKey
constant	MTRDoorLockCredentialTypeAliroEvictableEndpointKey
constant	MTRDoorLockCredentialTypeAliroNonEvictableEndpointKey
constant	MTRDoorLockCredentialTypeFace
constant	MTRDoorLockCredentialTypeFingerVein
constant	MTRDoorLockCredentialTypeFingerprint
constant	MTRDoorLockCredentialTypePIN
constant	MTRDoorLockCredentialTypeProgrammingPIN
constant	MTRDoorLockCredentialTypeRFID
constant	MTRDoorLockDataOperationTypeAdd
constant	MTRDoorLockDataOperationTypeClear
constant	MTRDoorLockDataOperationTypeModify
constant	MTRDoorLockDayOfWeekFriday
constant	MTRDoorLockDayOfWeekMonday
constant	MTRDoorLockDayOfWeekSaturday
constant	MTRDoorLockDayOfWeekSunday
constant	MTRDoorLockDayOfWeekThursday
constant	MTRDoorLockDayOfWeekTuesday
constant	MTRDoorLockDayOfWeekWednesday
constant	MTRDoorLockDaysMaskMapFriday
constant	MTRDoorLockDaysMaskMapMonday
constant	MTRDoorLockDaysMaskMapSaturday
constant	MTRDoorLockDaysMaskMapSunday
constant	MTRDoorLockDaysMaskMapThursday
constant	MTRDoorLockDaysMaskMapTuesday
constant	MTRDoorLockDaysMaskMapWednesday
constant	MTRDoorLockDlAlarmCodeDoorAjar
constant	MTRDoorLockDlAlarmCodeDoorForcedOpen
constant	MTRDoorLockDlAlarmCodeForcedUser
constant	MTRDoorLockDlAlarmCodeFrontEsceutcheonRemoved
constant	MTRDoorLockDlAlarmCodeLockFactoryReset
constant	MTRDoorLockDlAlarmCodeLockJammed
constant	MTRDoorLockDlAlarmCodeLockRadioPowerCycled
constant	MTRDoorLockDlAlarmCodeWrongCodeEntryLimit
constant	MTRDoorLockDlCredentialRuleMaskDual
constant	MTRDoorLockDlCredentialRuleMaskSingle
constant	MTRDoorLockDlCredentialRuleMaskTri
constant	MTRDoorLockDlCredentialRuleSingle
constant	MTRDoorLockDlCredentialRuleTri
constant	MTRDoorLockDlCredentialRulesSupportDual
constant	MTRDoorLockDlCredentialRulesSupportSingle
constant	MTRDoorLockDlCredentialRulesSupportTri
constant	MTRDoorLockDlCredentialTypeFace
constant	MTRDoorLockDlCredentialTypeFingerVein
constant	MTRDoorLockDlCredentialTypeFingerprint
constant	MTRDoorLockDlCredentialTypePIN
constant	MTRDoorLockDlCredentialTypeProgrammingPIN
constant	MTRDoorLockDlCredentialTypeRFID
constant	MTRDoorLockDlDataOperationTypeAdd
constant	MTRDoorLockDlDataOperationTypeClear
constant	MTRDoorLockDlDataOperationTypeModify
constant	MTRDoorLockDlDaysMaskMapFriday
constant	MTRDoorLockDlDaysMaskMapMonday
constant	MTRDoorLockDlDaysMaskMapSaturday
constant	MTRDoorLockDlDaysMaskMapSunday
constant	MTRDoorLockDlDaysMaskMapThursday
constant	MTRDoorLockDlDaysMaskMapTuesday
constant	MTRDoorLockDlDaysMaskMapWednesday
constant	MTRDoorLockDlDefaultConfigurationRegisterAutoRelockTimeSet
constant	MTRDoorLockDlDefaultConfigurationRegisterEnableLocalProgrammingEnabled
constant	MTRDoorLockDlDefaultConfigurationRegisterKeypadInterfaceDefaultAccessEnabled
constant	MTRDoorLockDlDefaultConfigurationRegisterLEDSettingsSet
constant	MTRDoorLockDlDefaultConfigurationRegisterRemoteInterfaceDefaultAccessIsEnabled
constant	MTRDoorLockDlDefaultConfigurationRegisterSoundEnabled
constant	MTRDoorLockDlDoorStateDoorAjar
constant	MTRDoorLockDlDoorStateDoorClosed
constant	MTRDoorLockDlDoorStateDoorForcedOpen
constant	MTRDoorLockDlDoorStateDoorJammed
constant	MTRDoorLockDlDoorStateDoorOpen
constant	MTRDoorLockDlDoorStateDoorUnspecifiedError
constant	MTRDoorLockDlKeypadOperationEventMaskLock
constant	MTRDoorLockDlKeypadOperationEventMaskLockInvalidPIN
constant	MTRDoorLockDlKeypadOperationEventMaskLockInvalidSchedule
constant	MTRDoorLockDlKeypadOperationEventMaskNonAccessUserOpEvent
constant	MTRDoorLockDlKeypadOperationEventMaskUnknown
constant	MTRDoorLockDlKeypadOperationEventMaskUnlock
constant	MTRDoorLockDlKeypadOperationEventMaskUnlockInvalidCode
constant	MTRDoorLockDlKeypadOperationEventMaskUnlockInvalidSchedule
constant	MTRDoorLockDlKeypadProgrammingEventMaskPINAdded
constant	MTRDoorLockDlKeypadProgrammingEventMaskPINChanged
constant	MTRDoorLockDlKeypadProgrammingEventMaskPINCleared
constant	MTRDoorLockDlKeypadProgrammingEventMaskProgrammingPINChanged
constant	MTRDoorLockDlKeypadProgrammingEventMaskUnknown
constant	MTRDoorLockDlLocalProgrammingFeaturesAddUsersCredentialsSchedulesLocally
constant	MTRDoorLockDlLocalProgrammingFeaturesAdjustLockSettingsLocally
constant	MTRDoorLockDlLocalProgrammingFeaturesClearUsersCredentialsSchedulesLocally
constant	MTRDoorLockDlLocalProgrammingFeaturesModifyUsersCredentialsSchedulesLocally
constant	MTRDoorLockDlLockDataTypeFingerprint
constant	MTRDoorLockDlLockDataTypeHolidaySchedule
constant	MTRDoorLockDlLockDataTypePIN
constant	MTRDoorLockDlLockDataTypeProgrammingCode
constant	MTRDoorLockDlLockDataTypeRFID
constant	MTRDoorLockDlLockDataTypeUnspecified
constant	MTRDoorLockDlLockDataTypeUserIndex
constant	MTRDoorLockDlLockDataTypeWeekDaySchedule
constant	MTRDoorLockDlLockDataTypeYearDaySchedule
constant	MTRDoorLockDlLockOperationTypeForcedUserEvent
constant	MTRDoorLockDlLockOperationTypeLock
constant	MTRDoorLockDlLockOperationTypeNonAccessUserEvent
constant	MTRDoorLockDlLockOperationTypeUnlock
constant	MTRDoorLockDlLockStateLocked
constant	MTRDoorLockDlLockStateNotFullyLocked
constant	MTRDoorLockDlLockStateUnlatched
constant	MTRDoorLockDlLockStateUnlocked
constant	MTRDoorLockDlLockTypeCylindricalLock
constant	MTRDoorLockDlLockTypeDeadBolt
constant	MTRDoorLockDlLockTypeDeadLatch
constant	MTRDoorLockDlLockTypeDoorFurniture
constant	MTRDoorLockDlLockTypeEurocylinder
constant	MTRDoorLockDlLockTypeInterconnectedLock
constant	MTRDoorLockDlLockTypeLatchBolt
constant	MTRDoorLockDlLockTypeMagnetic
constant	MTRDoorLockDlLockTypeMortise
constant	MTRDoorLockDlLockTypeOther
constant	MTRDoorLockDlLockTypeRim
constant	MTRDoorLockDlLockTypeTubularLock
constant	MTRDoorLockDlManualOperationEventMaskAutoLock
constant	MTRDoorLockDlManualOperationEventMaskKeyLock
constant	MTRDoorLockDlManualOperationEventMaskKeyUnlock
constant	MTRDoorLockDlManualOperationEventMaskManualLock
constant	MTRDoorLockDlManualOperationEventMaskManualUnlock
constant	MTRDoorLockDlManualOperationEventMaskOneTouchLock
constant	MTRDoorLockDlManualOperationEventMaskScheduleLock
constant	MTRDoorLockDlManualOperationEventMaskScheduleUnlock
constant	MTRDoorLockDlManualOperationEventMaskThumbturnLock
constant	MTRDoorLockDlManualOperationEventMaskThumbturnUnlock
constant	MTRDoorLockDlManualOperationEventMaskUnknown
constant	MTRDoorLockDlOperatingModeNoRemoteLockUnlock
constant	MTRDoorLockDlOperatingModeNormal
constant	MTRDoorLockDlOperatingModePassage
constant	MTRDoorLockDlOperatingModePrivacy
constant	MTRDoorLockDlOperatingModeVacation
constant	MTRDoorLockDlOperationErrorDisabledUserDenied
constant	MTRDoorLockDlOperationErrorInsufficientBattery
constant	MTRDoorLockDlOperationErrorInvalidCredential
constant	MTRDoorLockDlOperationErrorRestricted
constant	MTRDoorLockDlOperationErrorUnspecified
constant	MTRDoorLockDlOperationSourceAuto
constant	MTRDoorLockDlOperationSourceBiometric
constant	MTRDoorLockDlOperationSourceButton
constant	MTRDoorLockDlOperationSourceKeypad
constant	MTRDoorLockDlOperationSourceManual
constant	MTRDoorLockDlOperationSourceProprietaryRemote
constant	MTRDoorLockDlOperationSourceRFID
constant	MTRDoorLockDlOperationSourceRemote
constant	MTRDoorLockDlOperationSourceSchedule
constant	MTRDoorLockDlOperationSourceUnspecified
constant	MTRDoorLockDlRFIDOperationEventMaskLock
constant	MTRDoorLockDlRFIDOperationEventMaskLockInvalidRFID
constant	MTRDoorLockDlRFIDOperationEventMaskLockInvalidSchedule
constant	MTRDoorLockDlRFIDOperationEventMaskUnknown
constant	MTRDoorLockDlRFIDOperationEventMaskUnlock
constant	MTRDoorLockDlRFIDOperationEventMaskUnlockInvalidRFID
constant	MTRDoorLockDlRFIDOperationEventMaskUnlockInvalidSchedule
constant	MTRDoorLockDlRFIDProgrammingEventMaskRFIDCodeAdded
constant	MTRDoorLockDlRFIDProgrammingEventMaskRFIDCodeCleared
constant	MTRDoorLockDlRFIDProgrammingEventMaskUnknown
constant	MTRDoorLockDlRemoteOperationEventMaskLock
constant	MTRDoorLockDlRemoteOperationEventMaskLockInvalidCode
constant	MTRDoorLockDlRemoteOperationEventMaskLockInvalidSchedule
constant	MTRDoorLockDlRemoteOperationEventMaskUnknown
constant	MTRDoorLockDlRemoteOperationEventMaskUnlock
constant	MTRDoorLockDlRemoteOperationEventMaskUnlockInvalidCode
constant	MTRDoorLockDlRemoteOperationEventMaskUnlockInvalidSchedule
constant	MTRDoorLockDlRemoteProgrammingEventMaskPINAdded
constant	MTRDoorLockDlRemoteProgrammingEventMaskPINChanged
constant	MTRDoorLockDlRemoteProgrammingEventMaskPINCleared
constant	MTRDoorLockDlRemoteProgrammingEventMaskProgrammingPINChanged
constant	MTRDoorLockDlRemoteProgrammingEventMaskRFIDCodeAdded
constant	MTRDoorLockDlRemoteProgrammingEventMaskRFIDCodeCleared
constant	MTRDoorLockDlRemoteProgrammingEventMaskUnknown
constant	MTRDoorLockDlStatusDuplicate
constant	MTRDoorLockDlStatusFailure
constant	MTRDoorLockDlStatusInvalidField
constant	MTRDoorLockDlStatusNotFound
constant	MTRDoorLockDlStatusOccupied
constant	MTRDoorLockDlStatusResourceExhausted
constant	MTRDoorLockDlStatusSuccess
constant	MTRDoorLockDlSupportedOperatingModesNoRemoteLockUnlock
constant	MTRDoorLockDlSupportedOperatingModesNormal
constant	MTRDoorLockDlSupportedOperatingModesPassage
constant	MTRDoorLockDlSupportedOperatingModesPrivacy
constant	MTRDoorLockDlSupportedOperatingModesVacation
constant	MTRDoorLockDlUserStatusAvailable
constant	MTRDoorLockDlUserStatusOccupiedDisabled
constant	MTRDoorLockDlUserStatusOccupiedEnabled
constant	MTRDoorLockDlUserTypeDisposableUser
constant	MTRDoorLockDlUserTypeExpiringUser
constant	MTRDoorLockDlUserTypeForcedUser
constant	MTRDoorLockDlUserTypeNonAccessUser
constant	MTRDoorLockDlUserTypeProgrammingUser
constant	MTRDoorLockDlUserTypeRemoteOnlyUser
constant	MTRDoorLockDlUserTypeScheduleRestrictedUser
constant	MTRDoorLockDlUserTypeUnrestrictedUser
constant	MTRDoorLockDlUserTypeWeekDayScheduleUser
constant	MTRDoorLockDlUserTypeYearDayScheduleUser
constant	MTRDoorLockDoorStateDoorAjar
constant	MTRDoorLockDoorStateDoorClosed
constant	MTRDoorLockDoorStateDoorForcedOpen
constant	MTRDoorLockDoorStateDoorJammed
constant	MTRDoorLockDoorStateDoorOpen
constant	MTRDoorLockDoorStateDoorUnspecifiedError
constant	MTRDoorLockFeatureAliroBLEUWB
constant	MTRDoorLockFeatureAliroProvisioning
constant	MTRDoorLockFeatureCredentialsOTA
constant	MTRDoorLockFeatureCredentialsOverTheAirAccess
constant	MTRDoorLockFeatureDoorPositionSensor
constant	MTRDoorLockFeatureFaceCredentials
constant	MTRDoorLockFeatureFingerCredentials
constant	MTRDoorLockFeatureHolidaySchedules
constant	MTRDoorLockFeatureLogging
constant	MTRDoorLockFeatureNotification
constant	MTRDoorLockFeatureNotifications
constant	MTRDoorLockFeaturePINCredential
constant	MTRDoorLockFeaturePINCredentials
constant	MTRDoorLockFeatureRFIDCredential
constant	MTRDoorLockFeatureRFIDCredentials
constant	MTRDoorLockFeatureUnbolt
constant	MTRDoorLockFeatureUser
constant	MTRDoorLockFeatureUsersManagement
constant	MTRDoorLockFeatureWeekDayAccessSchedules
constant	MTRDoorLockFeatureWeekDaySchedules
constant	MTRDoorLockFeatureYearDayAccessSchedules
constant	MTRDoorLockFeatureYearDaySchedules
constant	MTRDoorLockLockDataTypeAliroCredentialIssuerKey
constant	MTRDoorLockLockDataTypeAliroEvictableEndpointKey
constant	MTRDoorLockLockDataTypeAliroNonEvictableEndpointKey
constant	MTRDoorLockLockDataTypeFace
constant	MTRDoorLockLockDataTypeFingerVein
constant	MTRDoorLockLockDataTypeFingerprint
constant	MTRDoorLockLockDataTypeHolidaySchedule
constant	MTRDoorLockLockDataTypePIN
constant	MTRDoorLockLockDataTypeProgrammingCode
constant	MTRDoorLockLockDataTypeRFID
constant	MTRDoorLockLockDataTypeUnspecified
constant	MTRDoorLockLockDataTypeUserIndex
constant	MTRDoorLockLockDataTypeWeekDaySchedule
constant	MTRDoorLockLockDataTypeYearDaySchedule
constant	MTRDoorLockLockOperationTypeForcedUserEvent
constant	MTRDoorLockLockOperationTypeLock
constant	MTRDoorLockLockOperationTypeNonAccessUserEvent
constant	MTRDoorLockLockOperationTypeUnlatch
constant	MTRDoorLockLockOperationTypeUnlock
constant	MTRDoorLockOperatingModeNoRemoteLockUnlock
constant	MTRDoorLockOperatingModeNormal
constant	MTRDoorLockOperatingModePassage
constant	MTRDoorLockOperatingModePrivacy
constant	MTRDoorLockOperatingModeVacation
constant	MTRDoorLockOperationErrorDisabledUserDenied
constant	MTRDoorLockOperationErrorInsufficientBattery
constant	MTRDoorLockOperationErrorInvalidCredential
constant	MTRDoorLockOperationErrorRestricted
constant	MTRDoorLockOperationErrorUnspecified
constant	MTRDoorLockOperationEventCodeAutoLock
constant	MTRDoorLockOperationEventCodeKeyLock
constant	MTRDoorLockOperationEventCodeKeyUnlock
constant	MTRDoorLockOperationEventCodeLock
constant	MTRDoorLockOperationEventCodeLockInvalidPinOrId
constant	MTRDoorLockOperationEventCodeLockInvalidSchedule
constant	MTRDoorLockOperationEventCodeManualLock
constant	MTRDoorLockOperationEventCodeManualUnlock
constant	MTRDoorLockOperationEventCodeOneTouchLock
constant	MTRDoorLockOperationEventCodeScheduleLock
constant	MTRDoorLockOperationEventCodeScheduleUnlock
constant	MTRDoorLockOperationEventCodeUnknownOrMfgSpecific
constant	MTRDoorLockOperationEventCodeUnlock
constant	MTRDoorLockOperationEventCodeUnlockInvalidPinOrId
constant	MTRDoorLockOperationEventCodeUnlockInvalidSchedule
constant	MTRDoorLockOperationSourceAliro
constant	MTRDoorLockOperationSourceAuto
constant	MTRDoorLockOperationSourceBiometric
constant	MTRDoorLockOperationSourceButton
constant	MTRDoorLockOperationSourceKeypad
constant	MTRDoorLockOperationSourceManual
constant	MTRDoorLockOperationSourceProprietaryRemote
constant	MTRDoorLockOperationSourceRFID
constant	MTRDoorLockOperationSourceRemote
constant	MTRDoorLockOperationSourceSchedule
constant	MTRDoorLockOperationSourceUnspecified
constant	MTRDoorLockProgrammingEventCodeIdAdded
constant	MTRDoorLockProgrammingEventCodeIdDeleted
constant	MTRDoorLockProgrammingEventCodeMasterCodeChanged
constant	MTRDoorLockProgrammingEventCodePinAdded
constant	MTRDoorLockProgrammingEventCodePinChanged
constant	MTRDoorLockProgrammingEventCodePinDeleted
constant	MTRDoorLockProgrammingEventCodeUnknownOrMfgSpecific
constant	MTRDoorLockSetPinOrIdStatusDuplicateCodeError
constant	MTRDoorLockSetPinOrIdStatusGeneralFailure
constant	MTRDoorLockSetPinOrIdStatusMemoryFull
constant	MTRDoorLockSetPinOrIdStatusSuccess
constant	MTRDoorLockUserStatusAvailable
constant	MTRDoorLockUserStatusNotSupported
constant	MTRDoorLockUserStatusOccupiedDisabled
constant	MTRDoorLockUserStatusOccupiedEnabled
constant	MTRDoorLockUserTypeDisposableUser
constant	MTRDoorLockUserTypeExpiringUser
constant	MTRDoorLockUserTypeForcedUser
constant	MTRDoorLockUserTypeMasterUser
constant	MTRDoorLockUserTypeNonAccessUser
constant	MTRDoorLockUserTypeNotSupported
constant	MTRDoorLockUserTypeProgrammingUser
constant	MTRDoorLockUserTypeRemoteOnlyUser
constant	MTRDoorLockUserTypeScheduleRestrictedUser
constant	MTRDoorLockUserTypeUnrestricted
constant	MTRDoorLockUserTypeUnrestrictedUser
constant	MTRDoorLockUserTypeWeekDayScheduleUser
constant	MTRDoorLockUserTypeYearDayScheduleUser
constant	MTRElectricalEnergyMeasurementFeatureApparentEnergy
constant	MTRElectricalEnergyMeasurementFeatureCumulativeEnergy
constant	MTRElectricalEnergyMeasurementFeatureExportedEnergy
constant	MTRElectricalEnergyMeasurementFeatureImportedEnergy
constant	MTRElectricalEnergyMeasurementFeaturePeriodicEnergy
constant	MTRElectricalEnergyMeasurementFeatureReactiveEnergy
constant	MTRElectricalEnergyMeasurementMeasurementTypeActiveCurrent
constant	MTRElectricalEnergyMeasurementMeasurementTypeActivePower
constant	MTRElectricalEnergyMeasurementMeasurementTypeApparentCurrent
constant	MTRElectricalEnergyMeasurementMeasurementTypeApparentEnergy
constant	MTRElectricalEnergyMeasurementMeasurementTypeApparentPower
constant	MTRElectricalEnergyMeasurementMeasurementTypeElectricalEnergy
constant	MTRElectricalEnergyMeasurementMeasurementTypeFrequency
constant	MTRElectricalEnergyMeasurementMeasurementTypeNeutralCurrent
constant	MTRElectricalEnergyMeasurementMeasurementTypePowerFactor
constant	MTRElectricalEnergyMeasurementMeasurementTypeRMSCurrent
constant	MTRElectricalEnergyMeasurementMeasurementTypeRMSPower
constant	MTRElectricalEnergyMeasurementMeasurementTypeRMSVoltage
constant	MTRElectricalEnergyMeasurementMeasurementTypeReactiveCurrent
constant	MTRElectricalEnergyMeasurementMeasurementTypeReactiveEnergy
constant	MTRElectricalEnergyMeasurementMeasurementTypeReactivePower
constant	MTRElectricalEnergyMeasurementMeasurementTypeUnspecified
constant	MTRElectricalEnergyMeasurementMeasurementTypeVoltage
constant	MTRElectricalPowerMeasurementFeatureAlternatingCurrent
constant	MTRElectricalPowerMeasurementFeatureDirectCurrent
constant	MTRElectricalPowerMeasurementFeatureHarmonics
constant	MTRElectricalPowerMeasurementFeaturePolyphasePower
constant	MTRElectricalPowerMeasurementFeaturePowerQuality
constant	MTRElectricalPowerMeasurementMeasurementTypeActiveCurrent
constant	MTRElectricalPowerMeasurementMeasurementTypeActivePower
constant	MTRElectricalPowerMeasurementMeasurementTypeApparentCurrent
constant	MTRElectricalPowerMeasurementMeasurementTypeApparentEnergy
constant	MTRElectricalPowerMeasurementMeasurementTypeApparentPower
constant	MTRElectricalPowerMeasurementMeasurementTypeElectricalEnergy
constant	MTRElectricalPowerMeasurementMeasurementTypeFrequency
constant	MTRElectricalPowerMeasurementMeasurementTypeNeutralCurrent
constant	MTRElectricalPowerMeasurementMeasurementTypePowerFactor
constant	MTRElectricalPowerMeasurementMeasurementTypeRMSCurrent
constant	MTRElectricalPowerMeasurementMeasurementTypeRMSPower
constant	MTRElectricalPowerMeasurementMeasurementTypeRMSVoltage
constant	MTRElectricalPowerMeasurementMeasurementTypeReactiveCurrent
constant	MTRElectricalPowerMeasurementMeasurementTypeReactiveEnergy
constant	MTRElectricalPowerMeasurementMeasurementTypeReactivePower
constant	MTRElectricalPowerMeasurementMeasurementTypeUnspecified
constant	MTRElectricalPowerMeasurementMeasurementTypeVoltage
constant	MTRElectricalPowerMeasurementPowerModeAC
constant	MTRElectricalPowerMeasurementPowerModeDC
constant	MTRElectricalPowerMeasurementPowerModeUnknown
constant	MTREnergyEVSEEnergyTransferStoppedReasonEVSEStopped
constant	MTREnergyEVSEEnergyTransferStoppedReasonEVStopped
constant	MTREnergyEVSEEnergyTransferStoppedReasonOther
constant	MTREnergyEVSEFaultStateContactDryFailure
constant	MTREnergyEVSEFaultStateContactWetFailure
constant	MTREnergyEVSEFaultStateEVDisconnected
constant	MTREnergyEVSEFaultStateEmergencyStop
constant	MTREnergyEVSEFaultStateGroundFault
constant	MTREnergyEVSEFaultStateLiveNeutralSwap
constant	MTREnergyEVSEFaultStateMeterFailure
constant	MTREnergyEVSEFaultStateNoError
constant	MTREnergyEVSEFaultStateOther
constant	MTREnergyEVSEFaultStateOverCurrent
constant	MTREnergyEVSEFaultStateOverTemperature
constant	MTREnergyEVSEFaultStateOverVoltage
constant	MTREnergyEVSEFaultStatePilotShortCircuit
constant	MTREnergyEVSEFaultStatePowerLoss
constant	MTREnergyEVSEFaultStatePowerQuality
constant	MTREnergyEVSEFaultStateUnderVoltage
constant	MTREnergyEVSEFaultStateWrongPowerSupply
constant	MTREnergyEVSEFeatureChargingPreferences
constant	MTREnergyEVSEFeaturePlugAndCharge
constant	MTREnergyEVSEFeatureRFID
constant	MTREnergyEVSEFeatureSoCReporting
constant	MTREnergyEVSEFeatureV2X
constant	MTREnergyEVSEModeModeTagAuto
constant	MTREnergyEVSEModeModeTagDay
constant	MTREnergyEVSEModeModeTagLowEnergy
constant	MTREnergyEVSEModeModeTagLowNoise
constant	MTREnergyEVSEModeModeTagManual
constant	MTREnergyEVSEModeModeTagMax
constant	MTREnergyEVSEModeModeTagMin
constant	MTREnergyEVSEModeModeTagNight
constant	MTREnergyEVSEModeModeTagQuick
constant	MTREnergyEVSEModeModeTagQuiet
constant	MTREnergyEVSEModeModeTagSolarCharging
constant	MTREnergyEVSEModeModeTagTimeOfUse
constant	MTREnergyEVSEModeModeTagV2X
constant	MTREnergyEVSEModeModeTagVacation
constant	MTREnergyEVSEStateFault
constant	MTREnergyEVSEStateNotPluggedIn
constant	MTREnergyEVSEStatePluggedInCharging
constant	MTREnergyEVSEStatePluggedInDemand
constant	MTREnergyEVSEStatePluggedInDischarging
constant	MTREnergyEVSEStatePluggedInNoDemand
constant	MTREnergyEVSEStateSessionEnding
constant	MTREnergyEVSESupplyStateChargingEnabled
constant	MTREnergyEVSESupplyStateDisabled
constant	MTREnergyEVSESupplyStateDisabledDiagnostics
constant	MTREnergyEVSESupplyStateDisabledError
constant	MTREnergyEVSESupplyStateDischargingEnabled
constant	MTREnergyEVSESupplyStateEnabled
constant	MTREnergyEVSETargetDayOfWeekBitmapFriday
constant	MTREnergyEVSETargetDayOfWeekBitmapMonday
constant	MTREnergyEVSETargetDayOfWeekBitmapSaturday
constant	MTREnergyEVSETargetDayOfWeekBitmapSunday
constant	MTREnergyEVSETargetDayOfWeekBitmapThursday
constant	MTREnergyEVSETargetDayOfWeekBitmapTuesday
constant	MTREnergyEVSETargetDayOfWeekBitmapWednesday
constant	MTRErrorCodeAccessDenied
constant	MTRErrorCodeBufferTooSmall
constant	MTRErrorCodeBusy
constant	MTRErrorCodeCancelled
constant	MTRErrorCodeDNSSDUnauthorized
constant	MTRErrorCodeFabricExists
constant	MTRErrorCodeGeneralError
constant	MTRErrorCodeIntegrityCheckFailed
constant	MTRErrorCodeInvalidArgument
constant	MTRErrorCodeInvalidIntegerValue
constant	MTRErrorCodeInvalidMessageLength
constant	MTRErrorCodeInvalidState
constant	MTRErrorCodeInvalidStringLength
constant	MTRErrorCodeNotFound
constant	MTRErrorCodeSchemaMismatch
constant	MTRErrorCodeTLVDecodeFailed
constant	MTRErrorCodeTimeout
constant	MTRErrorCodeUnknownSchema
constant	MTRErrorCodeWrongAddressType
constant	MTREthernetNetworkDiagnosticsFeatureErrorCounts
constant	MTREthernetNetworkDiagnosticsFeaturePacketCounts
constant	MTREthernetNetworkDiagnosticsPHYRateRate100G
constant	MTREthernetNetworkDiagnosticsPHYRateRate100M
constant	MTREthernetNetworkDiagnosticsPHYRateRate10G
constant	MTREthernetNetworkDiagnosticsPHYRateRate10M
constant	MTREthernetNetworkDiagnosticsPHYRateRate1G
constant	MTREthernetNetworkDiagnosticsPHYRateRate200G
constant	MTREthernetNetworkDiagnosticsPHYRateRate25G
constant	MTREthernetNetworkDiagnosticsPHYRateRate400G
constant	MTREthernetNetworkDiagnosticsPHYRateRate40G
constant	MTREthernetNetworkDiagnosticsPHYRateRate5G
constant	MTREthernetNetworkDiagnosticsPHYRateType1000M
constant	MTREthernetNetworkDiagnosticsPHYRateType100G
constant	MTREthernetNetworkDiagnosticsPHYRateType100M
constant	MTREthernetNetworkDiagnosticsPHYRateType10G
constant	MTREthernetNetworkDiagnosticsPHYRateType10M
constant	MTREthernetNetworkDiagnosticsPHYRateType200G
constant	MTREthernetNetworkDiagnosticsPHYRateType25G
constant	MTREthernetNetworkDiagnosticsPHYRateType400G
constant	MTREthernetNetworkDiagnosticsPHYRateType40G
constant	MTREthernetNetworkDiagnosticsPHYRateType5G
constant	MTREventIDTypeClusterAccessControlEventAccessControlEntryChangedID
constant	MTREventIDTypeClusterAccessControlEventAccessControlExtensionChangedID
constant	MTREventIDTypeClusterAccessControlEventFabricRestrictionReviewUpdateID
constant	MTREventIDTypeClusterAccountLoginEventLoggedOutID
constant	MTREventIDTypeClusterActionsEventActionFailedID
constant	MTREventIDTypeClusterActionsEventStateChangedID
constant	MTREventIDTypeClusterBasicInformationEventLeaveID
constant	MTREventIDTypeClusterBasicInformationEventReachableChangedID
constant	MTREventIDTypeClusterBasicInformationEventShutDownID
constant	MTREventIDTypeClusterBasicInformationEventStartUpID
constant	MTREventIDTypeClusterBooleanStateConfigurationEventAlarmsStateChangedID
constant	MTREventIDTypeClusterBooleanStateConfigurationEventSensorFaultID
constant	MTREventIDTypeClusterBooleanStateEventStateChangeID
constant	MTREventIDTypeClusterBridgedDeviceBasicInformationEventActiveChangedID
constant	MTREventIDTypeClusterBridgedDeviceBasicInformationEventLeaveID
constant	MTREventIDTypeClusterBridgedDeviceBasicInformationEventReachableChangedID
constant	MTREventIDTypeClusterBridgedDeviceBasicInformationEventShutDownID
constant	MTREventIDTypeClusterBridgedDeviceBasicInformationEventStartUpID
constant	MTREventIDTypeClusterCommissionerControlEventCommissioningRequestResultID
constant	MTREventIDTypeClusterDeviceEnergyManagementEventPausedID
constant	MTREventIDTypeClusterDeviceEnergyManagementEventPowerAdjustEndID
constant	MTREventIDTypeClusterDeviceEnergyManagementEventPowerAdjustStartID
constant	MTREventIDTypeClusterDeviceEnergyManagementEventResumedID
constant	MTREventIDTypeClusterDishwasherAlarmEventNotifyID
constant	MTREventIDTypeClusterDoorLockEventDoorLockAlarmID
constant	MTREventIDTypeClusterDoorLockEventDoorStateChangeID
constant	MTREventIDTypeClusterDoorLockEventLockOperationErrorID
constant	MTREventIDTypeClusterDoorLockEventLockOperationID
constant	MTREventIDTypeClusterDoorLockEventLockUserChangeID
constant	MTREventIDTypeClusterElectricalEnergyMeasurementEventCumulativeEnergyMeasuredID
constant	MTREventIDTypeClusterElectricalEnergyMeasurementEventPeriodicEnergyMeasuredID
constant	MTREventIDTypeClusterElectricalPowerMeasurementEventMeasurementPeriodRangesID
constant	MTREventIDTypeClusterEnergyEVSEEventEVConnectedID
constant	MTREventIDTypeClusterEnergyEVSEEventEVNotDetectedID
constant	MTREventIDTypeClusterEnergyEVSEEventEnergyTransferStartedID
constant	MTREventIDTypeClusterEnergyEVSEEventEnergyTransferStoppedID
constant	MTREventIDTypeClusterEnergyEVSEEventFaultID
constant	MTREventIDTypeClusterEnergyEVSEEventRFIDID
constant	MTREventIDTypeClusterGeneralDiagnosticsEventBootReasonID
constant	MTREventIDTypeClusterGeneralDiagnosticsEventHardwareFaultChangeID
constant	MTREventIDTypeClusterGeneralDiagnosticsEventNetworkFaultChangeID
constant	MTREventIDTypeClusterGeneralDiagnosticsEventRadioFaultChangeID
constant	MTREventIDTypeClusterMediaPlaybackEventStateChangedID
constant	MTREventIDTypeClusterMessagesEventMessageCompleteID
constant	MTREventIDTypeClusterMessagesEventMessagePresentedID
constant	MTREventIDTypeClusterMessagesEventMessageQueuedID
constant	MTREventIDTypeClusterOTASoftwareUpdateRequestorEventDownloadErrorID
constant	MTREventIDTypeClusterOTASoftwareUpdateRequestorEventStateTransitionID
constant	MTREventIDTypeClusterOTASoftwareUpdateRequestorEventVersionAppliedID
constant	MTREventIDTypeClusterOccupancySensingEventOccupancyChangedID
constant	MTREventIDTypeClusterOperationalStateEventOperationCompletionID
constant	MTREventIDTypeClusterOperationalStateEventOperationalErrorID
constant	MTREventIDTypeClusterOvenCavityOperationalStateEventOperationCompletionID
constant	MTREventIDTypeClusterOvenCavityOperationalStateEventOperationalErrorID
constant	MTREventIDTypeClusterPowerSourceEventBatChargeFaultChangeID
constant	MTREventIDTypeClusterPowerSourceEventBatFaultChangeID
constant	MTREventIDTypeClusterPowerSourceEventWiredFaultChangeID
constant	MTREventIDTypeClusterPumpConfigurationAndControlEventAirDetectionID
constant	MTREventIDTypeClusterPumpConfigurationAndControlEventDryRunningID
constant	MTREventIDTypeClusterPumpConfigurationAndControlEventElectronicFatalFailureID
constant	MTREventIDTypeClusterPumpConfigurationAndControlEventElectronicNonFatalFailureID
constant	MTREventIDTypeClusterPumpConfigurationAndControlEventElectronicTemperatureHighID
constant	MTREventIDTypeClusterPumpConfigurationAndControlEventGeneralFaultID
constant	MTREventIDTypeClusterPumpConfigurationAndControlEventLeakageID
constant	MTREventIDTypeClusterPumpConfigurationAndControlEventMotorTemperatureHighID
constant	MTREventIDTypeClusterPumpConfigurationAndControlEventPowerMissingPhaseID
constant	MTREventIDTypeClusterPumpConfigurationAndControlEventPumpBlockedID
constant	MTREventIDTypeClusterPumpConfigurationAndControlEventPumpMotorFatalFailureID
constant	MTREventIDTypeClusterPumpConfigurationAndControlEventSensorFailureID
constant	MTREventIDTypeClusterPumpConfigurationAndControlEventSupplyVoltageHighID
constant	MTREventIDTypeClusterPumpConfigurationAndControlEventSupplyVoltageLowID
constant	MTREventIDTypeClusterPumpConfigurationAndControlEventSystemPressureHighID
constant	MTREventIDTypeClusterPumpConfigurationAndControlEventSystemPressureLowID
constant	MTREventIDTypeClusterPumpConfigurationAndControlEventTurbineOperationID
constant	MTREventIDTypeClusterRVCOperationalStateEventOperationCompletionID
constant	MTREventIDTypeClusterRVCOperationalStateEventOperationalErrorID
constant	MTREventIDTypeClusterRefrigeratorAlarmEventNotifyID
constant	MTREventIDTypeClusterSmokeCOAlarmEventAlarmMutedID
constant	MTREventIDTypeClusterSmokeCOAlarmEventAllClearID
constant	MTREventIDTypeClusterSmokeCOAlarmEventCOAlarmID
constant	MTREventIDTypeClusterSmokeCOAlarmEventEndOfServiceID
constant	MTREventIDTypeClusterSmokeCOAlarmEventHardwareFaultID
constant	MTREventIDTypeClusterSmokeCOAlarmEventInterconnectCOAlarmID
constant	MTREventIDTypeClusterSmokeCOAlarmEventInterconnectSmokeAlarmID
constant	MTREventIDTypeClusterSmokeCOAlarmEventLowBatteryID
constant	MTREventIDTypeClusterSmokeCOAlarmEventMuteEndedID
constant	MTREventIDTypeClusterSmokeCOAlarmEventSelfTestCompleteID
constant	MTREventIDTypeClusterSmokeCOAlarmEventSmokeAlarmID
constant	MTREventIDTypeClusterSoftwareDiagnosticsEventSoftwareFaultID
constant	MTREventIDTypeClusterSwitchEventInitialPressID
constant	MTREventIDTypeClusterSwitchEventLongPressID
constant	MTREventIDTypeClusterSwitchEventLongReleaseID
constant	MTREventIDTypeClusterSwitchEventMultiPressCompleteID
constant	MTREventIDTypeClusterSwitchEventMultiPressOngoingID
constant	MTREventIDTypeClusterSwitchEventShortReleaseID
constant	MTREventIDTypeClusterSwitchEventSwitchLatchedID
constant	MTREventIDTypeClusterTargetNavigatorEventTargetUpdatedID
constant	MTREventIDTypeClusterThreadNetworkDiagnosticsEventConnectionStatusID
constant	MTREventIDTypeClusterThreadNetworkDiagnosticsEventNetworkFaultChangeID
constant	MTREventIDTypeClusterTimeSynchronizationEventDSTStatusID
constant	MTREventIDTypeClusterTimeSynchronizationEventDSTTableEmptyID
constant	MTREventIDTypeClusterTimeSynchronizationEventMissingTrustedTimeSourceID
constant	MTREventIDTypeClusterTimeSynchronizationEventTimeFailureID
constant	MTREventIDTypeClusterTimeSynchronizationEventTimeZoneStatusID
constant	MTREventIDTypeClusterUnitTestingEventTestEventID
constant	MTREventIDTypeClusterUnitTestingEventTestFabricScopedEventID
constant	MTREventIDTypeClusterValveConfigurationAndControlEventValveFaultID
constant	MTREventIDTypeClusterValveConfigurationAndControlEventValveStateChangedID
constant	MTREventIDTypeClusterWaterHeaterManagementEventBoostEndedID
constant	MTREventIDTypeClusterWaterHeaterManagementEventBoostStartedID
constant	MTREventIDTypeClusterWiFiNetworkDiagnosticsEventAssociationFailureID
constant	MTREventIDTypeClusterWiFiNetworkDiagnosticsEventConnectionStatusID
constant	MTREventIDTypeClusterWiFiNetworkDiagnosticsEventDisconnectionID
constant	MTREventPriorityCritical
constant	MTREventPriorityDebug
constant	MTREventPriorityInfo
constant	MTREventTimeTypeSystemUpTime
constant	MTREventTimeTypeTimestampDate
constant	MTRFanControlAirflowDirectionForward
constant	MTRFanControlAirflowDirectionReverse
constant	MTRFanControlFanModeAuto
constant	MTRFanControlFanModeHigh
constant	MTRFanControlFanModeLow
constant	MTRFanControlFanModeMedium
constant	MTRFanControlFanModeOff
constant	MTRFanControlFanModeOn
constant	MTRFanControlFanModeSequenceOffHigh
constant	MTRFanControlFanModeSequenceOffHighAuto
constant	MTRFanControlFanModeSequenceOffLowHigh
constant	MTRFanControlFanModeSequenceOffLowHighAuto
constant	MTRFanControlFanModeSequenceOffLowMedHigh
constant	MTRFanControlFanModeSequenceOffLowMedHighAuto
constant	MTRFanControlFanModeSequenceOffOn
constant	MTRFanControlFanModeSequenceOffOnAuto
constant	MTRFanControlFanModeSequenceTypeOffLowHigh
constant	MTRFanControlFanModeSequenceTypeOffLowHighAuto
constant	MTRFanControlFanModeSequenceTypeOffLowMedHigh
constant	MTRFanControlFanModeSequenceTypeOffLowMedHighAuto
constant	MTRFanControlFanModeSequenceTypeOffOn
constant	MTRFanControlFanModeSequenceTypeOffOnAuto
constant	MTRFanControlFanModeSmart
constant	MTRFanControlFanModeTypeAuto
constant	MTRFanControlFanModeTypeHigh
constant	MTRFanControlFanModeTypeLow
constant	MTRFanControlFanModeTypeMedium
constant	MTRFanControlFanModeTypeOff
constant	MTRFanControlFanModeTypeOn
constant	MTRFanControlFanModeTypeSmart
constant	MTRFanControlFeatureAirflowDirection
constant	MTRFanControlFeatureAuto
constant	MTRFanControlFeatureMultiSpeed
constant	MTRFanControlFeatureRocking
constant	MTRFanControlFeatureStep
constant	MTRFanControlFeatureWind
constant	MTRFanControlRockBitmapRockLeftRight
constant	MTRFanControlRockBitmapRockRound
constant	MTRFanControlRockBitmapRockUpDown
constant	MTRFanControlRockSupportMaskRockLeftRight
constant	MTRFanControlRockSupportMaskRockRound
constant	MTRFanControlRockSupportMaskRockUpDown
constant	MTRFanControlStepDirectionDecrease
constant	MTRFanControlStepDirectionIncrease
constant	MTRFanControlWindBitmapNaturalWind
constant	MTRFanControlWindBitmapSleepWind
constant	MTRFanControlWindSettingMaskNaturalWind
constant	MTRFanControlWindSettingMaskSleepWind
constant	MTRFanControlWindSupportMaskNaturalWind
constant	MTRFanControlWindSupportMaskSleepWind
constant	MTRFormaldehydeConcentrationMeasurementFeatureAverageMeasurement
constant	MTRFormaldehydeConcentrationMeasurementFeatureCriticalLevel
constant	MTRFormaldehydeConcentrationMeasurementFeatureLevelIndication
constant	MTRFormaldehydeConcentrationMeasurementFeatureMediumLevel
constant	MTRFormaldehydeConcentrationMeasurementFeatureNumericMeasurement
constant	MTRFormaldehydeConcentrationMeasurementFeaturePeakMeasurement
constant	MTRFormaldehydeConcentrationMeasurementLevelValueCritical
constant	MTRFormaldehydeConcentrationMeasurementLevelValueHigh
constant	MTRFormaldehydeConcentrationMeasurementLevelValueLow
constant	MTRFormaldehydeConcentrationMeasurementLevelValueMedium
constant	MTRFormaldehydeConcentrationMeasurementLevelValueUnknown
constant	MTRFormaldehydeConcentrationMeasurementMeasurementMediumAir
constant	MTRFormaldehydeConcentrationMeasurementMeasurementMediumSoil
constant	MTRFormaldehydeConcentrationMeasurementMeasurementMediumWater
constant	MTRFormaldehydeConcentrationMeasurementMeasurementUnitBQM3
constant	MTRFormaldehydeConcentrationMeasurementMeasurementUnitMGM3
constant	MTRFormaldehydeConcentrationMeasurementMeasurementUnitNGM3
constant	MTRFormaldehydeConcentrationMeasurementMeasurementUnitPM3
constant	MTRFormaldehydeConcentrationMeasurementMeasurementUnitPPB
constant	MTRFormaldehydeConcentrationMeasurementMeasurementUnitPPM
constant	MTRFormaldehydeConcentrationMeasurementMeasurementUnitPPT
constant	MTRFormaldehydeConcentrationMeasurementMeasurementUnitUGM3
constant	MTRGeneralCommissioningCommissioningErrorBusyWithOtherAdmin
constant	MTRGeneralCommissioningCommissioningErrorInvalidAuthentication
constant	MTRGeneralCommissioningCommissioningErrorNoFailSafe
constant	MTRGeneralCommissioningCommissioningErrorOK
constant	MTRGeneralCommissioningCommissioningErrorOk
constant	MTRGeneralCommissioningCommissioningErrorRequiredTCNotAccepted
constant	MTRGeneralCommissioningCommissioningErrorTCAcknowledgementsNotReceived
constant	MTRGeneralCommissioningCommissioningErrorTCMinVersionNotMet
constant	MTRGeneralCommissioningCommissioningErrorValueOutsideRange
constant	MTRGeneralCommissioningRegulatoryLocationTypeIndoor
constant	MTRGeneralCommissioningRegulatoryLocationTypeIndoorOutdoor
constant	MTRGeneralCommissioningRegulatoryLocationTypeOutdoor
constant	MTRGeneralDiagnosticsBootReasonBrownOutReset
constant	MTRGeneralDiagnosticsBootReasonHardwareWatchdogReset
constant	MTRGeneralDiagnosticsBootReasonPowerOnReboot
constant	MTRGeneralDiagnosticsBootReasonSoftwareReset
constant	MTRGeneralDiagnosticsBootReasonSoftwareUpdateCompleted
constant	MTRGeneralDiagnosticsBootReasonSoftwareWatchdogReset
constant	MTRGeneralDiagnosticsBootReasonTypeBrownOutReset
constant	MTRGeneralDiagnosticsBootReasonTypeHardwareWatchdogReset
constant	MTRGeneralDiagnosticsBootReasonTypePowerOnReboot
constant	MTRGeneralDiagnosticsBootReasonTypeSoftwareReset
constant	MTRGeneralDiagnosticsBootReasonTypeSoftwareUpdateCompleted
constant	MTRGeneralDiagnosticsBootReasonTypeSoftwareWatchdogReset
constant	MTRGeneralDiagnosticsBootReasonTypeUnspecified
constant	MTRGeneralDiagnosticsBootReasonUnspecified
constant	MTRGeneralDiagnosticsFeatureDataModelTest
constant	MTRGeneralDiagnosticsHardwareFaultAudioOutputFault
constant	MTRGeneralDiagnosticsHardwareFaultNonResettableOverTemp
constant	MTRGeneralDiagnosticsHardwareFaultNonVolatileMemoryError
constant	MTRGeneralDiagnosticsHardwareFaultPowerSource
constant	MTRGeneralDiagnosticsHardwareFaultRadio
constant	MTRGeneralDiagnosticsHardwareFaultResettableOverTemp
constant	MTRGeneralDiagnosticsHardwareFaultSensor
constant	MTRGeneralDiagnosticsHardwareFaultTamperDetected
constant	MTRGeneralDiagnosticsHardwareFaultTypeAudioOutputFault
constant	MTRGeneralDiagnosticsHardwareFaultTypeNonResettableOverTemp
constant	MTRGeneralDiagnosticsHardwareFaultTypeNonVolatileMemoryError
constant	MTRGeneralDiagnosticsHardwareFaultTypePowerSource
constant	MTRGeneralDiagnosticsHardwareFaultTypeRadio
constant	MTRGeneralDiagnosticsHardwareFaultTypeResettableOverTemp
constant	MTRGeneralDiagnosticsHardwareFaultTypeSensor
constant	MTRGeneralDiagnosticsHardwareFaultTypeTamperDetected
constant	MTRGeneralDiagnosticsHardwareFaultTypeUnspecified
constant	MTRGeneralDiagnosticsHardwareFaultTypeUserInterfaceFault
constant	MTRGeneralDiagnosticsHardwareFaultTypeVisualDisplayFault
constant	MTRGeneralDiagnosticsHardwareFaultUnspecified
constant	MTRGeneralDiagnosticsHardwareFaultUserInterfaceFault
constant	MTRGeneralDiagnosticsHardwareFaultVisualDisplayFault
constant	MTRGeneralDiagnosticsInterfaceTypeCellular
constant	MTRGeneralDiagnosticsInterfaceTypeEthernet
constant	MTRGeneralDiagnosticsInterfaceTypeThread
constant	MTRGeneralDiagnosticsInterfaceTypeUnspecified
constant	MTRGeneralDiagnosticsInterfaceTypeWiFi
constant	MTRGeneralDiagnosticsNetworkFaultConnectionFailed
constant	MTRGeneralDiagnosticsNetworkFaultHardwareFailure
constant	MTRGeneralDiagnosticsNetworkFaultNetworkJammed
constant	MTRGeneralDiagnosticsNetworkFaultTypeConnectionFailed
constant	MTRGeneralDiagnosticsNetworkFaultTypeHardwareFailure
constant	MTRGeneralDiagnosticsNetworkFaultTypeNetworkJammed
constant	MTRGeneralDiagnosticsNetworkFaultTypeUnspecified
constant	MTRGeneralDiagnosticsNetworkFaultUnspecified
constant	MTRGeneralDiagnosticsRadioFaultBLEFault
constant	MTRGeneralDiagnosticsRadioFaultCellularFault
constant	MTRGeneralDiagnosticsRadioFaultEthernetFault
constant	MTRGeneralDiagnosticsRadioFaultNFCFault
constant	MTRGeneralDiagnosticsRadioFaultThreadFault
constant	MTRGeneralDiagnosticsRadioFaultTypeBLEFault
constant	MTRGeneralDiagnosticsRadioFaultTypeCellularFault
constant	MTRGeneralDiagnosticsRadioFaultTypeEthernetFault
constant	MTRGeneralDiagnosticsRadioFaultTypeNFCFault
constant	MTRGeneralDiagnosticsRadioFaultTypeThreadFault
constant	MTRGeneralDiagnosticsRadioFaultTypeUnspecified
constant	MTRGeneralDiagnosticsRadioFaultTypeWiFiFault
constant	MTRGeneralDiagnosticsRadioFaultUnspecified
constant	MTRGeneralDiagnosticsRadioFaultWiFiFault
constant	MTRGroupKeyManagementGroupKeySecurityPolicyCacheAndSync
constant	MTRGroupKeyManagementGroupKeySecurityPolicyTrustFirst
constant	MTRGroupsFeatureGroupNames
constant	MTRGroupsGroupClusterFeatureGroupNames
constant	MTRGroupsNameSupportBitmapGroupNames
constant	MTRHEPAFilterMonitoringChangeIndicationCritical
constant	MTRHEPAFilterMonitoringChangeIndicationOK
constant	MTRHEPAFilterMonitoringChangeIndicationWarning
constant	MTRHEPAFilterMonitoringDegradationDirectionDown
constant	MTRHEPAFilterMonitoringDegradationDirectionUp
constant	MTRHEPAFilterMonitoringFeatureCondition
constant	MTRHEPAFilterMonitoringFeatureReplacementProductList
constant	MTRHEPAFilterMonitoringFeatureWarning
constant	MTRHEPAFilterMonitoringProductIdentifierTypeEAN
constant	MTRHEPAFilterMonitoringProductIdentifierTypeGTIN14
constant	MTRHEPAFilterMonitoringProductIdentifierTypeGTIN8
constant	MTRHEPAFilterMonitoringProductIdentifierTypeOEM
constant	MTRHEPAFilterMonitoringProductIdentifierTypeUPC
constant	MTRICDManagementClientTypeEphemeral
constant	MTRICDManagementClientTypePermanent
constant	MTRICDManagementFeatureCheckInProtocolSupport
constant	MTRICDManagementFeatureDynamicSitLitSupport
constant	MTRICDManagementFeatureLongIdleTimeSupport
constant	MTRICDManagementFeatureUserActiveModeTrigger
constant	MTRICDManagementOperatingModeLIT
constant	MTRICDManagementOperatingModeSIT
constant	MTRICDManagementUserActiveModeTriggerBitmapActuateSensor
constant	MTRICDManagementUserActiveModeTriggerBitmapActuateSensorLightsBlink
constant	MTRICDManagementUserActiveModeTriggerBitmapActuateSensorSeconds
constant	MTRICDManagementUserActiveModeTriggerBitmapActuateSensorTimes
constant	MTRICDManagementUserActiveModeTriggerBitmapAppDefinedButton
constant	MTRICDManagementUserActiveModeTriggerBitmapCustomInstruction
constant	MTRICDManagementUserActiveModeTriggerBitmapDeviceManual
constant	MTRICDManagementUserActiveModeTriggerBitmapPowerCycle
constant	MTRICDManagementUserActiveModeTriggerBitmapResetButton
constant	MTRICDManagementUserActiveModeTriggerBitmapResetButtonLightsBlink
constant	MTRICDManagementUserActiveModeTriggerBitmapResetButtonSeconds
constant	MTRICDManagementUserActiveModeTriggerBitmapResetButtonTimes
constant	MTRICDManagementUserActiveModeTriggerBitmapSettingsMenu
constant	MTRICDManagementUserActiveModeTriggerBitmapSetupButton
constant	MTRICDManagementUserActiveModeTriggerBitmapSetupButtonLightsBlink
constant	MTRICDManagementUserActiveModeTriggerBitmapSetupButtonSeconds
constant	MTRICDManagementUserActiveModeTriggerBitmapSetupButtonTimes
constant	MTRIdentifyEffectIdentifierBlink
constant	MTRIdentifyEffectIdentifierBreathe
constant	MTRIdentifyEffectIdentifierChannelChange
constant	MTRIdentifyEffectIdentifierFinishEffect
constant	MTRIdentifyEffectIdentifierOkay
constant	MTRIdentifyEffectIdentifierStopEffect
constant	MTRIdentifyEffectVariantDefault
constant	MTRIdentifyTypeActuator
constant	MTRIdentifyTypeAudibleBeep
constant	MTRIdentifyTypeDisplay
constant	MTRIdentifyTypeLightOutput
constant	MTRIdentifyTypeNone
constant	MTRIdentifyTypeVisibleIndicator
constant	MTRIdentifyTypeVisibleLED
constant	MTRIdentifyTypeVisibleLight
constant	MTRIlluminanceMeasurementLightSensorTypeCMOS
constant	MTRIlluminanceMeasurementLightSensorTypePhotodiode
constant	MTRInteractionErrorCodeAccessRestricted
constant	MTRInteractionErrorCodeBusy
constant	MTRInteractionErrorCodeConstraintError
constant	MTRInteractionErrorCodeDataVersionMismatch
constant	MTRInteractionErrorCodeDynamicConstraintError
constant	MTRInteractionErrorCodeFailsafeRequired
constant	MTRInteractionErrorCodeFailure
constant	MTRInteractionErrorCodeInvalidAction
constant	MTRInteractionErrorCodeInvalidCommand
constant	MTRInteractionErrorCodeInvalidDataType
constant	MTRInteractionErrorCodeInvalidInState
constant	MTRInteractionErrorCodeInvalidSubscription
constant	MTRInteractionErrorCodeInvalidTransportType
constant	MTRInteractionErrorCodeNeedsTimedInteraction
constant	MTRInteractionErrorCodeNoCommandResponse
constant	MTRInteractionErrorCodeNoUpstreamSubscription
constant	MTRInteractionErrorCodeNotFound
constant	MTRInteractionErrorCodePathsExhausted
constant	MTRInteractionErrorCodeResourceExhausted
constant	MTRInteractionErrorCodeTimedRequestMismatch
constant	MTRInteractionErrorCodeTimeout
constant	MTRInteractionErrorCodeUnreportableAttribute
constant	MTRInteractionErrorCodeUnsupportedAccess
constant	MTRInteractionErrorCodeUnsupportedAttribute
constant	MTRInteractionErrorCodeUnsupportedCluster
constant	MTRInteractionErrorCodeUnsupportedCommand
constant	MTRInteractionErrorCodeUnsupportedEndpoint
constant	MTRInteractionErrorCodeUnsupportedEvent
constant	MTRInteractionErrorCodeUnsupportedRead
constant	MTRInteractionErrorCodeUnsupportedWrite
constant	MTRKeypadInputCECKeyCodeAngle
constant	MTRKeypadInputCECKeyCodeBackward
constant	MTRKeypadInputCECKeyCodeChannelDown
constant	MTRKeypadInputCECKeyCodeChannelUp
constant	MTRKeypadInputCECKeyCodeClear
constant	MTRKeypadInputCECKeyCodeContentsMenu
constant	MTRKeypadInputCECKeyCodeData
constant	MTRKeypadInputCECKeyCodeDisplayInformation
constant	MTRKeypadInputCECKeyCodeDot
constant	MTRKeypadInputCECKeyCodeDown
constant	MTRKeypadInputCECKeyCodeEject
constant	MTRKeypadInputCECKeyCodeElectronicProgramGuide
constant	MTRKeypadInputCECKeyCodeEnter
constant	MTRKeypadInputCECKeyCodeExit
constant	MTRKeypadInputCECKeyCodeF1Blue
constant	MTRKeypadInputCECKeyCodeF2Red
constant	MTRKeypadInputCECKeyCodeF3Green
constant	MTRKeypadInputCECKeyCodeF4Yellow
constant	MTRKeypadInputCECKeyCodeF5
constant	MTRKeypadInputCECKeyCodeFastForward
constant	MTRKeypadInputCECKeyCodeFavoriteMenu
constant	MTRKeypadInputCECKeyCodeForward
constant	MTRKeypadInputCECKeyCodeHelp
constant	MTRKeypadInputCECKeyCodeInitialConfiguration
constant	MTRKeypadInputCECKeyCodeInputSelect
constant	MTRKeypadInputCECKeyCodeLeft
constant	MTRKeypadInputCECKeyCodeLeftDown
constant	MTRKeypadInputCECKeyCodeLeftUp
constant	MTRKeypadInputCECKeyCodeMediaContextSensitiveMenu
constant	MTRKeypadInputCECKeyCodeMediaTopMenu
constant	MTRKeypadInputCECKeyCodeMute
constant	MTRKeypadInputCECKeyCodeMuteFunction
constant	MTRKeypadInputCECKeyCodeNextFavorite
constant	MTRKeypadInputCECKeyCodeNumber0OrNumber10
constant	MTRKeypadInputCECKeyCodeNumber11
constant	MTRKeypadInputCECKeyCodeNumber12
constant	MTRKeypadInputCECKeyCodeNumberEntryMode
constant	MTRKeypadInputCECKeyCodeNumbers1
constant	MTRKeypadInputCECKeyCodeNumbers2
constant	MTRKeypadInputCECKeyCodeNumbers3
constant	MTRKeypadInputCECKeyCodeNumbers4
constant	MTRKeypadInputCECKeyCodeNumbers5
constant	MTRKeypadInputCECKeyCodeNumbers6
constant	MTRKeypadInputCECKeyCodeNumbers7
constant	MTRKeypadInputCECKeyCodeNumbers8
constant	MTRKeypadInputCECKeyCodeNumbers9
constant	MTRKeypadInputCECKeyCodePageDown
constant	MTRKeypadInputCECKeyCodePageUp
constant	MTRKeypadInputCECKeyCodePause
constant	MTRKeypadInputCECKeyCodePausePlayFunction
constant	MTRKeypadInputCECKeyCodePauseRecord
constant	MTRKeypadInputCECKeyCodePauseRecordFunction
constant	MTRKeypadInputCECKeyCodePlay
constant	MTRKeypadInputCECKeyCodePlayFunction
constant	MTRKeypadInputCECKeyCodePower
constant	MTRKeypadInputCECKeyCodePowerOffFunction
constant	MTRKeypadInputCECKeyCodePowerOnFunction
constant	MTRKeypadInputCECKeyCodePowerToggleFunction
constant	MTRKeypadInputCECKeyCodePreviousChannel
constant	MTRKeypadInputCECKeyCodeRecord
constant	MTRKeypadInputCECKeyCodeRecordFunction
constant	MTRKeypadInputCECKeyCodeReserved
constant	MTRKeypadInputCECKeyCodeRestoreVolumeFunction
constant	MTRKeypadInputCECKeyCodeRewind
constant	MTRKeypadInputCECKeyCodeRight
constant	MTRKeypadInputCECKeyCodeRightDown
constant	MTRKeypadInputCECKeyCodeRightUp
constant	MTRKeypadInputCECKeyCodeRootMenu
constant	MTRKeypadInputCECKeyCodeSelect
constant	MTRKeypadInputCECKeyCodeSelectAudioInputFunction
constant	MTRKeypadInputCECKeyCodeSelectAvInputFunction
constant	MTRKeypadInputCECKeyCodeSelectBroadcastType
constant	MTRKeypadInputCECKeyCodeSelectMediaFunction
constant	MTRKeypadInputCECKeyCodeSelectSoundPresentation
constant	MTRKeypadInputCECKeyCodeSetupMenu
constant	MTRKeypadInputCECKeyCodeSoundSelect
constant	MTRKeypadInputCECKeyCodeStop
constant	MTRKeypadInputCECKeyCodeStopFunction
constant	MTRKeypadInputCECKeyCodeStopRecord
constant	MTRKeypadInputCECKeyCodeSubPicture
constant	MTRKeypadInputCECKeyCodeTimerProgramming
constant	MTRKeypadInputCECKeyCodeTuneFunction
constant	MTRKeypadInputCECKeyCodeUp
constant	MTRKeypadInputCECKeyCodeVideoOnDemand
constant	MTRKeypadInputCECKeyCodeVolumeDown
constant	MTRKeypadInputCECKeyCodeVolumeUp
constant	MTRKeypadInputCecKeyCodeAngle
constant	MTRKeypadInputCecKeyCodeBackward
constant	MTRKeypadInputCecKeyCodeChannelDown
constant	MTRKeypadInputCecKeyCodeChannelUp
constant	MTRKeypadInputCecKeyCodeClear
constant	MTRKeypadInputCecKeyCodeContentsMenu
constant	MTRKeypadInputCecKeyCodeData
constant	MTRKeypadInputCecKeyCodeDisplayInformation
constant	MTRKeypadInputCecKeyCodeDot
constant	MTRKeypadInputCecKeyCodeDown
constant	MTRKeypadInputCecKeyCodeEject
constant	MTRKeypadInputCecKeyCodeElectronicProgramGuide
constant	MTRKeypadInputCecKeyCodeEnter
constant	MTRKeypadInputCecKeyCodeExit
constant	MTRKeypadInputCecKeyCodeF1Blue
constant	MTRKeypadInputCecKeyCodeF2Red
constant	MTRKeypadInputCecKeyCodeF3Green
constant	MTRKeypadInputCecKeyCodeF4Yellow
constant	MTRKeypadInputCecKeyCodeF5
constant	MTRKeypadInputCecKeyCodeFastForward
constant	MTRKeypadInputCecKeyCodeFavoriteMenu
constant	MTRKeypadInputCecKeyCodeForward
constant	MTRKeypadInputCecKeyCodeHelp
constant	MTRKeypadInputCecKeyCodeInitialConfiguration
constant	MTRKeypadInputCecKeyCodeInputSelect
constant	MTRKeypadInputCecKeyCodeLeft
constant	MTRKeypadInputCecKeyCodeLeftDown
constant	MTRKeypadInputCecKeyCodeLeftUp
constant	MTRKeypadInputCecKeyCodeMediaContextSensitiveMenu
constant	MTRKeypadInputCecKeyCodeMediaTopMenu
constant	MTRKeypadInputCecKeyCodeMute
constant	MTRKeypadInputCecKeyCodeMuteFunction
constant	MTRKeypadInputCecKeyCodeNextFavorite
constant	MTRKeypadInputCecKeyCodeNumber0OrNumber10
constant	MTRKeypadInputCecKeyCodeNumber11
constant	MTRKeypadInputCecKeyCodeNumber12
constant	MTRKeypadInputCecKeyCodeNumberEntryMode
constant	MTRKeypadInputCecKeyCodeNumbers1
constant	MTRKeypadInputCecKeyCodeNumbers2
constant	MTRKeypadInputCecKeyCodeNumbers3
constant	MTRKeypadInputCecKeyCodeNumbers4
constant	MTRKeypadInputCecKeyCodeNumbers5
constant	MTRKeypadInputCecKeyCodeNumbers6
constant	MTRKeypadInputCecKeyCodeNumbers7
constant	MTRKeypadInputCecKeyCodeNumbers8
constant	MTRKeypadInputCecKeyCodeNumbers9
constant	MTRKeypadInputCecKeyCodePageDown
constant	MTRKeypadInputCecKeyCodePageUp
constant	MTRKeypadInputCecKeyCodePause
constant	MTRKeypadInputCecKeyCodePausePlayFunction
constant	MTRKeypadInputCecKeyCodePauseRecord
constant	MTRKeypadInputCecKeyCodePauseRecordFunction
constant	MTRKeypadInputCecKeyCodePlay
constant	MTRKeypadInputCecKeyCodePlayFunction
constant	MTRKeypadInputCecKeyCodePower
constant	MTRKeypadInputCecKeyCodePowerOffFunction
constant	MTRKeypadInputCecKeyCodePowerOnFunction
constant	MTRKeypadInputCecKeyCodePowerToggleFunction
constant	MTRKeypadInputCecKeyCodePreviousChannel
constant	MTRKeypadInputCecKeyCodeRecord
constant	MTRKeypadInputCecKeyCodeRecordFunction
constant	MTRKeypadInputCecKeyCodeReserved
constant	MTRKeypadInputCecKeyCodeRestoreVolumeFunction
constant	MTRKeypadInputCecKeyCodeRewind
constant	MTRKeypadInputCecKeyCodeRight
constant	MTRKeypadInputCecKeyCodeRightDown
constant	MTRKeypadInputCecKeyCodeRightUp
constant	MTRKeypadInputCecKeyCodeRootMenu
constant	MTRKeypadInputCecKeyCodeSelect
constant	MTRKeypadInputCecKeyCodeSelectAudioInputFunction
constant	MTRKeypadInputCecKeyCodeSelectAvInputFunction
constant	MTRKeypadInputCecKeyCodeSelectBroadcastType
constant	MTRKeypadInputCecKeyCodeSelectMediaFunction
constant	MTRKeypadInputCecKeyCodeSelectSoundPresentation
constant	MTRKeypadInputCecKeyCodeSetupMenu
constant	MTRKeypadInputCecKeyCodeSoundSelect
constant	MTRKeypadInputCecKeyCodeStop
constant	MTRKeypadInputCecKeyCodeStopFunction
constant	MTRKeypadInputCecKeyCodeStopRecord
constant	MTRKeypadInputCecKeyCodeSubPicture
constant	MTRKeypadInputCecKeyCodeTimerProgramming
constant	MTRKeypadInputCecKeyCodeTuneFunction
constant	MTRKeypadInputCecKeyCodeUp
constant	MTRKeypadInputCecKeyCodeVideoOnDemand
constant	MTRKeypadInputCecKeyCodeVolumeDown
constant	MTRKeypadInputCecKeyCodeVolumeUp
constant	MTRKeypadInputFeatureLocationKeys
constant	MTRKeypadInputFeatureNavigationKeyCodes
constant	MTRKeypadInputFeatureNumberKeys
constant	MTRKeypadInputStatusInvalidKeyInCurrentState
constant	MTRKeypadInputStatusSuccess
constant	MTRKeypadInputStatusUnsupportedKey
constant	MTRLaundryDryerControlsDrynessLevelExtra
constant	MTRLaundryDryerControlsDrynessLevelLow
constant	MTRLaundryDryerControlsDrynessLevelMax
constant	MTRLaundryDryerControlsDrynessLevelNormal
constant	MTRLaundryWasherControlsFeatureRinse
constant	MTRLaundryWasherControlsFeatureSpin
constant	MTRLaundryWasherControlsNumberOfRinsesExtra
constant	MTRLaundryWasherControlsNumberOfRinsesMax
constant	MTRLaundryWasherControlsNumberOfRinsesNone
constant	MTRLaundryWasherControlsNumberOfRinsesNormal
constant	MTRLaundryWasherModeModeTagAuto
constant	MTRLaundryWasherModeModeTagDay
constant	MTRLaundryWasherModeModeTagDelicate
constant	MTRLaundryWasherModeModeTagHeavy
constant	MTRLaundryWasherModeModeTagLowEnergy
constant	MTRLaundryWasherModeModeTagLowNoise
constant	MTRLaundryWasherModeModeTagMax
constant	MTRLaundryWasherModeModeTagMin
constant	MTRLaundryWasherModeModeTagNight
constant	MTRLaundryWasherModeModeTagNormal
constant	MTRLaundryWasherModeModeTagQuick
constant	MTRLaundryWasherModeModeTagQuiet
constant	MTRLaundryWasherModeModeTagVacation
constant	MTRLaundryWasherModeModeTagWhites
constant	MTRLevelControlFeatureFrequency
constant	MTRLevelControlFeatureLighting
constant	MTRLevelControlFeatureOnOff
constant	MTRLevelControlMoveModeDown
constant	MTRLevelControlMoveModeUp
constant	MTRLevelControlOptionsBitmapCoupleColorTempToLevel
constant	MTRLevelControlOptionsBitmapExecuteIfOff
constant	MTRLevelControlOptionsCoupleColorTempToLevel
constant	MTRLevelControlOptionsExecuteIfOff
constant	MTRLevelControlStepModeDown
constant	MTRLevelControlStepModeUp
constant	MTRMediaInputFeatureNameUpdates
constant	MTRMediaInputInputTypeAux
constant	MTRMediaInputInputTypeCoax
constant	MTRMediaInputInputTypeComposite
constant	MTRMediaInputInputTypeHDMI
constant	MTRMediaInputInputTypeHdmi
constant	MTRMediaInputInputTypeInput
constant	MTRMediaInputInputTypeInternal
constant	MTRMediaInputInputTypeLine
constant	MTRMediaInputInputTypeOptical
constant	MTRMediaInputInputTypeOther
constant	MTRMediaInputInputTypeSCART
constant	MTRMediaInputInputTypeScart
constant	MTRMediaInputInputTypeUSB
constant	MTRMediaInputInputTypeUsb
constant	MTRMediaInputInputTypeVideo
constant	MTRMediaPlaybackCharacteristicAlternate
constant	MTRMediaPlaybackCharacteristicCaption
constant	MTRMediaPlaybackCharacteristicCommentary
constant	MTRMediaPlaybackCharacteristicDescribesVideo
constant	MTRMediaPlaybackCharacteristicDescription
constant	MTRMediaPlaybackCharacteristicDubbedTranslation
constant	MTRMediaPlaybackCharacteristicEasyToRead
constant	MTRMediaPlaybackCharacteristicEmergency
constant	MTRMediaPlaybackCharacteristicEnhancedAudioIntelligibility
constant	MTRMediaPlaybackCharacteristicForcedSubtitles
constant	MTRMediaPlaybackCharacteristicFrameBased
constant	MTRMediaPlaybackCharacteristicKaraoke
constant	MTRMediaPlaybackCharacteristicMainProgram
constant	MTRMediaPlaybackCharacteristicMetadata
constant	MTRMediaPlaybackCharacteristicOriginalContent
constant	MTRMediaPlaybackCharacteristicSubtitle
constant	MTRMediaPlaybackCharacteristicSupplementary
constant	MTRMediaPlaybackCharacteristicVoiceOverTranslation
constant	MTRMediaPlaybackFeatureAdvancedSeek
constant	MTRMediaPlaybackFeatureAudioAdvance
constant	MTRMediaPlaybackFeatureAudioTracks
constant	MTRMediaPlaybackFeatureTextTracks
constant	MTRMediaPlaybackFeatureVariableSpeed
constant	MTRMediaPlaybackPlaybackStateBuffering
constant	MTRMediaPlaybackPlaybackStateNotPlaying
constant	MTRMediaPlaybackPlaybackStatePaused
constant	MTRMediaPlaybackPlaybackStatePlaying
constant	MTRMediaPlaybackStatusInvalidStateForCommand
constant	MTRMediaPlaybackStatusNotActive
constant	MTRMediaPlaybackStatusNotAllowed
constant	MTRMediaPlaybackStatusSeekOutOfRange
constant	MTRMediaPlaybackStatusSpeedOutOfRange
constant	MTRMediaPlaybackStatusSuccess
constant	MTRMessagesFeatureConfirmationReply
constant	MTRMessagesFeatureConfirmationResponse
constant	MTRMessagesFeatureProtectedMessages
constant	MTRMessagesFeatureReceivedConfirmation
constant	MTRMessagesFutureMessagePreferenceAllowed
constant	MTRMessagesFutureMessagePreferenceBanned
constant	MTRMessagesFutureMessagePreferenceDisallowed
constant	MTRMessagesFutureMessagePreferenceIncreased
constant	MTRMessagesFutureMessagePreferenceReduced
constant	MTRMessagesMessageControlBitmapConfirmationRequired
constant	MTRMessagesMessageControlBitmapMessageConfirmed
constant	MTRMessagesMessageControlBitmapMessageProtected
constant	MTRMessagesMessageControlBitmapReplyMessage
constant	MTRMessagesMessageControlBitmapResponseRequired
constant	MTRMessagesMessagePriorityCritical
constant	MTRMessagesMessagePriorityHigh
constant	MTRMessagesMessagePriorityLow
constant	MTRMessagesMessagePriorityMedium
constant	MTRMicrowaveOvenControlFeaturePowerAsNumber
constant	MTRMicrowaveOvenControlFeaturePowerInWatts
constant	MTRMicrowaveOvenControlFeaturePowerNumberLimits
constant	MTRMicrowaveOvenModeModeTagAuto
constant	MTRMicrowaveOvenModeModeTagDay
constant	MTRMicrowaveOvenModeModeTagDefrost
constant	MTRMicrowaveOvenModeModeTagLowEnergy
constant	MTRMicrowaveOvenModeModeTagLowNoise
constant	MTRMicrowaveOvenModeModeTagMax
constant	MTRMicrowaveOvenModeModeTagMin
constant	MTRMicrowaveOvenModeModeTagNight
constant	MTRMicrowaveOvenModeModeTagNormal
constant	MTRMicrowaveOvenModeModeTagQuick
constant	MTRMicrowaveOvenModeModeTagQuiet
constant	MTRMicrowaveOvenModeModeTagVacation
constant	MTRModeSelectFeatureDEPONOFF
constant	MTRModeSelectFeatureOnOff
constant	MTRNetworkCommissioningFeatureEthernetNetworkInterface
constant	MTRNetworkCommissioningFeaturePerDeviceCredentials
constant	MTRNetworkCommissioningFeatureThreadNetworkInterface
constant	MTRNetworkCommissioningFeatureWiFiNetworkInterface
constant	MTRNetworkCommissioningStatusAuthFailure
constant	MTRNetworkCommissioningStatusBoundsExceeded
constant	MTRNetworkCommissioningStatusDuplicateNetworkID
constant	MTRNetworkCommissioningStatusIPBindFailed
constant	MTRNetworkCommissioningStatusIPV6Failed
constant	MTRNetworkCommissioningStatusNetworkIDNotFound
constant	MTRNetworkCommissioningStatusNetworkNotFound
constant	MTRNetworkCommissioningStatusOtherConnectionFailure
constant	MTRNetworkCommissioningStatusOutOfRange
constant	MTRNetworkCommissioningStatusRegulatoryError
constant	MTRNetworkCommissioningStatusSuccess
constant	MTRNetworkCommissioningStatusUnknownError
constant	MTRNetworkCommissioningStatusUnsupportedSecurity
constant	MTRNetworkCommissioningThreadCapabilitiesBitmapIsBorderRouterCapable
constant	MTRNetworkCommissioningThreadCapabilitiesBitmapIsFullThreadDevice
constant	MTRNetworkCommissioningThreadCapabilitiesBitmapIsRouterCapable
constant	MTRNetworkCommissioningThreadCapabilitiesBitmapIsSleepyEndDeviceCapable
constant	MTRNetworkCommissioningThreadCapabilitiesBitmapIsSynchronizedSleepyEndDeviceCapable
constant	MTRNetworkCommissioningWiFiBand1G
constant	MTRNetworkCommissioningWiFiBand2G4
constant	MTRNetworkCommissioningWiFiBand3G65
constant	MTRNetworkCommissioningWiFiBand5G
constant	MTRNetworkCommissioningWiFiBand60G
constant	MTRNetworkCommissioningWiFiBand6G
constant	MTRNetworkCommissioningWiFiSecurityBitmapUnencrypted
constant	MTRNetworkCommissioningWiFiSecurityBitmapWEP
constant	MTRNetworkCommissioningWiFiSecurityBitmapWPA2Personal
constant	MTRNetworkCommissioningWiFiSecurityBitmapWPA3MatterPDC
constant	MTRNetworkCommissioningWiFiSecurityBitmapWPA3Personal
constant	MTRNetworkCommissioningWiFiSecurityBitmapWPAPersonal
constant	MTRNetworkCommissioningWiFiSecurityUnencrypted
constant	MTRNetworkCommissioningWiFiSecurityWEP
constant	MTRNetworkCommissioningWiFiSecurityWPA2Personal
constant	MTRNetworkCommissioningWiFiSecurityWPA3Personal
constant	MTRNetworkCommissioningWiFiSecurityWPAPersonal
constant	MTRNetworkCommissioningWiFiSecurityWepPersonal
constant	MTRNetworkCommissioningWiFiSecurityWpa2Personal
constant	MTRNetworkCommissioningWiFiSecurityWpa3Personal
constant	MTRNetworkCommissioningWiFiSecurityWpaPersonal
constant	MTRNitrogenDioxideConcentrationMeasurementFeatureAverageMeasurement
constant	MTRNitrogenDioxideConcentrationMeasurementFeatureCriticalLevel
constant	MTRNitrogenDioxideConcentrationMeasurementFeatureLevelIndication
constant	MTRNitrogenDioxideConcentrationMeasurementFeatureMediumLevel
constant	MTRNitrogenDioxideConcentrationMeasurementFeatureNumericMeasurement
constant	MTRNitrogenDioxideConcentrationMeasurementFeaturePeakMeasurement
constant	MTRNitrogenDioxideConcentrationMeasurementLevelValueCritical
constant	MTRNitrogenDioxideConcentrationMeasurementLevelValueHigh
constant	MTRNitrogenDioxideConcentrationMeasurementLevelValueLow
constant	MTRNitrogenDioxideConcentrationMeasurementLevelValueMedium
constant	MTRNitrogenDioxideConcentrationMeasurementLevelValueUnknown
constant	MTRNitrogenDioxideConcentrationMeasurementMeasurementMediumAir
constant	MTRNitrogenDioxideConcentrationMeasurementMeasurementMediumSoil
constant	MTRNitrogenDioxideConcentrationMeasurementMeasurementMediumWater
constant	MTRNitrogenDioxideConcentrationMeasurementMeasurementUnitBQM3
constant	MTRNitrogenDioxideConcentrationMeasurementMeasurementUnitMGM3
constant	MTRNitrogenDioxideConcentrationMeasurementMeasurementUnitNGM3
constant	MTRNitrogenDioxideConcentrationMeasurementMeasurementUnitPM3
constant	MTRNitrogenDioxideConcentrationMeasurementMeasurementUnitPPB
constant	MTRNitrogenDioxideConcentrationMeasurementMeasurementUnitPPM
constant	MTRNitrogenDioxideConcentrationMeasurementMeasurementUnitPPT
constant	MTRNitrogenDioxideConcentrationMeasurementMeasurementUnitUGM3
constant	MTROTAImageDigestTypeSha256
constant	MTROTAImageDigestTypeSha256_120
constant	MTROTAImageDigestTypeSha256_128
constant	MTROTAImageDigestTypeSha256_32
constant	MTROTAImageDigestTypeSha256_64
constant	MTROTAImageDigestTypeSha256_96
constant	MTROTAImageDigestTypeSha384
constant	MTROTAImageDigestTypeSha3_224
constant	MTROTAImageDigestTypeSha3_256
constant	MTROTAImageDigestTypeSha3_384
constant	MTROTAImageDigestTypeSha3_512
constant	MTROTAImageDigestTypeSha512
constant	MTROTASoftwareUpdateProviderApplyUpdateActionAwaitNextAction
constant	MTROTASoftwareUpdateProviderApplyUpdateActionDiscontinue
constant	MTROTASoftwareUpdateProviderApplyUpdateActionProceed
constant	MTROTASoftwareUpdateProviderDownloadProtocolBDXAsynchronous
constant	MTROTASoftwareUpdateProviderDownloadProtocolBDXSynchronous
constant	MTROTASoftwareUpdateProviderDownloadProtocolHTTPS
constant	MTROTASoftwareUpdateProviderDownloadProtocolVendorSpecific
constant	MTROTASoftwareUpdateProviderOTAApplyUpdateActionAwaitNextAction
constant	MTROTASoftwareUpdateProviderOTAApplyUpdateActionDiscontinue
constant	MTROTASoftwareUpdateProviderOTAApplyUpdateActionProceed
constant	MTROTASoftwareUpdateProviderOTADownloadProtocolBDXAsynchronous
constant	MTROTASoftwareUpdateProviderOTADownloadProtocolBDXSynchronous
constant	MTROTASoftwareUpdateProviderOTADownloadProtocolHTTPS
constant	MTROTASoftwareUpdateProviderOTADownloadProtocolVendorSpecific
constant	MTROTASoftwareUpdateProviderOTAQueryStatusBusy
constant	MTROTASoftwareUpdateProviderOTAQueryStatusDownloadProtocolNotSupported
constant	MTROTASoftwareUpdateProviderOTAQueryStatusNotAvailable
constant	MTROTASoftwareUpdateProviderOTAQueryStatusUpdateAvailable
constant	MTROTASoftwareUpdateProviderStatusBusy
constant	MTROTASoftwareUpdateProviderStatusDownloadProtocolNotSupported
constant	MTROTASoftwareUpdateProviderStatusNotAvailable
constant	MTROTASoftwareUpdateProviderStatusUpdateAvailable
constant	MTROTASoftwareUpdateRequestorAnnouncementReasonSimpleAnnouncement
constant	MTROTASoftwareUpdateRequestorAnnouncementReasonUpdateAvailable
constant	MTROTASoftwareUpdateRequestorAnnouncementReasonUrgentUpdateAvailable
constant	MTROTASoftwareUpdateRequestorChangeReasonDelayByProvider
constant	MTROTASoftwareUpdateRequestorChangeReasonFailure
constant	MTROTASoftwareUpdateRequestorChangeReasonSuccess
constant	MTROTASoftwareUpdateRequestorChangeReasonTimeOut
constant	MTROTASoftwareUpdateRequestorChangeReasonUnknown
constant	MTROTASoftwareUpdateRequestorOTAAnnouncementReasonSimpleAnnouncement
constant	MTROTASoftwareUpdateRequestorOTAAnnouncementReasonUpdateAvailable
constant	MTROTASoftwareUpdateRequestorOTAAnnouncementReasonUrgentUpdateAvailable
constant	MTROTASoftwareUpdateRequestorOTAChangeReasonDelayByProvider
constant	MTROTASoftwareUpdateRequestorOTAChangeReasonFailure
constant	MTROTASoftwareUpdateRequestorOTAChangeReasonSuccess
constant	MTROTASoftwareUpdateRequestorOTAChangeReasonTimeOut
constant	MTROTASoftwareUpdateRequestorOTAChangeReasonUnknown
constant	MTROTASoftwareUpdateRequestorOTAUpdateStateApplying
constant	MTROTASoftwareUpdateRequestorOTAUpdateStateDelayedOnApply
constant	MTROTASoftwareUpdateRequestorOTAUpdateStateDelayedOnQuery
constant	MTROTASoftwareUpdateRequestorOTAUpdateStateDelayedOnUserConsent
constant	MTROTASoftwareUpdateRequestorOTAUpdateStateDownloading
constant	MTROTASoftwareUpdateRequestorOTAUpdateStateIdle
constant	MTROTASoftwareUpdateRequestorOTAUpdateStateQuerying
constant	MTROTASoftwareUpdateRequestorOTAUpdateStateRollingBack
constant	MTROTASoftwareUpdateRequestorOTAUpdateStateUnknown
constant	MTROTASoftwareUpdateRequestorUpdateStateApplying
constant	MTROTASoftwareUpdateRequestorUpdateStateDelayedOnApply
constant	MTROTASoftwareUpdateRequestorUpdateStateDelayedOnQuery
constant	MTROTASoftwareUpdateRequestorUpdateStateDelayedOnUserConsent
constant	MTROTASoftwareUpdateRequestorUpdateStateDownloading
constant	MTROTASoftwareUpdateRequestorUpdateStateIdle
constant	MTROTASoftwareUpdateRequestorUpdateStateQuerying
constant	MTROTASoftwareUpdateRequestorUpdateStateRollingBack
constant	MTROTASoftwareUpdateRequestorUpdateStateUnknown
constant	MTROccupancySensingFeatureActiveInfrared
constant	MTROccupancySensingFeatureOther
constant	MTROccupancySensingFeaturePassiveInfrared
constant	MTROccupancySensingFeaturePhysicalContact
constant	MTROccupancySensingFeatureRFSensing
constant	MTROccupancySensingFeatureRadar
constant	MTROccupancySensingFeatureUltrasonic
constant	MTROccupancySensingFeatureVision
constant	MTROccupancySensingOccupancyBitmapOccupied
constant	MTROccupancySensingOccupancySensorTypeBitmapPIR
constant	MTROccupancySensingOccupancySensorTypeBitmapPhysicalContact
constant	MTROccupancySensingOccupancySensorTypeBitmapUltrasonic
constant	MTROccupancySensingOccupancySensorTypePIR
constant	MTROccupancySensingOccupancySensorTypePIRAndUltrasonic
constant	MTROccupancySensingOccupancySensorTypePhysicalContact
constant	MTROccupancySensingOccupancySensorTypeUltrasonic
constant	MTROnOffControlAcceptOnlyWhenOn
constant	MTROnOffControlBitmapAcceptOnlyWhenOn
constant	MTROnOffDelayedAllOffEffectVariant50PercentDimDownIn0p8SecondsThenFadeToOffIn12Seconds
constant	MTROnOffDelayedAllOffEffectVariantDelayedOffFastFade
constant	MTROnOffDelayedAllOffEffectVariantDelayedOffSlowFade
constant	MTROnOffDelayedAllOffEffectVariantFadeToOffIn0p8Seconds
constant	MTROnOffDelayedAllOffEffectVariantNoFade
constant	MTROnOffDyingLightEffectVariant20PercenterDimUpIn0p5SecondsThenFadeToOffIn1Second
constant	MTROnOffDyingLightEffectVariantDyingLightFadeOff
constant	MTROnOffEffectIdentifierDelayedAllOff
constant	MTROnOffEffectIdentifierDyingLight
constant	MTROnOffFeatureDeadFront
constant	MTROnOffFeatureDeadFrontBehavior
constant	MTROnOffFeatureLighting
constant	MTROnOffFeatureOffOnly
constant	MTROnOffStartUpOnOffOff
constant	MTROnOffStartUpOnOffOn
constant	MTROnOffStartUpOnOffToggle
constant	MTROnOffStartUpOnOffTogglePreviousOnOff
constant	MTROnboardingPayloadTypeManualCode
constant	MTROnboardingPayloadTypeNFC
constant	MTROnboardingPayloadTypeQRCode
constant	MTROperationalCredentialsCertificateChainTypeDACCertificate
constant	MTROperationalCredentialsCertificateChainTypePAICertificate
constant	MTROperationalCredentialsNodeOperationalCertStatusFabricConflict
constant	MTROperationalCredentialsNodeOperationalCertStatusInvalidAdminSubject
constant	MTROperationalCredentialsNodeOperationalCertStatusInvalidFabricIndex
constant	MTROperationalCredentialsNodeOperationalCertStatusInvalidNOC
constant	MTROperationalCredentialsNodeOperationalCertStatusInvalidNodeOpId
constant	MTROperationalCredentialsNodeOperationalCertStatusInvalidPublicKey
constant	MTROperationalCredentialsNodeOperationalCertStatusLabelConflict
constant	MTROperationalCredentialsNodeOperationalCertStatusMissingCsr
constant	MTROperationalCredentialsNodeOperationalCertStatusOK
constant	MTROperationalCredentialsNodeOperationalCertStatusTableFull
constant	MTROperationalCredentialsOperationalCertStatusFabricConflict
constant	MTROperationalCredentialsOperationalCertStatusInvalidAdminSubject
constant	MTROperationalCredentialsOperationalCertStatusInvalidFabricIndex
constant	MTROperationalCredentialsOperationalCertStatusInvalidNOC
constant	MTROperationalCredentialsOperationalCertStatusInvalidNodeOpId
constant	MTROperationalCredentialsOperationalCertStatusInvalidPublicKey
constant	MTROperationalCredentialsOperationalCertStatusLabelConflict
constant	MTROperationalCredentialsOperationalCertStatusMissingCsr
constant	MTROperationalCredentialsOperationalCertStatusSUCCESS
constant	MTROperationalCredentialsOperationalCertStatusTableFull
constant	MTROperationalStateError
constant	MTROperationalStateErrorStateCommandInvalidInState
constant	MTROperationalStateErrorStateNoError
constant	MTROperationalStateErrorStateUnableToCompleteOperation
constant	MTROperationalStateErrorStateUnableToStartOrResume
constant	MTROperationalStatePaused
constant	MTROperationalStateRunning
constant	MTROperationalStateStopped
constant	MTROptionalQRCodeInfoTypeUnknown
constant	MTROtaSoftwareUpdateProviderOTAApplyUpdateActionAwaitNextAction
constant	MTROtaSoftwareUpdateProviderOTAApplyUpdateActionDiscontinue
constant	MTROtaSoftwareUpdateProviderOTAApplyUpdateActionProceed
constant	MTROtaSoftwareUpdateProviderOTADownloadProtocolBDXAsynchronous
constant	MTROtaSoftwareUpdateProviderOTADownloadProtocolBDXSynchronous
constant	MTROtaSoftwareUpdateProviderOTADownloadProtocolHTTPS
constant	MTROtaSoftwareUpdateProviderOTADownloadProtocolVendorSpecific
constant	MTROtaSoftwareUpdateProviderOTAQueryStatusBusy
constant	MTROtaSoftwareUpdateProviderOTAQueryStatusDownloadProtocolNotSupported
constant	MTROtaSoftwareUpdateProviderOTAQueryStatusNotAvailable
constant	MTROtaSoftwareUpdateProviderOTAQueryStatusUpdateAvailable
constant	MTROtaSoftwareUpdateRequestorOTAAnnouncementReasonSimpleAnnouncement
constant	MTROtaSoftwareUpdateRequestorOTAAnnouncementReasonUpdateAvailable
constant	MTROtaSoftwareUpdateRequestorOTAAnnouncementReasonUrgentUpdateAvailable
constant	MTROtaSoftwareUpdateRequestorOTAChangeReasonDelayByProvider
constant	MTROtaSoftwareUpdateRequestorOTAChangeReasonFailure
constant	MTROtaSoftwareUpdateRequestorOTAChangeReasonSuccess
constant	MTROtaSoftwareUpdateRequestorOTAChangeReasonTimeOut
constant	MTROtaSoftwareUpdateRequestorOTAChangeReasonUnknown
constant	MTROtaSoftwareUpdateRequestorOTAUpdateStateApplying
constant	MTROtaSoftwareUpdateRequestorOTAUpdateStateDelayedOnApply
constant	MTROtaSoftwareUpdateRequestorOTAUpdateStateDelayedOnQuery
constant	MTROtaSoftwareUpdateRequestorOTAUpdateStateDelayedOnUserConsent
constant	MTROtaSoftwareUpdateRequestorOTAUpdateStateDownloading
constant	MTROtaSoftwareUpdateRequestorOTAUpdateStateIdle
constant	MTROtaSoftwareUpdateRequestorOTAUpdateStateQuerying
constant	MTROtaSoftwareUpdateRequestorOTAUpdateStateRollingBack
constant	MTROtaSoftwareUpdateRequestorOTAUpdateStateUnknown
constant	MTROvenCavityOperationalStateErrorStateCommandInvalidInState
constant	MTROvenCavityOperationalStateErrorStateNoError
constant	MTROvenCavityOperationalStateErrorStateUnableToCompleteOperation
constant	MTROvenCavityOperationalStateErrorStateUnableToStartOrResume
constant	MTROvenCavityOperationalStateOperationalStateError
constant	MTROvenCavityOperationalStateOperationalStatePaused
constant	MTROvenCavityOperationalStateOperationalStateRunning
constant	MTROvenCavityOperationalStateOperationalStateStopped
constant	MTROvenModeModeTagAuto
constant	MTROvenModeModeTagBake
constant	MTROvenModeModeTagClean
constant	MTROvenModeModeTagConvection
constant	MTROvenModeModeTagConvectionBake
constant	MTROvenModeModeTagConvectionRoast
constant	MTROvenModeModeTagDay
constant	MTROvenModeModeTagGrill
constant	MTROvenModeModeTagLowEnergy
constant	MTROvenModeModeTagLowNoise
constant	MTROvenModeModeTagMax
constant	MTROvenModeModeTagMin
constant	MTROvenModeModeTagNight
constant	MTROvenModeModeTagProofing
constant	MTROvenModeModeTagQuick
constant	MTROvenModeModeTagQuiet
constant	MTROvenModeModeTagRoast
constant	MTROvenModeModeTagVacation
constant	MTROvenModeModeTagWarming
constant	MTROzoneConcentrationMeasurementFeatureAverageMeasurement
constant	MTROzoneConcentrationMeasurementFeatureCriticalLevel
constant	MTROzoneConcentrationMeasurementFeatureLevelIndication
constant	MTROzoneConcentrationMeasurementFeatureMediumLevel
constant	MTROzoneConcentrationMeasurementFeatureNumericMeasurement
constant	MTROzoneConcentrationMeasurementFeaturePeakMeasurement
constant	MTROzoneConcentrationMeasurementLevelValueCritical
constant	MTROzoneConcentrationMeasurementLevelValueHigh
constant	MTROzoneConcentrationMeasurementLevelValueLow
constant	MTROzoneConcentrationMeasurementLevelValueMedium
constant	MTROzoneConcentrationMeasurementLevelValueUnknown
constant	MTROzoneConcentrationMeasurementMeasurementMediumAir
constant	MTROzoneConcentrationMeasurementMeasurementMediumSoil
constant	MTROzoneConcentrationMeasurementMeasurementMediumWater
constant	MTROzoneConcentrationMeasurementMeasurementUnitBQM3
constant	MTROzoneConcentrationMeasurementMeasurementUnitMGM3
constant	MTROzoneConcentrationMeasurementMeasurementUnitNGM3
constant	MTROzoneConcentrationMeasurementMeasurementUnitPM3
constant	MTROzoneConcentrationMeasurementMeasurementUnitPPB
constant	MTROzoneConcentrationMeasurementMeasurementUnitPPM
constant	MTROzoneConcentrationMeasurementMeasurementUnitPPT
constant	MTROzoneConcentrationMeasurementMeasurementUnitUGM3
constant	MTRPM10ConcentrationMeasurementFeatureAverageMeasurement
constant	MTRPM10ConcentrationMeasurementFeatureCriticalLevel
constant	MTRPM10ConcentrationMeasurementFeatureLevelIndication
constant	MTRPM10ConcentrationMeasurementFeatureMediumLevel
constant	MTRPM10ConcentrationMeasurementFeatureNumericMeasurement
constant	MTRPM10ConcentrationMeasurementFeaturePeakMeasurement
constant	MTRPM10ConcentrationMeasurementLevelValueCritical
constant	MTRPM10ConcentrationMeasurementLevelValueHigh
constant	MTRPM10ConcentrationMeasurementLevelValueLow
constant	MTRPM10ConcentrationMeasurementLevelValueMedium
constant	MTRPM10ConcentrationMeasurementLevelValueUnknown
constant	MTRPM10ConcentrationMeasurementMeasurementMediumAir
constant	MTRPM10ConcentrationMeasurementMeasurementMediumSoil
constant	MTRPM10ConcentrationMeasurementMeasurementMediumWater
constant	MTRPM10ConcentrationMeasurementMeasurementUnitBQM3
constant	MTRPM10ConcentrationMeasurementMeasurementUnitMGM3
constant	MTRPM10ConcentrationMeasurementMeasurementUnitNGM3
constant	MTRPM10ConcentrationMeasurementMeasurementUnitPM3
constant	MTRPM10ConcentrationMeasurementMeasurementUnitPPB
constant	MTRPM10ConcentrationMeasurementMeasurementUnitPPM
constant	MTRPM10ConcentrationMeasurementMeasurementUnitPPT
constant	MTRPM10ConcentrationMeasurementMeasurementUnitUGM3
constant	MTRPM1ConcentrationMeasurementFeatureAverageMeasurement
constant	MTRPM1ConcentrationMeasurementFeatureCriticalLevel
constant	MTRPM1ConcentrationMeasurementFeatureLevelIndication
constant	MTRPM1ConcentrationMeasurementFeatureMediumLevel
constant	MTRPM1ConcentrationMeasurementFeatureNumericMeasurement
constant	MTRPM1ConcentrationMeasurementFeaturePeakMeasurement
constant	MTRPM1ConcentrationMeasurementLevelValueCritical
constant	MTRPM1ConcentrationMeasurementLevelValueHigh
constant	MTRPM1ConcentrationMeasurementLevelValueLow
constant	MTRPM1ConcentrationMeasurementLevelValueMedium
constant	MTRPM1ConcentrationMeasurementLevelValueUnknown
constant	MTRPM1ConcentrationMeasurementMeasurementMediumAir
constant	MTRPM1ConcentrationMeasurementMeasurementMediumSoil
constant	MTRPM1ConcentrationMeasurementMeasurementMediumWater
constant	MTRPM1ConcentrationMeasurementMeasurementUnitBQM3
constant	MTRPM1ConcentrationMeasurementMeasurementUnitMGM3
constant	MTRPM1ConcentrationMeasurementMeasurementUnitNGM3
constant	MTRPM1ConcentrationMeasurementMeasurementUnitPM3
constant	MTRPM1ConcentrationMeasurementMeasurementUnitPPB
constant	MTRPM1ConcentrationMeasurementMeasurementUnitPPM
constant	MTRPM1ConcentrationMeasurementMeasurementUnitPPT
constant	MTRPM1ConcentrationMeasurementMeasurementUnitUGM3
constant	MTRPM25ConcentrationMeasurementFeatureAverageMeasurement
constant	MTRPM25ConcentrationMeasurementFeatureCriticalLevel
constant	MTRPM25ConcentrationMeasurementFeatureLevelIndication
constant	MTRPM25ConcentrationMeasurementFeatureMediumLevel
constant	MTRPM25ConcentrationMeasurementFeatureNumericMeasurement
constant	MTRPM25ConcentrationMeasurementFeaturePeakMeasurement
constant	MTRPM25ConcentrationMeasurementLevelValueCritical
constant	MTRPM25ConcentrationMeasurementLevelValueHigh
constant	MTRPM25ConcentrationMeasurementLevelValueLow
constant	MTRPM25ConcentrationMeasurementLevelValueMedium
constant	MTRPM25ConcentrationMeasurementLevelValueUnknown
constant	MTRPM25ConcentrationMeasurementMeasurementMediumAir
constant	MTRPM25ConcentrationMeasurementMeasurementMediumSoil
constant	MTRPM25ConcentrationMeasurementMeasurementMediumWater
constant	MTRPM25ConcentrationMeasurementMeasurementUnitBQM3
constant	MTRPM25ConcentrationMeasurementMeasurementUnitMGM3
constant	MTRPM25ConcentrationMeasurementMeasurementUnitNGM3
constant	MTRPM25ConcentrationMeasurementMeasurementUnitPM3
constant	MTRPM25ConcentrationMeasurementMeasurementUnitPPB
constant	MTRPM25ConcentrationMeasurementMeasurementUnitPPM
constant	MTRPM25ConcentrationMeasurementMeasurementUnitPPT
constant	MTRPM25ConcentrationMeasurementMeasurementUnitUGM3
constant	MTRPairingStatusDiscoveringMoreDevices
constant	MTRPairingStatusFailed
constant	MTRPairingStatusSuccess
constant	MTRPairingStatusUnknown
constant	MTRPowerSourceBatApprovedChemistryAlkaline
constant	MTRPowerSourceBatApprovedChemistryLeadAcid
constant	MTRPowerSourceBatApprovedChemistryLithiumCarbonFluoride
constant	MTRPowerSourceBatApprovedChemistryLithiumChromiumOxide
constant	MTRPowerSourceBatApprovedChemistryLithiumCobaltOxide
constant	MTRPowerSourceBatApprovedChemistryLithiumCopperOxide
constant	MTRPowerSourceBatApprovedChemistryLithiumIon
constant	MTRPowerSourceBatApprovedChemistryLithiumIonPolymer
constant	MTRPowerSourceBatApprovedChemistryLithiumIronDisulfide
constant	MTRPowerSourceBatApprovedChemistryLithiumIronPhosphate
constant	MTRPowerSourceBatApprovedChemistryLithiumManganeseDioxide
constant	MTRPowerSourceBatApprovedChemistryLithiumSulfur
constant	MTRPowerSourceBatApprovedChemistryLithiumThionylChloride
constant	MTRPowerSourceBatApprovedChemistryLithiumTitanate
constant	MTRPowerSourceBatApprovedChemistryMagnesium
constant	MTRPowerSourceBatApprovedChemistryMercuryOxide
constant	MTRPowerSourceBatApprovedChemistryNickelCadmium
constant	MTRPowerSourceBatApprovedChemistryNickelHydrogen
constant	MTRPowerSourceBatApprovedChemistryNickelIron
constant	MTRPowerSourceBatApprovedChemistryNickelMetalHydride
constant	MTRPowerSourceBatApprovedChemistryNickelOxyhydride
constant	MTRPowerSourceBatApprovedChemistryNickelZinc
constant	MTRPowerSourceBatApprovedChemistrySilverOxide
constant	MTRPowerSourceBatApprovedChemistrySilverZinc
constant	MTRPowerSourceBatApprovedChemistrySodiumIon
constant	MTRPowerSourceBatApprovedChemistrySodiumSulfur
constant	MTRPowerSourceBatApprovedChemistryUnspecified
constant	MTRPowerSourceBatApprovedChemistryZincAir
constant	MTRPowerSourceBatApprovedChemistryZincBromide
constant	MTRPowerSourceBatApprovedChemistryZincCarbon
constant	MTRPowerSourceBatApprovedChemistryZincCerium
constant	MTRPowerSourceBatApprovedChemistryZincChloride
constant	MTRPowerSourceBatApprovedChemistryZincManganeseDioxide
constant	MTRPowerSourceBatChargeFaultAmbientTooCold
constant	MTRPowerSourceBatChargeFaultAmbientTooHot
constant	MTRPowerSourceBatChargeFaultBatteryAbsent
constant	MTRPowerSourceBatChargeFaultBatteryOverVoltage
constant	MTRPowerSourceBatChargeFaultBatteryTooCold
constant	MTRPowerSourceBatChargeFaultBatteryTooHot
constant	MTRPowerSourceBatChargeFaultBatteryUnderVoltage
constant	MTRPowerSourceBatChargeFaultChargerOverVoltage
constant	MTRPowerSourceBatChargeFaultChargerUnderVoltage
constant	MTRPowerSourceBatChargeFaultSafetyTimeout
constant	MTRPowerSourceBatChargeFaultUnspecfied
constant	MTRPowerSourceBatChargeFaultUnspecified
constant	MTRPowerSourceBatChargeLevelCritical
constant	MTRPowerSourceBatChargeLevelOK
constant	MTRPowerSourceBatChargeLevelOk
constant	MTRPowerSourceBatChargeLevelWarning
constant	MTRPowerSourceBatChargeStateIsAtFullCharge
constant	MTRPowerSourceBatChargeStateIsCharging
constant	MTRPowerSourceBatChargeStateIsNotCharging
constant	MTRPowerSourceBatChargeStateUnknown
constant	MTRPowerSourceBatCommonDesignation10180
constant	MTRPowerSourceBatCommonDesignation10280
constant	MTRPowerSourceBatCommonDesignation10440
constant	MTRPowerSourceBatCommonDesignation12AA
constant	MTRPowerSourceBatCommonDesignation14250
constant	MTRPowerSourceBatCommonDesignation14430
constant	MTRPowerSourceBatCommonDesignation14500
constant	MTRPowerSourceBatCommonDesignation14650
constant	MTRPowerSourceBatCommonDesignation15270
constant	MTRPowerSourceBatCommonDesignation15v0
constant	MTRPowerSourceBatCommonDesignation16340
constant	MTRPowerSourceBatCommonDesignation17500
constant	MTRPowerSourceBatCommonDesignation17670
constant	MTRPowerSourceBatCommonDesignation18350
constant	MTRPowerSourceBatCommonDesignation18500
constant	MTRPowerSourceBatCommonDesignation18650
constant	MTRPowerSourceBatCommonDesignation19670
constant	MTRPowerSourceBatCommonDesignation22v5
constant	MTRPowerSourceBatCommonDesignation25500
constant	MTRPowerSourceBatCommonDesignation26650
constant	MTRPowerSourceBatCommonDesignation2CR5
constant	MTRPowerSourceBatCommonDesignation30v0
constant	MTRPowerSourceBatCommonDesignation32600
constant	MTRPowerSourceBatCommonDesignation45v0
constant	MTRPowerSourceBatCommonDesignation4SR44
constant	MTRPowerSourceBatCommonDesignation4v5
constant	MTRPowerSourceBatCommonDesignation523
constant	MTRPowerSourceBatCommonDesignation531
constant	MTRPowerSourceBatCommonDesignation67v5
constant	MTRPowerSourceBatCommonDesignation6v0
constant	MTRPowerSourceBatCommonDesignation9v0
constant	MTRPowerSourceBatCommonDesignationA
constant	MTRPowerSourceBatCommonDesignationA10
constant	MTRPowerSourceBatCommonDesignationA13
constant	MTRPowerSourceBatCommonDesignationA23
constant	MTRPowerSourceBatCommonDesignationA27
constant	MTRPowerSourceBatCommonDesignationA312
constant	MTRPowerSourceBatCommonDesignationA5
constant	MTRPowerSourceBatCommonDesignationA675
constant	MTRPowerSourceBatCommonDesignationAA
constant	MTRPowerSourceBatCommonDesignationAAA
constant	MTRPowerSourceBatCommonDesignationAAAA
constant	MTRPowerSourceBatCommonDesignationAC41E
constant	MTRPowerSourceBatCommonDesignationB
constant	MTRPowerSourceBatCommonDesignationBA5800
constant	MTRPowerSourceBatCommonDesignationC
constant	MTRPowerSourceBatCommonDesignationCR123A
constant	MTRPowerSourceBatCommonDesignationCR2
constant	MTRPowerSourceBatCommonDesignationCRP2
constant	MTRPowerSourceBatCommonDesignationCRV3
constant	MTRPowerSourceBatCommonDesignationD
constant	MTRPowerSourceBatCommonDesignationDuplex
constant	MTRPowerSourceBatCommonDesignationF
constant	MTRPowerSourceBatCommonDesignationJ
constant	MTRPowerSourceBatCommonDesignationLR932
constant	MTRPowerSourceBatCommonDesignationN
constant	MTRPowerSourceBatCommonDesignationNo6
constant	MTRPowerSourceBatCommonDesignationRCR123A
constant	MTRPowerSourceBatCommonDesignationSR41
constant	MTRPowerSourceBatCommonDesignationSR43
constant	MTRPowerSourceBatCommonDesignationSR44
constant	MTRPowerSourceBatCommonDesignationSR45
constant	MTRPowerSourceBatCommonDesignationSR48
constant	MTRPowerSourceBatCommonDesignationSR516
constant	MTRPowerSourceBatCommonDesignationSR54
constant	MTRPowerSourceBatCommonDesignationSR55
constant	MTRPowerSourceBatCommonDesignationSR57
constant	MTRPowerSourceBatCommonDesignationSR58
constant	MTRPowerSourceBatCommonDesignationSR59
constant	MTRPowerSourceBatCommonDesignationSR60
constant	MTRPowerSourceBatCommonDesignationSR63
constant	MTRPowerSourceBatCommonDesignationSR64
constant	MTRPowerSourceBatCommonDesignationSR65
constant	MTRPowerSourceBatCommonDesignationSR66
constant	MTRPowerSourceBatCommonDesignationSR67
constant	MTRPowerSourceBatCommonDesignationSR68
constant	MTRPowerSourceBatCommonDesignationSR69
constant	MTRPowerSourceBatCommonDesignationSR712
constant	MTRPowerSourceBatCommonDesignationSR731
constant	MTRPowerSourceBatCommonDesignationSubC
constant	MTRPowerSourceBatCommonDesignationUnspecified
constant	MTRPowerSourceBatFaultOverTemp
constant	MTRPowerSourceBatFaultUnderTemp
constant	MTRPowerSourceBatFaultUnspecfied
constant	MTRPowerSourceBatFaultUnspecified
constant	MTRPowerSourceBatReplaceabilityFactoryReplaceable
constant	MTRPowerSourceBatReplaceabilityNotReplaceable
constant	MTRPowerSourceBatReplaceabilityUnspecified
constant	MTRPowerSourceBatReplaceabilityUserReplaceable
constant	MTRPowerSourceFeatureBattery
constant	MTRPowerSourceFeatureRechargeable
constant	MTRPowerSourceFeatureReplaceable
constant	MTRPowerSourceFeatureWired
constant	MTRPowerSourceStatusActive
constant	MTRPowerSourceStatusStandby
constant	MTRPowerSourceStatusUnavailable
constant	MTRPowerSourceStatusUnspecfied
constant	MTRPowerSourceStatusUnspecified
constant	MTRPowerSourceWiredCurrentTypeAC
constant	MTRPowerSourceWiredCurrentTypeDC
constant	MTRPowerSourceWiredFaultOverVoltage
constant	MTRPowerSourceWiredFaultUnderVoltage
constant	MTRPowerSourceWiredFaultUnspecfied
constant	MTRPowerSourceWiredFaultUnspecified
constant	MTRPowerTopologyFeatureDynamicPowerFlow
constant	MTRPowerTopologyFeatureElectricalCircuit
constant	MTRPowerTopologyFeatureNodeTopology
constant	MTRPowerTopologyFeatureSetTopology
constant	MTRPowerTopologyFeatureTreeTopology
constant	MTRPressureMeasurementFeatureExtended
constant	MTRPressureMeasurementPressureFeatureEXT
constant	MTRPressureMeasurementPressureFeatureExtended
constant	MTRPumpConfigurationAndControlControlModeAutomatic
constant	MTRPumpConfigurationAndControlControlModeConstantFlow
constant	MTRPumpConfigurationAndControlControlModeConstantPressure
constant	MTRPumpConfigurationAndControlControlModeConstantSpeed
constant	MTRPumpConfigurationAndControlControlModeConstantTemperature
constant	MTRPumpConfigurationAndControlControlModeProportionalPressure
constant	MTRPumpConfigurationAndControlFeatureAutomatic
constant	MTRPumpConfigurationAndControlFeatureCompensatedPressure
constant	MTRPumpConfigurationAndControlFeatureConstantFlow
constant	MTRPumpConfigurationAndControlFeatureConstantPressure
constant	MTRPumpConfigurationAndControlFeatureConstantSpeed
constant	MTRPumpConfigurationAndControlFeatureConstantTemperature
constant	MTRPumpConfigurationAndControlFeatureLocalOperation
constant	MTRPumpConfigurationAndControlOperationModeLocal
constant	MTRPumpConfigurationAndControlOperationModeMaximum
constant	MTRPumpConfigurationAndControlOperationModeMinimum
constant	MTRPumpConfigurationAndControlOperationModeNormal
constant	MTRPumpConfigurationAndControlPumpControlModeAutomatic
constant	MTRPumpConfigurationAndControlPumpControlModeConstantFlow
constant	MTRPumpConfigurationAndControlPumpControlModeConstantPressure
constant	MTRPumpConfigurationAndControlPumpControlModeConstantSpeed
constant	MTRPumpConfigurationAndControlPumpControlModeConstantTemperature
constant	MTRPumpConfigurationAndControlPumpControlModeProportionalPressure
constant	MTRPumpConfigurationAndControlPumpFeatureAutomatic
constant	MTRPumpConfigurationAndControlPumpFeatureCompensatedPressure
constant	MTRPumpConfigurationAndControlPumpFeatureConstantFlow
constant	MTRPumpConfigurationAndControlPumpFeatureConstantPressure
constant	MTRPumpConfigurationAndControlPumpFeatureConstantSpeed
constant	MTRPumpConfigurationAndControlPumpFeatureConstantTemperature
constant	MTRPumpConfigurationAndControlPumpFeatureLocal
constant	MTRPumpConfigurationAndControlPumpFeatureLocalOperation
constant	MTRPumpConfigurationAndControlPumpOperationModeLocal
constant	MTRPumpConfigurationAndControlPumpOperationModeMaximum
constant	MTRPumpConfigurationAndControlPumpOperationModeMinimum
constant	MTRPumpConfigurationAndControlPumpOperationModeNormal
constant	MTRPumpConfigurationAndControlPumpStatusBitmapDeviceFault
constant	MTRPumpConfigurationAndControlPumpStatusBitmapLocalOverride
constant	MTRPumpConfigurationAndControlPumpStatusBitmapRemoteFlow
constant	MTRPumpConfigurationAndControlPumpStatusBitmapRemotePressure
constant	MTRPumpConfigurationAndControlPumpStatusBitmapRemoteTemperature
constant	MTRPumpConfigurationAndControlPumpStatusBitmapRunning
constant	MTRPumpConfigurationAndControlPumpStatusBitmapSpeedHigh
constant	MTRPumpConfigurationAndControlPumpStatusBitmapSpeedLow
constant	MTRPumpConfigurationAndControlPumpStatusBitmapSupplyFault
constant	MTRPumpConfigurationAndControlPumpStatusBitmapSupplyfault
constant	MTRPumpConfigurationAndControlPumpStatusDeviceFault
constant	MTRPumpConfigurationAndControlPumpStatusLocalOverride
constant	MTRPumpConfigurationAndControlPumpStatusRemoteFlow
constant	MTRPumpConfigurationAndControlPumpStatusRemotePressure
constant	MTRPumpConfigurationAndControlPumpStatusRemoteTemperature
constant	MTRPumpConfigurationAndControlPumpStatusRunning
constant	MTRPumpConfigurationAndControlPumpStatusSpeedHigh
constant	MTRPumpConfigurationAndControlPumpStatusSpeedLow
constant	MTRPumpConfigurationAndControlPumpStatusSupplyfault
constant	MTRRVCCleanModeFeatureDirectModeChange
constant	MTRRVCCleanModeModeTagAuto
constant	MTRRVCCleanModeModeTagDay
constant	MTRRVCCleanModeModeTagDeepClean
constant	MTRRVCCleanModeModeTagLowEnergy
constant	MTRRVCCleanModeModeTagLowNoise
constant	MTRRVCCleanModeModeTagMax
constant	MTRRVCCleanModeModeTagMin
constant	MTRRVCCleanModeModeTagMop
constant	MTRRVCCleanModeModeTagNight
constant	MTRRVCCleanModeModeTagQuick
constant	MTRRVCCleanModeModeTagQuiet
constant	MTRRVCCleanModeModeTagVacation
constant	MTRRVCCleanModeModeTagVacuum
constant	MTRRVCCleanModeModeTagVacuumThenMop
constant	MTRRVCCleanModeStatusCodeCleaningInProgress
constant	MTRRVCOperationalStateErrorStateBrushJammed
constant	MTRRVCOperationalStateErrorStateCannotReachTargetArea
constant	MTRRVCOperationalStateErrorStateCommandInvalidInState
constant	MTRRVCOperationalStateErrorStateDirtyWaterTankFull
constant	MTRRVCOperationalStateErrorStateDirtyWaterTankMissing
constant	MTRRVCOperationalStateErrorStateDustBinFull
constant	MTRRVCOperationalStateErrorStateDustBinMissing
constant	MTRRVCOperationalStateErrorStateFailedToFindChargingDock
constant	MTRRVCOperationalStateErrorStateLowBattery
constant	MTRRVCOperationalStateErrorStateMopCleaningPadMissing
constant	MTRRVCOperationalStateErrorStateNavigationSensorObscured
constant	MTRRVCOperationalStateErrorStateNoError
constant	MTRRVCOperationalStateErrorStateStuck
constant	MTRRVCOperationalStateErrorStateUnableToCompleteOperation
constant	MTRRVCOperationalStateErrorStateUnableToStartOrResume
constant	MTRRVCOperationalStateErrorStateWaterTankEmpty
constant	MTRRVCOperationalStateErrorStateWaterTankLidOpen
constant	MTRRVCOperationalStateErrorStateWaterTankMissing
constant	MTRRVCOperationalStateErrorStateWheelsJammed
constant	MTRRVCOperationalStateOperationalStateCharging
constant	MTRRVCOperationalStateOperationalStateCleaningMop
constant	MTRRVCOperationalStateOperationalStateDocked
constant	MTRRVCOperationalStateOperationalStateEmptyingDustBin
constant	MTRRVCOperationalStateOperationalStateError
constant	MTRRVCOperationalStateOperationalStateFillingWaterTank
constant	MTRRVCOperationalStateOperationalStatePaused
constant	MTRRVCOperationalStateOperationalStateRunning
constant	MTRRVCOperationalStateOperationalStateSeekingCharger
constant	MTRRVCOperationalStateOperationalStateStopped
constant	MTRRVCOperationalStateOperationalStateUpdatingMaps
constant	MTRRVCRunModeFeatureDirectModeChange
constant	MTRRVCRunModeModeTagAuto
constant	MTRRVCRunModeModeTagCleaning
constant	MTRRVCRunModeModeTagDay
constant	MTRRVCRunModeModeTagIdle
constant	MTRRVCRunModeModeTagLowEnergy
constant	MTRRVCRunModeModeTagLowNoise
constant	MTRRVCRunModeModeTagMapping
constant	MTRRVCRunModeModeTagMax
constant	MTRRVCRunModeModeTagMin
constant	MTRRVCRunModeModeTagNight
constant	MTRRVCRunModeModeTagQuick
constant	MTRRVCRunModeModeTagQuiet
constant	MTRRVCRunModeModeTagVacation
constant	MTRRVCRunModeStatusCodeBatteryLow
constant	MTRRVCRunModeStatusCodeDustBinFull
constant	MTRRVCRunModeStatusCodeDustBinMissing
constant	MTRRVCRunModeStatusCodeMopCleaningPadMissing
constant	MTRRVCRunModeStatusCodeStuck
constant	MTRRVCRunModeStatusCodeWaterTankEmpty
constant	MTRRVCRunModeStatusCodeWaterTankLidOpen
constant	MTRRVCRunModeStatusCodeWaterTankMissing
constant	MTRRadonConcentrationMeasurementFeatureAverageMeasurement
constant	MTRRadonConcentrationMeasurementFeatureCriticalLevel
constant	MTRRadonConcentrationMeasurementFeatureLevelIndication
constant	MTRRadonConcentrationMeasurementFeatureMediumLevel
constant	MTRRadonConcentrationMeasurementFeatureNumericMeasurement
constant	MTRRadonConcentrationMeasurementFeaturePeakMeasurement
constant	MTRRadonConcentrationMeasurementLevelValueCritical
constant	MTRRadonConcentrationMeasurementLevelValueHigh
constant	MTRRadonConcentrationMeasurementLevelValueLow
constant	MTRRadonConcentrationMeasurementLevelValueMedium
constant	MTRRadonConcentrationMeasurementLevelValueUnknown
constant	MTRRadonConcentrationMeasurementMeasurementMediumAir
constant	MTRRadonConcentrationMeasurementMeasurementMediumSoil
constant	MTRRadonConcentrationMeasurementMeasurementMediumWater
constant	MTRRadonConcentrationMeasurementMeasurementUnitBQM3
constant	MTRRadonConcentrationMeasurementMeasurementUnitMGM3
constant	MTRRadonConcentrationMeasurementMeasurementUnitNGM3
constant	MTRRadonConcentrationMeasurementMeasurementUnitPM3
constant	MTRRadonConcentrationMeasurementMeasurementUnitPPB
constant	MTRRadonConcentrationMeasurementMeasurementUnitPPM
constant	MTRRadonConcentrationMeasurementMeasurementUnitPPT
constant	MTRRadonConcentrationMeasurementMeasurementUnitUGM3
constant	MTRRefrigeratorAlarmAlarmBitmapDoorOpen
constant	MTRRefrigeratorAndTemperatureControlledCabinetModeModeTagAuto
constant	MTRRefrigeratorAndTemperatureControlledCabinetModeModeTagDay
constant	MTRRefrigeratorAndTemperatureControlledCabinetModeModeTagLowEnergy
constant	MTRRefrigeratorAndTemperatureControlledCabinetModeModeTagLowNoise
constant	MTRRefrigeratorAndTemperatureControlledCabinetModeModeTagMax
constant	MTRRefrigeratorAndTemperatureControlledCabinetModeModeTagMin
constant	MTRRefrigeratorAndTemperatureControlledCabinetModeModeTagNight
constant	MTRRefrigeratorAndTemperatureControlledCabinetModeModeTagQuick
constant	MTRRefrigeratorAndTemperatureControlledCabinetModeModeTagQuiet
constant	MTRRefrigeratorAndTemperatureControlledCabinetModeModeTagRapidCool
constant	MTRRefrigeratorAndTemperatureControlledCabinetModeModeTagRapidFreeze
constant	MTRRefrigeratorAndTemperatureControlledCabinetModeModeTagVacation
constant	MTRServiceAreaFeatureMaps
constant	MTRServiceAreaFeatureProgressReporting
constant	MTRServiceAreaFeatureSelectWhileRunning
constant	MTRServiceAreaOperationalStatusCompleted
constant	MTRServiceAreaOperationalStatusOperating
constant	MTRServiceAreaOperationalStatusPending
constant	MTRServiceAreaOperationalStatusSkipped
constant	MTRServiceAreaSelectAreasStatusInvalidInMode
constant	MTRServiceAreaSelectAreasStatusInvalidSet
constant	MTRServiceAreaSelectAreasStatusSuccess
constant	MTRServiceAreaSelectAreasStatusUnsupportedArea
constant	MTRServiceAreaSkipAreaStatusInvalidAreaList
constant	MTRServiceAreaSkipAreaStatusInvalidInMode
constant	MTRServiceAreaSkipAreaStatusInvalidSkippedArea
constant	MTRServiceAreaSkipAreaStatusSuccess
constant	MTRSmokeCOAlarmAlarmStateCritical
constant	MTRSmokeCOAlarmAlarmStateNormal
constant	MTRSmokeCOAlarmAlarmStateWarning
constant	MTRSmokeCOAlarmContaminationStateCritical
constant	MTRSmokeCOAlarmContaminationStateLow
constant	MTRSmokeCOAlarmContaminationStateNormal
constant	MTRSmokeCOAlarmContaminationStateWarning
constant	MTRSmokeCOAlarmEndOfServiceExpired
constant	MTRSmokeCOAlarmEndOfServiceNormal
constant	MTRSmokeCOAlarmExpressedStateBatteryAlert
constant	MTRSmokeCOAlarmExpressedStateCOAlarm
constant	MTRSmokeCOAlarmExpressedStateEndOfService
constant	MTRSmokeCOAlarmExpressedStateHardwareFault
constant	MTRSmokeCOAlarmExpressedStateInterconnectCO
constant	MTRSmokeCOAlarmExpressedStateInterconnectSmoke
constant	MTRSmokeCOAlarmExpressedStateNormal
constant	MTRSmokeCOAlarmExpressedStateSmokeAlarm
constant	MTRSmokeCOAlarmExpressedStateTesting
constant	MTRSmokeCOAlarmFeatureCOAlarm
constant	MTRSmokeCOAlarmFeatureSmokeAlarm
constant	MTRSmokeCOAlarmMuteStateMuted
constant	MTRSmokeCOAlarmMuteStateNotMuted
constant	MTRSmokeCOAlarmSensitivityHigh
constant	MTRSmokeCOAlarmSensitivityLow
constant	MTRSmokeCOAlarmSensitivityStandard
constant	MTRSoftwareDiagnosticsFeatureWaterMarks
constant	MTRSoftwareDiagnosticsFeatureWatermarks
constant	MTRStorageSecurityLevelNotSecure
constant	MTRStorageSecurityLevelSecure
constant	MTRStorageSharingTypeNotShared
constant	MTRStorageSharingTypeSameACLs
constant	MTRStorageSharingTypeSameFabric
constant	MTRStorageSharingTypeSameIdentity
constant	MTRSwitchFeatureActionSwitch
constant	MTRSwitchFeatureLatchingSwitch
constant	MTRSwitchFeatureMomentarySwitch
constant	MTRSwitchFeatureMomentarySwitchLongPress
constant	MTRSwitchFeatureMomentarySwitchMultiPress
constant	MTRSwitchFeatureMomentarySwitchRelease
constant	MTRTargetNavigatorStatusNotAllowed
constant	MTRTargetNavigatorStatusSuccess
constant	MTRTargetNavigatorStatusTargetNotFound
constant	MTRTemperatureControlFeatureTemperatureLevel
constant	MTRTemperatureControlFeatureTemperatureNumber
constant	MTRTemperatureControlFeatureTemperatureStep
constant	MTRTestClusterBitmap16MaskMapMaskVal1
constant	MTRTestClusterBitmap16MaskMapMaskVal2
constant	MTRTestClusterBitmap16MaskMapMaskVal3
constant	MTRTestClusterBitmap16MaskMapMaskVal4
constant	MTRTestClusterBitmap32MaskMapMaskVal1
constant	MTRTestClusterBitmap32MaskMapMaskVal2
constant	MTRTestClusterBitmap32MaskMapMaskVal3
constant	MTRTestClusterBitmap32MaskMapMaskVal4
constant	MTRTestClusterBitmap64MaskMapMaskVal1
constant	MTRTestClusterBitmap64MaskMapMaskVal2
constant	MTRTestClusterBitmap64MaskMapMaskVal3
constant	MTRTestClusterBitmap64MaskMapMaskVal4
constant	MTRTestClusterBitmap8MaskMapMaskVal1
constant	MTRTestClusterBitmap8MaskMapMaskVal2
constant	MTRTestClusterBitmap8MaskMapMaskVal3
constant	MTRTestClusterBitmap8MaskMapMaskVal4
constant	MTRTestClusterSimpleBitmapValueA
constant	MTRTestClusterSimpleBitmapValueB
constant	MTRTestClusterSimpleBitmapValueC
constant	MTRTestClusterSimpleUnspecified
constant	MTRTestClusterSimpleValueA
constant	MTRTestClusterSimpleValueB
constant	MTRTestClusterSimpleValueC
constant	MTRThermostatACCapacityFormatBTUh
constant	MTRThermostatACCompressorTypeT1
constant	MTRThermostatACCompressorTypeT2
constant	MTRThermostatACCompressorTypeT3
constant	MTRThermostatACCompressorTypeUnknown
constant	MTRThermostatACErrorCodeBitmapCoilSensorFail
constant	MTRThermostatACErrorCodeBitmapCompressorFail
constant	MTRThermostatACErrorCodeBitmapFanFail
constant	MTRThermostatACErrorCodeBitmapOutdoorSensorFail
constant	MTRThermostatACErrorCodeBitmapRoomSensorFail
constant	MTRThermostatACLouverPositionClosed
constant	MTRThermostatACLouverPositionHalf
constant	MTRThermostatACLouverPositionOpen
constant	MTRThermostatACLouverPositionQuarter
constant	MTRThermostatACLouverPositionThreeQuarters
constant	MTRThermostatACRefrigerantTypeR22
constant	MTRThermostatACRefrigerantTypeR407c
constant	MTRThermostatACRefrigerantTypeR410a
constant	MTRThermostatACRefrigerantTypeUnknown
constant	MTRThermostatACTypeCoolingFixed
constant	MTRThermostatACTypeCoolingInverter
constant	MTRThermostatACTypeHeatPumpFixed
constant	MTRThermostatACTypeHeatPumpInverter
constant	MTRThermostatACTypeUnknown
constant	MTRThermostatControlSequenceCoolingAndHeating
constant	MTRThermostatControlSequenceCoolingAndHeatingWithReheat
constant	MTRThermostatControlSequenceCoolingOnly
constant	MTRThermostatControlSequenceCoolingWithReheat
constant	MTRThermostatControlSequenceHeatingOnly
constant	MTRThermostatControlSequenceHeatingWithReheat
constant	MTRThermostatControlSequenceOfOperationCoolingAndHeating
constant	MTRThermostatControlSequenceOfOperationCoolingAndHeatingWithReheat
constant	MTRThermostatControlSequenceOfOperationCoolingOnly
constant	MTRThermostatControlSequenceOfOperationCoolingWithReheat
constant	MTRThermostatControlSequenceOfOperationHeatingOnly
constant	MTRThermostatControlSequenceOfOperationHeatingWithReheat
constant	MTRThermostatDayOfWeekAway
constant	MTRThermostatDayOfWeekAwayOrVacation
constant	MTRThermostatDayOfWeekFriday
constant	MTRThermostatDayOfWeekMonday
constant	MTRThermostatDayOfWeekSaturday
constant	MTRThermostatDayOfWeekSunday
constant	MTRThermostatDayOfWeekThursday
constant	MTRThermostatDayOfWeekTuesday
constant	MTRThermostatDayOfWeekWednesday
constant	MTRThermostatFeatureAutoMode
constant	MTRThermostatFeatureAutomode
constant	MTRThermostatFeatureCooling
constant	MTRThermostatFeatureEvents
constant	MTRThermostatFeatureHeating
constant	MTRThermostatFeatureLocalTemperatureNotExposed
constant	MTRThermostatFeatureMatterScheduleConfiguration
constant	MTRThermostatFeatureOccupancy
constant	MTRThermostatFeaturePresets
constant	MTRThermostatFeatureSchedule
constant	MTRThermostatFeatureScheduleConfiguration
constant	MTRThermostatFeatureSetback
constant	MTRThermostatFeatureThermostatSuggestions
constant	MTRThermostatHVACSystemTypeBitmapCoolingStage
constant	MTRThermostatHVACSystemTypeBitmapHeatingIsHeatPump
constant	MTRThermostatHVACSystemTypeBitmapHeatingStage
constant	MTRThermostatHVACSystemTypeBitmapHeatingUsesFuel
constant	MTRThermostatModeForSequenceCoolSetpointFieldPresent
constant	MTRThermostatModeForSequenceCoolSetpointPresent
constant	MTRThermostatModeForSequenceHeatSetpointFieldPresent
constant	MTRThermostatModeForSequenceHeatSetpointPresent
constant	MTRThermostatOccupancyBitmapOccupied
constant	MTRThermostatPresetScenarioGoingToSleep
constant	MTRThermostatPresetScenarioOccupied
constant	MTRThermostatPresetScenarioSleep
constant	MTRThermostatPresetScenarioUnoccupied
constant	MTRThermostatPresetScenarioUserDefined
constant	MTRThermostatPresetScenarioVacation
constant	MTRThermostatPresetScenarioWake
constant	MTRThermostatPresetTypeFeaturesBitmapAutomatic
constant	MTRThermostatPresetTypeFeaturesBitmapSupportsNames
constant	MTRThermostatProgrammingOperationModeBitmapAutoRecovery
constant	MTRThermostatProgrammingOperationModeBitmapEconomy
constant	MTRThermostatProgrammingOperationModeBitmapScheduleActive
constant	MTRThermostatRelayStateBitmapCool
constant	MTRThermostatRelayStateBitmapCoolStage2
constant	MTRThermostatRelayStateBitmapFan
constant	MTRThermostatRelayStateBitmapFanStage2
constant	MTRThermostatRelayStateBitmapFanStage3
constant	MTRThermostatRelayStateBitmapHeat
constant	MTRThermostatRelayStateBitmapHeatStage2
constant	MTRThermostatRemoteSensingBitmapLocalTemperature
constant	MTRThermostatRemoteSensingBitmapOccupancy
constant	MTRThermostatRemoteSensingBitmapOutdoorTemperature
constant	MTRThermostatRunningModeCool
constant	MTRThermostatRunningModeHeat
constant	MTRThermostatRunningModeOff
constant	MTRThermostatScheduleDayOfWeekBitmapAway
constant	MTRThermostatScheduleDayOfWeekBitmapFriday
constant	MTRThermostatScheduleDayOfWeekBitmapMonday
constant	MTRThermostatScheduleDayOfWeekBitmapSaturday
constant	MTRThermostatScheduleDayOfWeekBitmapSunday
constant	MTRThermostatScheduleDayOfWeekBitmapThursday
constant	MTRThermostatScheduleDayOfWeekBitmapTuesday
constant	MTRThermostatScheduleDayOfWeekBitmapWednesday
constant	MTRThermostatScheduleModeBitmapCoolSetpointPresent
constant	MTRThermostatScheduleModeBitmapHeatSetpointPresent
constant	MTRThermostatScheduleTypeFeaturesBitmapSupportsNames
constant	MTRThermostatScheduleTypeFeaturesBitmapSupportsOff
constant	MTRThermostatScheduleTypeFeaturesBitmapSupportsPresets
constant	MTRThermostatScheduleTypeFeaturesBitmapSupportsSetpoints
constant	MTRThermostatSetpointAdjustModeBoth
constant	MTRThermostatSetpointAdjustModeCool
constant	MTRThermostatSetpointAdjustModeCoolSetpoint
constant	MTRThermostatSetpointAdjustModeHeat
constant	MTRThermostatSetpointAdjustModeHeatAndCoolSetpoints
constant	MTRThermostatSetpointAdjustModeHeatSetpoint
constant	MTRThermostatSetpointChangeSourceExternal
constant	MTRThermostatSetpointChangeSourceManual
constant	MTRThermostatSetpointChangeSourceSchedule
constant	MTRThermostatSetpointRaiseLowerModeBoth
constant	MTRThermostatSetpointRaiseLowerModeCool
constant	MTRThermostatSetpointRaiseLowerModeHeat
constant	MTRThermostatStartOfWeekFriday
constant	MTRThermostatStartOfWeekMonday
constant	MTRThermostatStartOfWeekSaturday
constant	MTRThermostatStartOfWeekSunday
constant	MTRThermostatStartOfWeekThursday
constant	MTRThermostatStartOfWeekTuesday
constant	MTRThermostatStartOfWeekWednesday
constant	MTRThermostatSystemModeAuto
constant	MTRThermostatSystemModeCool
constant	MTRThermostatSystemModeDry
constant	MTRThermostatSystemModeEmergencyHeat
constant	MTRThermostatSystemModeEmergencyHeating
constant	MTRThermostatSystemModeFanOnly
constant	MTRThermostatSystemModeHeat
constant	MTRThermostatSystemModeOff
constant	MTRThermostatSystemModePrecooling
constant	MTRThermostatSystemModeSleep
constant	MTRThermostatTemperatureSetpointHoldSetpointHoldOff
constant	MTRThermostatTemperatureSetpointHoldSetpointHoldOn
constant	MTRThermostatUserInterfaceConfigurationKeypadLockoutLockout1
constant	MTRThermostatUserInterfaceConfigurationKeypadLockoutLockout2
constant	MTRThermostatUserInterfaceConfigurationKeypadLockoutLockout3
constant	MTRThermostatUserInterfaceConfigurationKeypadLockoutLockout4
constant	MTRThermostatUserInterfaceConfigurationKeypadLockoutLockout5
constant	MTRThermostatUserInterfaceConfigurationKeypadLockoutNoLockout
constant	MTRThermostatUserInterfaceConfigurationScheduleProgrammingVisibilityScheduleProgrammingDenied
constant	MTRThermostatUserInterfaceConfigurationScheduleProgrammingVisibilityScheduleProgrammingPermitted
constant	MTRThermostatUserInterfaceConfigurationTemperatureDisplayModeCelsius
constant	MTRThermostatUserInterfaceConfigurationTemperatureDisplayModeFahrenheit
constant	MTRThreadBorderRouterManagementFeaturePANChange
constant	MTRThreadNetworkDiagnosticsConnectionStatusConnected
constant	MTRThreadNetworkDiagnosticsConnectionStatusNotConnected
constant	MTRThreadNetworkDiagnosticsFeatureErrorCounts
constant	MTRThreadNetworkDiagnosticsFeatureMACCounts
constant	MTRThreadNetworkDiagnosticsFeatureMLECounts
constant	MTRThreadNetworkDiagnosticsFeaturePacketCounts
constant	MTRThreadNetworkDiagnosticsNetworkFaultHardwareFailure
constant	MTRThreadNetworkDiagnosticsNetworkFaultLinkDown
constant	MTRThreadNetworkDiagnosticsNetworkFaultNetworkJammed
constant	MTRThreadNetworkDiagnosticsNetworkFaultUnspecified
constant	MTRThreadNetworkDiagnosticsRoutingRoleEndDevice
constant	MTRThreadNetworkDiagnosticsRoutingRoleLeader
constant	MTRThreadNetworkDiagnosticsRoutingRoleREED
constant	MTRThreadNetworkDiagnosticsRoutingRoleRouter
constant	MTRThreadNetworkDiagnosticsRoutingRoleSleepyEndDevice
constant	MTRThreadNetworkDiagnosticsRoutingRoleUnassigned
constant	MTRThreadNetworkDiagnosticsRoutingRoleUnspecified
constant	MTRThreadNetworkDiagnosticsThreadConnectionStatusConnected
constant	MTRThreadNetworkDiagnosticsThreadConnectionStatusNotConnected
constant	MTRTimeFormatLocalizationCalendarTypeBuddhist
constant	MTRTimeFormatLocalizationCalendarTypeChinese
constant	MTRTimeFormatLocalizationCalendarTypeCoptic
constant	MTRTimeFormatLocalizationCalendarTypeEthiopian
constant	MTRTimeFormatLocalizationCalendarTypeGregorian
constant	MTRTimeFormatLocalizationCalendarTypeHebrew
constant	MTRTimeFormatLocalizationCalendarTypeIndian
constant	MTRTimeFormatLocalizationCalendarTypeIslamic
constant	MTRTimeFormatLocalizationCalendarTypeJapanese
constant	MTRTimeFormatLocalizationCalendarTypeKorean
constant	MTRTimeFormatLocalizationCalendarTypePersian
constant	MTRTimeFormatLocalizationCalendarTypeTaiwanese
constant	MTRTimeFormatLocalizationCalendarTypeUseActiveLocale
constant	MTRTimeFormatLocalizationFeatureCalendarFormat
constant	MTRTimeFormatLocalizationHourFormat12hr
constant	MTRTimeFormatLocalizationHourFormat24hr
constant	MTRTimeFormatLocalizationHourFormatUseActiveLocale
constant	MTRTimeSynchronizationFeatureNTPClient
constant	MTRTimeSynchronizationFeatureNTPServer
constant	MTRTimeSynchronizationFeatureTimeSyncClient
constant	MTRTimeSynchronizationFeatureTimeZone
constant	MTRTimeSynchronizationGranularityMicrosecondsGranularity
constant	MTRTimeSynchronizationGranularityMillisecondsGranularity
constant	MTRTimeSynchronizationGranularityMinutesGranularity
constant	MTRTimeSynchronizationGranularityNoTimeGranularity
constant	MTRTimeSynchronizationGranularitySecondsGranularity
constant	MTRTimeSynchronizationStatusCodeTimeNotAccepted
constant	MTRTimeSynchronizationTimeSourceAdmin
constant	MTRTimeSynchronizationTimeSourceCloudSource
constant	MTRTimeSynchronizationTimeSourceFabricNtp
constant	MTRTimeSynchronizationTimeSourceFabricNtpNts
constant	MTRTimeSynchronizationTimeSourceFabricSntp
constant	MTRTimeSynchronizationTimeSourceFabricSntpNts
constant	MTRTimeSynchronizationTimeSourceGNSS
constant	MTRTimeSynchronizationTimeSourceGnss
constant	MTRTimeSynchronizationTimeSourceMatterNTP
constant	MTRTimeSynchronizationTimeSourceMatterNTPNTS
constant	MTRTimeSynchronizationTimeSourceMatterSNTP
constant	MTRTimeSynchronizationTimeSourceMatterSNTPNTS
constant	MTRTimeSynchronizationTimeSourceMixedNTP
constant	MTRTimeSynchronizationTimeSourceMixedNTPNTS
constant	MTRTimeSynchronizationTimeSourceMixedNtp
constant	MTRTimeSynchronizationTimeSourceMixedNtpNts
constant	MTRTimeSynchronizationTimeSourceNodeTimeCluster
constant	MTRTimeSynchronizationTimeSourceNonFabricNtp
constant	MTRTimeSynchronizationTimeSourceNonFabricNtpNts
constant	MTRTimeSynchronizationTimeSourceNonFabricSntp
constant	MTRTimeSynchronizationTimeSourceNonFabricSntpNts
constant	MTRTimeSynchronizationTimeSourceNonMatterNTP
constant	MTRTimeSynchronizationTimeSourceNonMatterNTPNTS
constant	MTRTimeSynchronizationTimeSourceNonMatterSNTP
constant	MTRTimeSynchronizationTimeSourceNonMatterSNTPNTS
constant	MTRTimeSynchronizationTimeSourceNone
constant	MTRTimeSynchronizationTimeSourcePTP
constant	MTRTimeSynchronizationTimeSourcePtp
constant	MTRTimeSynchronizationTimeSourceUnknown
constant	MTRTimeSynchronizationTimeZoneDatabaseFull
constant	MTRTimeSynchronizationTimeZoneDatabaseNone
constant	MTRTimeSynchronizationTimeZoneDatabasePartial
constant	MTRTotalVolatileOrganicCompoundsConcentrationMeasurementFeatureAverageMeasurement
constant	MTRTotalVolatileOrganicCompoundsConcentrationMeasurementFeatureCriticalLevel
constant	MTRTotalVolatileOrganicCompoundsConcentrationMeasurementFeatureLevelIndication
constant	MTRTotalVolatileOrganicCompoundsConcentrationMeasurementFeatureMediumLevel
constant	MTRTotalVolatileOrganicCompoundsConcentrationMeasurementFeatureNumericMeasurement
constant	MTRTotalVolatileOrganicCompoundsConcentrationMeasurementFeaturePeakMeasurement
constant	MTRTotalVolatileOrganicCompoundsConcentrationMeasurementLevelValueCritical
constant	MTRTotalVolatileOrganicCompoundsConcentrationMeasurementLevelValueHigh
constant	MTRTotalVolatileOrganicCompoundsConcentrationMeasurementLevelValueLow
constant	MTRTotalVolatileOrganicCompoundsConcentrationMeasurementLevelValueMedium
constant	MTRTotalVolatileOrganicCompoundsConcentrationMeasurementLevelValueUnknown
constant	MTRTotalVolatileOrganicCompoundsConcentrationMeasurementMeasurementMediumAir
constant	MTRTotalVolatileOrganicCompoundsConcentrationMeasurementMeasurementMediumSoil
constant	MTRTotalVolatileOrganicCompoundsConcentrationMeasurementMeasurementMediumWater
constant	MTRTotalVolatileOrganicCompoundsConcentrationMeasurementMeasurementUnitBQM3
constant	MTRTotalVolatileOrganicCompoundsConcentrationMeasurementMeasurementUnitMGM3
constant	MTRTotalVolatileOrganicCompoundsConcentrationMeasurementMeasurementUnitNGM3
constant	MTRTotalVolatileOrganicCompoundsConcentrationMeasurementMeasurementUnitPM3
constant	MTRTotalVolatileOrganicCompoundsConcentrationMeasurementMeasurementUnitPPB
constant	MTRTotalVolatileOrganicCompoundsConcentrationMeasurementMeasurementUnitPPM
constant	MTRTotalVolatileOrganicCompoundsConcentrationMeasurementMeasurementUnitPPT
constant	MTRTotalVolatileOrganicCompoundsConcentrationMeasurementMeasurementUnitUGM3
constant	MTRTransportTypeBLE
constant	MTRTransportTypeTCP
constant	MTRTransportTypeUDP
constant	MTRTransportTypeUndefined
constant	MTRUnitLocalizationFeatureTemperatureUnit
constant	MTRUnitLocalizationTempUnitCelsius
constant	MTRUnitLocalizationTempUnitFahrenheit
constant	MTRUnitLocalizationTempUnitKelvin
constant	MTRUnitTestingBitmap16MaskMapMaskVal1
constant	MTRUnitTestingBitmap16MaskMapMaskVal2
constant	MTRUnitTestingBitmap16MaskMapMaskVal3
constant	MTRUnitTestingBitmap16MaskMapMaskVal4
constant	MTRUnitTestingBitmap32MaskMapMaskVal1
constant	MTRUnitTestingBitmap32MaskMapMaskVal2
constant	MTRUnitTestingBitmap32MaskMapMaskVal3
constant	MTRUnitTestingBitmap32MaskMapMaskVal4
constant	MTRUnitTestingBitmap64MaskMapMaskVal1
constant	MTRUnitTestingBitmap64MaskMapMaskVal2
constant	MTRUnitTestingBitmap64MaskMapMaskVal3
constant	MTRUnitTestingBitmap64MaskMapMaskVal4
constant	MTRUnitTestingBitmap8MaskMapMaskVal1
constant	MTRUnitTestingBitmap8MaskMapMaskVal2
constant	MTRUnitTestingBitmap8MaskMapMaskVal3
constant	MTRUnitTestingBitmap8MaskMapMaskVal4
constant	MTRUnitTestingSimpleBitmapValueA
constant	MTRUnitTestingSimpleBitmapValueB
constant	MTRUnitTestingSimpleBitmapValueC
constant	MTRUnitTestingSimpleUnspecified
constant	MTRUnitTestingSimpleValueA
constant	MTRUnitTestingSimpleValueB
constant	MTRUnitTestingSimpleValueC
constant	MTRValveConfigurationAndControlFeatureLevel
constant	MTRValveConfigurationAndControlFeatureTimeSync
constant	MTRValveConfigurationAndControlStatusCodeFailureDueToFault
constant	MTRValveConfigurationAndControlValveFaultBitmapBlocked
constant	MTRValveConfigurationAndControlValveFaultBitmapCurrentExceeded
constant	MTRValveConfigurationAndControlValveFaultBitmapGeneralFault
constant	MTRValveConfigurationAndControlValveFaultBitmapLeaking
constant	MTRValveConfigurationAndControlValveFaultBitmapNotConnected
constant	MTRValveConfigurationAndControlValveFaultBitmapShortCircuit
constant	MTRValveConfigurationAndControlValveStateClosed
constant	MTRValveConfigurationAndControlValveStateOpen
constant	MTRValveConfigurationAndControlValveStateTransitioning
constant	MTRWaterHeaterManagementBoostStateActive
constant	MTRWaterHeaterManagementBoostStateInactive
constant	MTRWaterHeaterManagementFeatureEnergyManagement
constant	MTRWaterHeaterManagementFeatureTankPercent
constant	MTRWaterHeaterManagementWaterHeaterHeatSourceBitmapBoiler
constant	MTRWaterHeaterManagementWaterHeaterHeatSourceBitmapHeatPump
constant	MTRWaterHeaterManagementWaterHeaterHeatSourceBitmapImmersionElement1
constant	MTRWaterHeaterManagementWaterHeaterHeatSourceBitmapImmersionElement2
constant	MTRWaterHeaterManagementWaterHeaterHeatSourceBitmapOther
constant	MTRWaterHeaterModeModeTagAuto
constant	MTRWaterHeaterModeModeTagDay
constant	MTRWaterHeaterModeModeTagLowEnergy
constant	MTRWaterHeaterModeModeTagLowNoise
constant	MTRWaterHeaterModeModeTagManual
constant	MTRWaterHeaterModeModeTagMax
constant	MTRWaterHeaterModeModeTagMin
constant	MTRWaterHeaterModeModeTagNight
constant	MTRWaterHeaterModeModeTagOff
constant	MTRWaterHeaterModeModeTagQuick
constant	MTRWaterHeaterModeModeTagQuiet
constant	MTRWaterHeaterModeModeTagTimed
constant	MTRWaterHeaterModeModeTagVacation
constant	MTRWiFiNetworkDiagnosticsAssociationFailureCauseAssociationFailed
constant	MTRWiFiNetworkDiagnosticsAssociationFailureCauseAuthenticationFailed
constant	MTRWiFiNetworkDiagnosticsAssociationFailureCauseSsidNotFound
constant	MTRWiFiNetworkDiagnosticsAssociationFailureCauseUnknown
constant	MTRWiFiNetworkDiagnosticsConnectionStatusConnected
constant	MTRWiFiNetworkDiagnosticsConnectionStatusNotConnected
constant	MTRWiFiNetworkDiagnosticsFeatureErrorCounts
constant	MTRWiFiNetworkDiagnosticsFeaturePacketCounts
constant	MTRWiFiNetworkDiagnosticsSecurityTypeNone
constant	MTRWiFiNetworkDiagnosticsSecurityTypeUnspecified
constant	MTRWiFiNetworkDiagnosticsSecurityTypeWEP
constant	MTRWiFiNetworkDiagnosticsSecurityTypeWPA
constant	MTRWiFiNetworkDiagnosticsSecurityTypeWPA2
constant	MTRWiFiNetworkDiagnosticsSecurityTypeWPA3
constant	MTRWiFiNetworkDiagnosticsWiFiConnectionStatusConnected
constant	MTRWiFiNetworkDiagnosticsWiFiConnectionStatusNotConnected
constant	MTRWiFiNetworkDiagnosticsWiFiVersionA
constant	MTRWiFiNetworkDiagnosticsWiFiVersionAc
constant	MTRWiFiNetworkDiagnosticsWiFiVersionAh
constant	MTRWiFiNetworkDiagnosticsWiFiVersionAx
constant	MTRWiFiNetworkDiagnosticsWiFiVersionB
constant	MTRWiFiNetworkDiagnosticsWiFiVersionG
constant	MTRWiFiNetworkDiagnosticsWiFiVersionN
constant	MTRWiFiNetworkDiagnosticsWiFiVersionType80211a
constant	MTRWiFiNetworkDiagnosticsWiFiVersionType80211ac
constant	MTRWiFiNetworkDiagnosticsWiFiVersionType80211ax
constant	MTRWiFiNetworkDiagnosticsWiFiVersionType80211b
constant	MTRWiFiNetworkDiagnosticsWiFiVersionType80211g
constant	MTRWiFiNetworkDiagnosticsWiFiVersionType80211n
constant	MTRWiFiNetworkDiagnosticsWiFiVersionTypeA
constant	MTRWiFiNetworkDiagnosticsWiFiVersionTypeAc
constant	MTRWiFiNetworkDiagnosticsWiFiVersionTypeAx
constant	MTRWiFiNetworkDiagnosticsWiFiVersionTypeB
constant	MTRWiFiNetworkDiagnosticsWiFiVersionTypeG
constant	MTRWiFiNetworkDiagnosticsWiFiVersionTypeN
constant	MTRWindowCoveringConfigStatusLiftEncoderControlled
constant	MTRWindowCoveringConfigStatusLiftMovementReversed
constant	MTRWindowCoveringConfigStatusLiftPositionAware
constant	MTRWindowCoveringConfigStatusOnlineReserved
constant	MTRWindowCoveringConfigStatusOperational
constant	MTRWindowCoveringConfigStatusTiltEncoderControlled
constant	MTRWindowCoveringConfigStatusTiltPositionAware
constant	MTRWindowCoveringEndProductTypeAwningTerracePatio
constant	MTRWindowCoveringEndProductTypeAwningVerticalScreen
constant	MTRWindowCoveringEndProductTypeBalloonShade
constant	MTRWindowCoveringEndProductTypeCellularShade
constant	MTRWindowCoveringEndProductTypeCentralCurtain
constant	MTRWindowCoveringEndProductTypeExteriorVenetianBlind
constant	MTRWindowCoveringEndProductTypeExteriorVerticalScreen
constant	MTRWindowCoveringEndProductTypeInteriorBlind
constant	MTRWindowCoveringEndProductTypeInteriorVenetianBlind
constant	MTRWindowCoveringEndProductTypeLateralLeftCurtain
constant	MTRWindowCoveringEndProductTypeLateralRightCurtain
constant	MTRWindowCoveringEndProductTypeLayeredShade
constant	MTRWindowCoveringEndProductTypeLayeredShade2D
constant	MTRWindowCoveringEndProductTypePleatedShade
constant	MTRWindowCoveringEndProductTypeRollerShade
constant	MTRWindowCoveringEndProductTypeRollerShutter
constant	MTRWindowCoveringEndProductTypeRomanShade
constant	MTRWindowCoveringEndProductTypeSheerShade
constant	MTRWindowCoveringEndProductTypeSlidingShutter
constant	MTRWindowCoveringEndProductTypeSwingingShutter
constant	MTRWindowCoveringEndProductTypeTiltOnlyInteriorBlind
constant	MTRWindowCoveringEndProductTypeTiltOnlyPergola
constant	MTRWindowCoveringEndProductTypeUnknown
constant	MTRWindowCoveringEndProductTypeVerticalBlindStripCurtain
constant	MTRWindowCoveringEndProductTypeWovenWood
constant	MTRWindowCoveringFeatureAbsolutePosition
constant	MTRWindowCoveringFeatureLift
constant	MTRWindowCoveringFeaturePositionAwareLift
constant	MTRWindowCoveringFeaturePositionAwareTilt
constant	MTRWindowCoveringFeatureTilt
constant	MTRWindowCoveringModeCalibrationMode
constant	MTRWindowCoveringModeLedFeedback
constant	MTRWindowCoveringModeMaintenanceMode
constant	MTRWindowCoveringModeMotorDirectionReversed
constant	MTRWindowCoveringOperationalStatusGlobal
constant	MTRWindowCoveringOperationalStatusLift
constant	MTRWindowCoveringOperationalStatusTilt
constant	MTRWindowCoveringSafetyStatusFailedCommunication
constant	MTRWindowCoveringSafetyStatusHardwareFailure
constant	MTRWindowCoveringSafetyStatusManualOperation
constant	MTRWindowCoveringSafetyStatusMotorJammed
constant	MTRWindowCoveringSafetyStatusObstacleDetected
constant	MTRWindowCoveringSafetyStatusPositionFailure
constant	MTRWindowCoveringSafetyStatusPower
constant	MTRWindowCoveringSafetyStatusProtection
constant	MTRWindowCoveringSafetyStatusRemoteLockout
constant	MTRWindowCoveringSafetyStatusStopInput
constant	MTRWindowCoveringSafetyStatusTamperDetection
constant	MTRWindowCoveringSafetyStatusThermalProtection
constant	MTRWindowCoveringTypeAwning
constant	MTRWindowCoveringTypeDrapery
constant	MTRWindowCoveringTypeProjectorScreen
constant	MTRWindowCoveringTypeRollerShade
constant	MTRWindowCoveringTypeRollerShade2Motor
constant	MTRWindowCoveringTypeRollerShadeExterior
constant	MTRWindowCoveringTypeRollerShadeExterior2Motor
constant	MTRWindowCoveringTypeShutter
constant	MTRWindowCoveringTypeTiltBlindLiftAndTilt
constant	MTRWindowCoveringTypeTiltBlindTiltOnly
constant	MTRWindowCoveringTypeUnknown
enum	MTRAccessControlAccessRestrictionType
enum	MTRAccessControlAuthMode
enum	MTRAccessControlChangeType
enum	MTRAccessControlEntryAuthMode
enum	MTRAccessControlEntryPrivilege
enum	MTRAccessControlFeature
enum	MTRAccessControlPrivilege
enum	MTRActionsActionError
enum	MTRActionsActionState
enum	MTRActionsActionType
enum	MTRActionsCommandBits
enum	MTRActionsEndpointListType
enum	MTRActivatedCarbonFilterMonitoringChangeIndication
enum	MTRActivatedCarbonFilterMonitoringDegradationDirection
enum	MTRActivatedCarbonFilterMonitoringFeature
enum	MTRActivatedCarbonFilterMonitoringProductIdentifierType
enum	MTRAdministratorCommissioningCommissioningWindowStatus
enum	MTRAdministratorCommissioningFeature
enum	MTRAdministratorCommissioningStatusCode
enum	MTRAirQuality
enum	MTRAirQualityFeature
enum	MTRApplicationBasicApplicationStatus
enum	MTRApplicationLauncherFeature
enum	MTRApplicationLauncherStatus
enum	MTRAudioOutputFeature
enum	MTRAudioOutputOutputType
enum	MTRBasicInformationColor
enum	MTRBasicInformationProductFinish
enum	MTRBooleanStateConfigurationAlarmModeBitmap
enum	MTRBooleanStateConfigurationFeature
enum	MTRBooleanStateConfigurationSensorFaultBitmap
enum	MTRBridgedDeviceBasicInformationColor
enum	MTRBridgedDeviceBasicInformationFeature
enum	MTRBridgedDeviceBasicInformationProductFinish
enum	MTRCarbonDioxideConcentrationMeasurementFeature
enum	MTRCarbonDioxideConcentrationMeasurementLevelValue
enum	MTRCarbonDioxideConcentrationMeasurementMeasurementMedium
enum	MTRCarbonDioxideConcentrationMeasurementMeasurementUnit
enum	MTRCarbonMonoxideConcentrationMeasurementFeature
enum	MTRCarbonMonoxideConcentrationMeasurementLevelValue
enum	MTRCarbonMonoxideConcentrationMeasurementMeasurementMedium
enum	MTRCarbonMonoxideConcentrationMeasurementMeasurementUnit
enum	MTRChannelFeature
enum	MTRChannelLineupInfoType
enum	MTRChannelRecordingFlagBitmap
enum	MTRChannelStatus
enum	MTRChannelType
enum	MTRColorControlColorCapabilities
enum	MTRColorControlColorCapabilitiesBitmap
enum	MTRColorControlColorLoopAction
enum	MTRColorControlColorLoopDirection
enum	MTRColorControlColorLoopUpdateFlags
enum	MTRColorControlColorMode
enum	MTRColorControlDirection
enum	MTRColorControlDriftCompensation
enum	MTRColorControlEnhancedColorMode
enum	MTRColorControlFeature
enum	MTRColorControlHueDirection
enum	MTRColorControlHueMoveMode
enum	MTRColorControlHueStepMode
enum	MTRColorControlMoveMode
enum	MTRColorControlOptionsBitmap
enum	MTRColorControlSaturationMoveMode
enum	MTRColorControlSaturationStepMode
enum	MTRColorControlStepMode
enum	MTRColorControlUpdateFlagsBitmap
enum	MTRCommissionerControlSupportedDeviceCategoryBitmap
enum	MTRCommissioningFlow
enum	MTRCommissioningStatus
enum	MTRContentAppObserverStatus
enum	MTRContentLauncherContentLaunchStatus
enum	MTRContentLauncherFeature
enum	MTRContentLauncherMetricType
enum	MTRContentLauncherParameter
enum	MTRContentLauncherStatus
enum	MTRContentLauncherSupportedProtocolsBitmap
enum	MTRContentLauncherSupportedStreamingProtocol
enum	MTRDataTypeAtomicRequestTypeEnum
enum	MTRDataTypeLandmarkTag
enum	MTRDataTypePositionTag
enum	MTRDataTypeRelativePositionTag
enum	MTRDeviceEnergyManagementAdjustmentCause
enum	MTRDeviceEnergyManagementCause
enum	MTRDeviceEnergyManagementCostType
enum	MTRDeviceEnergyManagementESAState
enum	MTRDeviceEnergyManagementESAType
enum	MTRDeviceEnergyManagementFeature
enum	MTRDeviceEnergyManagementForecastUpdateReason
enum	MTRDeviceEnergyManagementModeModeTag
enum	MTRDeviceEnergyManagementOptOutState
enum	MTRDeviceEnergyManagementPowerAdjustReason
enum	MTRDeviceTypeIDType
enum	MTRDiagnosticLogType
enum	MTRDiagnosticLogsIntent
enum	MTRDiagnosticLogsLogsIntent
enum	MTRDiagnosticLogsLogsStatus
enum	MTRDiagnosticLogsLogsTransferProtocol
enum	MTRDiagnosticLogsStatus
enum	MTRDiagnosticLogsTransferProtocol
enum	MTRDishwasherAlarmAlarmBitmap
enum	MTRDishwasherAlarmFeature
enum	MTRDishwasherModeModeTag
enum	MTRDoorLockAlarmCode
enum	MTRDoorLockCredentialRule
enum	MTRDoorLockCredentialType
enum	MTRDoorLockDataOperationType
enum	MTRDoorLockDayOfWeek
enum	MTRDoorLockDaysMaskMap
enum	MTRDoorLockDlAlarmCode
enum	MTRDoorLockDlCredentialRule
enum	MTRDoorLockDlCredentialRuleMask
enum	MTRDoorLockDlCredentialRulesSupport
enum	MTRDoorLockDlCredentialType
enum	MTRDoorLockDlDataOperationType
enum	MTRDoorLockDlDaysMaskMap
enum	MTRDoorLockDlDefaultConfigurationRegister
enum	MTRDoorLockDlDoorState
enum	MTRDoorLockDlKeypadOperationEventMask
enum	MTRDoorLockDlKeypadProgrammingEventMask
enum	MTRDoorLockDlLocalProgrammingFeatures
enum	MTRDoorLockDlLockDataType
enum	MTRDoorLockDlLockOperationType
enum	MTRDoorLockDlLockState
enum	MTRDoorLockDlLockType
enum	MTRDoorLockDlManualOperationEventMask
enum	MTRDoorLockDlOperatingMode
enum	MTRDoorLockDlOperationError
enum	MTRDoorLockDlOperationSource
enum	MTRDoorLockDlRFIDOperationEventMask
enum	MTRDoorLockDlRFIDProgrammingEventMask
enum	MTRDoorLockDlRemoteOperationEventMask
enum	MTRDoorLockDlRemoteProgrammingEventMask
enum	MTRDoorLockDlStatus
enum	MTRDoorLockDlSupportedOperatingModes
enum	MTRDoorLockDlUserStatus
enum	MTRDoorLockDlUserType
enum	MTRDoorLockDoorState
enum	MTRDoorLockFeature
enum	MTRDoorLockLockDataType
enum	MTRDoorLockLockOperationType
enum	MTRDoorLockOperatingMode
enum	MTRDoorLockOperationError
enum	MTRDoorLockOperationEventCode
enum	MTRDoorLockOperationSource
enum	MTRDoorLockProgrammingEventCode
enum	MTRDoorLockSetPinOrIdStatus
enum	MTRDoorLockUserStatus
enum	MTRDoorLockUserType
enum	MTRElectricalEnergyMeasurementFeature
enum	MTRElectricalEnergyMeasurementMeasurementType
enum	MTRElectricalPowerMeasurementFeature
enum	MTRElectricalPowerMeasurementMeasurementType
enum	MTRElectricalPowerMeasurementPowerMode
enum	MTREnergyEVSEEnergyTransferStoppedReason
enum	MTREnergyEVSEFaultState
enum	MTREnergyEVSEFeature
enum	MTREnergyEVSEModeModeTag
enum	MTREnergyEVSEState
enum	MTREnergyEVSESupplyState
enum	MTREnergyEVSETargetDayOfWeekBitmap
enum	MTRErrorCode
enum	MTREthernetNetworkDiagnosticsFeature
enum	MTREthernetNetworkDiagnosticsPHYRate
enum	MTREthernetNetworkDiagnosticsPHYRateType
enum	MTRFanControlAirflowDirection
enum	MTRFanControlFanMode
enum	MTRFanControlFanModeSequence
enum	MTRFanControlFanModeSequenceType
enum	MTRFanControlFanModeType
enum	MTRFanControlFeature
enum	MTRFanControlRockBitmap
enum	MTRFanControlRockSupportMask
enum	MTRFanControlStepDirection
enum	MTRFanControlWindBitmap
enum	MTRFanControlWindSettingMask
enum	MTRFanControlWindSupportMask
enum	MTRFormaldehydeConcentrationMeasurementFeature
enum	MTRFormaldehydeConcentrationMeasurementLevelValue
enum	MTRFormaldehydeConcentrationMeasurementMeasurementMedium
enum	MTRFormaldehydeConcentrationMeasurementMeasurementUnit
enum	MTRGeneralCommissioningCommissioningError
enum	MTRGeneralCommissioningRegulatoryLocationType
enum	MTRGeneralDiagnosticsBootReason
enum	MTRGeneralDiagnosticsBootReasonType
enum	MTRGeneralDiagnosticsFeature
enum	MTRGeneralDiagnosticsHardwareFault
enum	MTRGeneralDiagnosticsHardwareFaultType
enum	MTRGeneralDiagnosticsInterfaceType
enum	MTRGeneralDiagnosticsNetworkFault
enum	MTRGeneralDiagnosticsNetworkFaultType
enum	MTRGeneralDiagnosticsRadioFault
enum	MTRGeneralDiagnosticsRadioFaultType
enum	MTRGroupKeyManagementGroupKeySecurityPolicy
enum	MTRGroupsFeature
enum	MTRGroupsGroupClusterFeature
enum	MTRGroupsNameSupportBitmap
enum	MTRHEPAFilterMonitoringChangeIndication
enum	MTRHEPAFilterMonitoringDegradationDirection
enum	MTRHEPAFilterMonitoringFeature
enum	MTRHEPAFilterMonitoringProductIdentifierType
enum	MTRICDManagementClientType
enum	MTRICDManagementFeature
enum	MTRICDManagementOperatingMode
enum	MTRICDManagementUserActiveModeTriggerBitmap
enum	MTRIdentifyEffectIdentifier
enum	MTRIdentifyEffectVariant
enum	MTRIdentifyType
enum	MTRIlluminanceMeasurementLightSensorType
enum	MTRInteractionErrorCode
enum	MTRKeypadInputCECKeyCode
enum	MTRKeypadInputCecKeyCode
enum	MTRKeypadInputFeature
enum	MTRKeypadInputStatus
enum	MTRLaundryDryerControlsDrynessLevel
enum	MTRLaundryWasherControlsFeature
enum	MTRLaundryWasherControlsNumberOfRinses
enum	MTRLaundryWasherModeModeTag
enum	MTRLevelControlFeature
enum	MTRLevelControlMoveMode
enum	MTRLevelControlOptions
enum	MTRLevelControlOptionsBitmap
enum	MTRLevelControlStepMode
enum	MTRMediaInputFeature
enum	MTRMediaInputInputType
enum	MTRMediaPlaybackCharacteristic
enum	MTRMediaPlaybackFeature
enum	MTRMediaPlaybackPlaybackState
enum	MTRMediaPlaybackStatus
enum	MTRMessagesFeature
enum	MTRMessagesFutureMessagePreference
enum	MTRMessagesMessageControlBitmap
enum	MTRMessagesMessagePriority
enum	MTRMicrowaveOvenControlFeature
enum	MTRMicrowaveOvenModeModeTag
enum	MTRModeSelectFeature
enum	MTRNetworkCommissioningFeature
enum	MTRNetworkCommissioningStatus
enum	MTRNetworkCommissioningThreadCapabilitiesBitmap
enum	MTRNetworkCommissioningWiFiBand
enum	MTRNetworkCommissioningWiFiSecurity
enum	MTRNetworkCommissioningWiFiSecurityBitmap
enum	MTRNitrogenDioxideConcentrationMeasurementFeature
enum	MTRNitrogenDioxideConcentrationMeasurementLevelValue
enum	MTRNitrogenDioxideConcentrationMeasurementMeasurementMedium
enum	MTRNitrogenDioxideConcentrationMeasurementMeasurementUnit
enum	MTROTAImageDigestType
enum	MTROTASoftwareUpdateProviderApplyUpdateAction
enum	MTROTASoftwareUpdateProviderDownloadProtocol
enum	MTROTASoftwareUpdateProviderOTAApplyUpdateAction
enum	MTROTASoftwareUpdateProviderOTADownloadProtocol
enum	MTROTASoftwareUpdateProviderOTAQueryStatus
enum	MTROTASoftwareUpdateProviderStatus
enum	MTROTASoftwareUpdateRequestorAnnouncementReason
enum	MTROTASoftwareUpdateRequestorChangeReason
enum	MTROTASoftwareUpdateRequestorOTAAnnouncementReason
enum	MTROTASoftwareUpdateRequestorOTAChangeReason
enum	MTROTASoftwareUpdateRequestorOTAUpdateState
enum	MTROTASoftwareUpdateRequestorUpdateState
enum	MTROccupancySensingFeature
enum	MTROccupancySensingOccupancyBitmap
enum	MTROccupancySensingOccupancySensorType
enum	MTROccupancySensingOccupancySensorTypeBitmap
enum	MTROnOffControl
enum	MTROnOffControlBitmap
enum	MTROnOffDelayedAllOffEffectVariant
enum	MTROnOffDyingLightEffectVariant
enum	MTROnOffEffectIdentifier
enum	MTROnOffFeature
enum	MTROnOffStartUpOnOff
enum	MTROnboardingPayloadType
enum	MTROperationalCredentialsCertificateChainType
enum	MTROperationalCredentialsNodeOperationalCertStatus
enum	MTROperationalCredentialsOperationalCertStatus
enum	MTROperationalState
enum	MTROperationalStateErrorState
enum	MTROtaSoftwareUpdateProviderOTAApplyUpdateAction
enum	MTROtaSoftwareUpdateProviderOTADownloadProtocol
enum	MTROtaSoftwareUpdateProviderOTAQueryStatus
enum	MTROtaSoftwareUpdateRequestorOTAAnnouncementReason
enum	MTROtaSoftwareUpdateRequestorOTAChangeReason
enum	MTROtaSoftwareUpdateRequestorOTAUpdateState
enum	MTROvenCavityOperationalStateErrorState
enum	MTROvenCavityOperationalStateOperationalState
enum	MTROvenModeModeTag
enum	MTROzoneConcentrationMeasurementFeature
enum	MTROzoneConcentrationMeasurementLevelValue
enum	MTROzoneConcentrationMeasurementMeasurementMedium
enum	MTROzoneConcentrationMeasurementMeasurementUnit
enum	MTRPM10ConcentrationMeasurementFeature
enum	MTRPM10ConcentrationMeasurementLevelValue
enum	MTRPM10ConcentrationMeasurementMeasurementMedium
enum	MTRPM10ConcentrationMeasurementMeasurementUnit
enum	MTRPM1ConcentrationMeasurementFeature
enum	MTRPM1ConcentrationMeasurementLevelValue
enum	MTRPM1ConcentrationMeasurementMeasurementMedium
enum	MTRPM1ConcentrationMeasurementMeasurementUnit
enum	MTRPM25ConcentrationMeasurementFeature
enum	MTRPM25ConcentrationMeasurementLevelValue
enum	MTRPM25ConcentrationMeasurementMeasurementMedium
enum	MTRPM25ConcentrationMeasurementMeasurementUnit
enum	MTRPairingStatus
enum	MTRPowerSourceBatApprovedChemistry
enum	MTRPowerSourceBatChargeFault
enum	MTRPowerSourceBatChargeLevel
enum	MTRPowerSourceBatChargeState
enum	MTRPowerSourceBatCommonDesignation
enum	MTRPowerSourceBatFault
enum	MTRPowerSourceBatReplaceability
enum	MTRPowerSourceFeature
enum	MTRPowerSourceStatus
enum	MTRPowerSourceWiredCurrentType
enum	MTRPowerSourceWiredFault
enum	MTRPowerTopologyFeature
enum	MTRPressureMeasurementFeature
enum	MTRPressureMeasurementPressureFeature
enum	MTRPumpConfigurationAndControlControlMode
enum	MTRPumpConfigurationAndControlFeature
enum	MTRPumpConfigurationAndControlOperationMode
enum	MTRPumpConfigurationAndControlPumpControlMode
enum	MTRPumpConfigurationAndControlPumpFeature
enum	MTRPumpConfigurationAndControlPumpOperationMode
enum	MTRPumpConfigurationAndControlPumpStatus
enum	MTRPumpConfigurationAndControlPumpStatusBitmap
enum	MTRRVCCleanModeFeature
enum	MTRRVCCleanModeModeTag
enum	MTRRVCCleanModeStatusCode
enum	MTRRVCOperationalStateErrorState
enum	MTRRVCOperationalStateOperationalState
enum	MTRRVCRunModeFeature
enum	MTRRVCRunModeModeTag
enum	MTRRVCRunModeStatusCode
enum	MTRRadonConcentrationMeasurementFeature
enum	MTRRadonConcentrationMeasurementLevelValue
enum	MTRRadonConcentrationMeasurementMeasurementMedium
enum	MTRRadonConcentrationMeasurementMeasurementUnit
enum	MTRRefrigeratorAlarmAlarmBitmap
enum	MTRRefrigeratorAndTemperatureControlledCabinetModeModeTag
enum	MTRServiceAreaFeature
enum	MTRServiceAreaOperationalStatus
enum	MTRServiceAreaSelectAreasStatus
enum	MTRServiceAreaSkipAreaStatus
enum	MTRSmokeCOAlarmAlarmState
enum	MTRSmokeCOAlarmContaminationState
enum	MTRSmokeCOAlarmEndOfService
enum	MTRSmokeCOAlarmExpressedState
enum	MTRSmokeCOAlarmFeature
enum	MTRSmokeCOAlarmMuteState
enum	MTRSmokeCOAlarmSensitivity
enum	MTRSoftwareDiagnosticsFeature
enum	MTRStorageSecurityLevel
enum	MTRStorageSharingType
enum	MTRSwitchFeature
enum	MTRTargetNavigatorStatus
enum	MTRTemperatureControlFeature
enum	MTRTestClusterBitmap16MaskMap
enum	MTRTestClusterBitmap32MaskMap
enum	MTRTestClusterBitmap64MaskMap
enum	MTRTestClusterBitmap8MaskMap
enum	MTRTestClusterSimple
enum	MTRTestClusterSimpleBitmap
enum	MTRThermostatACCapacityFormat
enum	MTRThermostatACCompressorType
enum	MTRThermostatACErrorCodeBitmap
enum	MTRThermostatACLouverPosition
enum	MTRThermostatACRefrigerantType
enum	MTRThermostatACType
enum	MTRThermostatControlSequence
enum	MTRThermostatControlSequenceOfOperation
enum	MTRThermostatDayOfWeek
enum	MTRThermostatFeature
enum	MTRThermostatHVACSystemTypeBitmap
enum	MTRThermostatModeForSequence
enum	MTRThermostatOccupancyBitmap
enum	MTRThermostatPresetScenario
enum	MTRThermostatPresetTypeFeaturesBitmap
enum	MTRThermostatProgrammingOperationModeBitmap
enum	MTRThermostatRelayStateBitmap
enum	MTRThermostatRemoteSensingBitmap
enum	MTRThermostatRunningMode
enum	MTRThermostatScheduleDayOfWeekBitmap
enum	MTRThermostatScheduleModeBitmap
enum	MTRThermostatScheduleTypeFeaturesBitmap
enum	MTRThermostatSetpointAdjustMode
enum	MTRThermostatSetpointChangeSource
enum	MTRThermostatSetpointRaiseLowerMode
enum	MTRThermostatStartOfWeek
enum	MTRThermostatSystemMode
enum	MTRThermostatTemperatureSetpointHold
enum	MTRThermostatUserInterfaceConfigurationKeypadLockout
enum	MTRThermostatUserInterfaceConfigurationScheduleProgrammingVisibility
enum	MTRThermostatUserInterfaceConfigurationTemperatureDisplayMode
enum	MTRThreadBorderRouterManagementFeature
enum	MTRThreadNetworkDiagnosticsConnectionStatus
enum	MTRThreadNetworkDiagnosticsFeature
enum	MTRThreadNetworkDiagnosticsNetworkFault
enum	MTRThreadNetworkDiagnosticsRoutingRole
enum	MTRThreadNetworkDiagnosticsThreadConnectionStatus
enum	MTRTimeFormatLocalizationCalendarType
enum	MTRTimeFormatLocalizationFeature
enum	MTRTimeFormatLocalizationHourFormat
enum	MTRTimeSynchronizationFeature
enum	MTRTimeSynchronizationGranularity
enum	MTRTimeSynchronizationStatusCode
enum	MTRTimeSynchronizationTimeSource
enum	MTRTimeSynchronizationTimeZoneDatabase
enum	MTRTotalVolatileOrganicCompoundsConcentrationMeasurementFeature
enum	MTRTotalVolatileOrganicCompoundsConcentrationMeasurementLevelValue
enum	MTRTotalVolatileOrganicCompoundsConcentrationMeasurementMeasurementMedium
enum	MTRTotalVolatileOrganicCompoundsConcentrationMeasurementMeasurementUnit
enum	MTRTransportType
enum	MTRUnitLocalizationFeature
enum	MTRUnitLocalizationTempUnit
enum	MTRUnitTestingBitmap16MaskMap
enum	MTRUnitTestingBitmap32MaskMap
enum	MTRUnitTestingBitmap64MaskMap
enum	MTRUnitTestingBitmap8MaskMap
enum	MTRUnitTestingSimple
enum	MTRUnitTestingSimpleBitmap
enum	MTRValveConfigurationAndControlFeature
enum	MTRValveConfigurationAndControlStatusCode
enum	MTRValveConfigurationAndControlValveFaultBitmap
enum	MTRValveConfigurationAndControlValveState
enum	MTRWaterHeaterManagementBoostState
enum	MTRWaterHeaterManagementFeature
enum	MTRWaterHeaterManagementWaterHeaterHeatSourceBitmap
enum	MTRWaterHeaterModeModeTag
enum	MTRWiFiNetworkDiagnosticsAssociationFailureCause
enum	MTRWiFiNetworkDiagnosticsConnectionStatus
enum	MTRWiFiNetworkDiagnosticsFeature
enum	MTRWiFiNetworkDiagnosticsSecurityType
enum	MTRWiFiNetworkDiagnosticsWiFiConnectionStatus
enum	MTRWiFiNetworkDiagnosticsWiFiVersion
enum	MTRWiFiNetworkDiagnosticsWiFiVersionType
enum	MTRWindowCoveringConfigStatus
enum	MTRWindowCoveringEndProductType
enum	MTRWindowCoveringFeature
enum	MTRWindowCoveringMode
enum	MTRWindowCoveringOperationalStatus
enum	MTRWindowCoveringSafetyStatus
enum	MTRWindowCoveringType
method	+[MTRAccessGrant new]
method	+[MTRAsyncCallbackQueueWorkItem new]
method	+[MTRAsyncCallbackWorkQueue new]
method	+[MTRAttributeValueWaiter new]
method	+[MTRBaseClusterAccessControl new]
method	+[MTRBaseClusterAccountLogin new]
method	+[MTRBaseClusterActions new]
method	+[MTRBaseClusterActivatedCarbonFilterMonitoring new]
method	+[MTRBaseClusterAdministratorCommissioning new]
method	+[MTRBaseClusterAirQuality new]
method	+[MTRBaseClusterApplicationBasic new]
method	+[MTRBaseClusterApplicationLauncher new]
method	+[MTRBaseClusterAudioOutput new]
method	+[MTRBaseClusterBallastConfiguration new]
method	+[MTRBaseClusterBarrierControl new]
method	+[MTRBaseClusterBasicInformation new]
method	+[MTRBaseClusterBinaryInputBasic new]
method	+[MTRBaseClusterBinding new]
method	+[MTRBaseClusterBooleanState new]
method	+[MTRBaseClusterBooleanStateConfiguration new]
method	+[MTRBaseClusterBridgedDeviceBasicInformation new]
method	+[MTRBaseClusterCarbonDioxideConcentrationMeasurement new]
method	+[MTRBaseClusterCarbonMonoxideConcentrationMeasurement new]
method	+[MTRBaseClusterChannel new]
method	+[MTRBaseClusterColorControl new]
method	+[MTRBaseClusterCommissionerControl new]
method	+[MTRBaseClusterContentAppObserver new]
method	+[MTRBaseClusterContentLauncher new]
method	+[MTRBaseClusterDescriptor new]
method	+[MTRBaseClusterDeviceEnergyManagement new]
method	+[MTRBaseClusterDeviceEnergyManagementMode new]
method	+[MTRBaseClusterDiagnosticLogs new]
method	+[MTRBaseClusterDishwasherAlarm new]
method	+[MTRBaseClusterDishwasherMode new]
method	+[MTRBaseClusterDoorLock new]
method	+[MTRBaseClusterDoorLock readAttributeAppleAliroBLEAdvertisingVersionWithClusterStateCache:endpoint:queue:completion:]
method	+[MTRBaseClusterDoorLock readAttributeAppleAliroExpeditedTransactionSupportedProtocolVersionsWithClusterStateCache:endpoint:queue:completion:]
method	+[MTRBaseClusterDoorLock readAttributeAppleAliroGroupResolvingKeyWithClusterStateCache:endpoint:queue:completion:]
method	+[MTRBaseClusterDoorLock readAttributeAppleAliroReaderGroupIdentifierWithClusterStateCache:endpoint:queue:completion:]
method	+[MTRBaseClusterDoorLock readAttributeAppleAliroReaderGroupSubIdentifierWithClusterStateCache:endpoint:queue:completion:]
method	+[MTRBaseClusterDoorLock readAttributeAppleAliroReaderVerificationKeyWithClusterStateCache:endpoint:queue:completion:]
method	+[MTRBaseClusterDoorLock readAttributeAppleAliroSupportedBLEUWBProtocolVersionsWithClusterStateCache:endpoint:queue:completion:]
method	+[MTRBaseClusterDoorLock readAttributeAppleNumberOfAliroCredentialIssuerKeysSupportedWithClusterStateCache:endpoint:queue:completion:]
method	+[MTRBaseClusterDoorLock readAttributeAppleNumberOfAliroEndpointKeysSupportedWithClusterStateCache:endpoint:queue:completion:]
method	+[MTRBaseClusterElectricalEnergyMeasurement new]
method	+[MTRBaseClusterElectricalMeasurement new]
method	+[MTRBaseClusterElectricalPowerMeasurement new]
method	+[MTRBaseClusterEnergyEVSE new]
method	+[MTRBaseClusterEnergyEVSEMode new]
method	+[MTRBaseClusterEthernetNetworkDiagnostics new]
method	+[MTRBaseClusterFanControl new]
method	+[MTRBaseClusterFixedLabel new]
method	+[MTRBaseClusterFlowMeasurement new]
method	+[MTRBaseClusterFormaldehydeConcentrationMeasurement new]
method	+[MTRBaseClusterGeneralCommissioning new]
method	+[MTRBaseClusterGeneralDiagnostics new]
method	+[MTRBaseClusterGroupKeyManagement new]
method	+[MTRBaseClusterGroups new]
method	+[MTRBaseClusterHEPAFilterMonitoring new]
method	+[MTRBaseClusterICDManagement new]
method	+[MTRBaseClusterIdentify new]
method	+[MTRBaseClusterIlluminanceMeasurement new]
method	+[MTRBaseClusterKeypadInput new]
method	+[MTRBaseClusterLaundryDryerControls new]
method	+[MTRBaseClusterLaundryWasherControls new]
method	+[MTRBaseClusterLaundryWasherMode new]
method	+[MTRBaseClusterLevelControl new]
method	+[MTRBaseClusterLocalizationConfiguration new]
method	+[MTRBaseClusterLowPower new]
method	+[MTRBaseClusterMediaInput new]
method	+[MTRBaseClusterMediaPlayback new]
method	+[MTRBaseClusterMessages new]
method	+[MTRBaseClusterMicrowaveOvenControl new]
method	+[MTRBaseClusterMicrowaveOvenMode new]
method	+[MTRBaseClusterModeSelect new]
method	+[MTRBaseClusterNetworkCommissioning new]
method	+[MTRBaseClusterNitrogenDioxideConcentrationMeasurement new]
method	+[MTRBaseClusterOTASoftwareUpdateProvider new]
method	+[MTRBaseClusterOTASoftwareUpdateRequestor new]
method	+[MTRBaseClusterOccupancySensing new]
method	+[MTRBaseClusterOnOff new]
method	+[MTRBaseClusterOnOffSwitchConfiguration new]
method	+[MTRBaseClusterOperationalCredentials new]
method	+[MTRBaseClusterOperationalState new]
method	+[MTRBaseClusterOvenCavityOperationalState new]
method	+[MTRBaseClusterOvenMode new]
method	+[MTRBaseClusterOzoneConcentrationMeasurement new]
method	+[MTRBaseClusterPM10ConcentrationMeasurement new]
method	+[MTRBaseClusterPM1ConcentrationMeasurement new]
method	+[MTRBaseClusterPM25ConcentrationMeasurement new]
method	+[MTRBaseClusterPowerSource new]
method	+[MTRBaseClusterPowerSourceConfiguration new]
method	+[MTRBaseClusterPowerTopology new]
method	+[MTRBaseClusterPressureMeasurement new]
method	+[MTRBaseClusterPumpConfigurationAndControl new]
method	+[MTRBaseClusterRVCCleanMode new]
method	+[MTRBaseClusterRVCOperationalState new]
method	+[MTRBaseClusterRVCRunMode new]
method	+[MTRBaseClusterRadonConcentrationMeasurement new]
method	+[MTRBaseClusterRefrigeratorAlarm new]
method	+[MTRBaseClusterRefrigeratorAndTemperatureControlledCabinetMode new]
method	+[MTRBaseClusterRelativeHumidityMeasurement new]
method	+[MTRBaseClusterServiceArea new]
method	+[MTRBaseClusterSmokeCOAlarm new]
method	+[MTRBaseClusterSoftwareDiagnostics new]
method	+[MTRBaseClusterSwitch new]
method	+[MTRBaseClusterTargetNavigator new]
method	+[MTRBaseClusterTemperatureControl new]
method	+[MTRBaseClusterTemperatureMeasurement new]
method	+[MTRBaseClusterThermostat new]
method	+[MTRBaseClusterThermostatUserInterfaceConfiguration new]
method	+[MTRBaseClusterThreadBorderRouterManagement new]
method	+[MTRBaseClusterThreadNetworkDiagnostics new]
method	+[MTRBaseClusterThreadNetworkDirectory new]
method	+[MTRBaseClusterTimeFormatLocalization new]
method	+[MTRBaseClusterTimeSynchronization new]
method	+[MTRBaseClusterTotalVolatileOrganicCompoundsConcentrationMeasurement new]
method	+[MTRBaseClusterUnitLocalization new]
method	+[MTRBaseClusterUnitTesting new]
method	+[MTRBaseClusterUserLabel new]
method	+[MTRBaseClusterValveConfigurationAndControl new]
method	+[MTRBaseClusterWakeOnLAN new]
method	+[MTRBaseClusterWaterHeaterManagement new]
method	+[MTRBaseClusterWaterHeaterMode new]
method	+[MTRBaseClusterWiFiNetworkDiagnostics new]
method	+[MTRBaseClusterWiFiNetworkManagement new]
method	+[MTRBaseClusterWindowCovering new]
method	+[MTRBaseDevice new]
method	+[MTRCertificateInfo new]
method	+[MTRCertificates new]
method	+[MTRCluster new]
method	+[MTRClusterAccessControl new]
method	+[MTRClusterAccountLogin new]
method	+[MTRClusterActions new]
method	+[MTRClusterActivatedCarbonFilterMonitoring new]
method	+[MTRClusterAdministratorCommissioning new]
method	+[MTRClusterAirQuality new]
method	+[MTRClusterApplicationBasic new]
method	+[MTRClusterApplicationLauncher new]
method	+[MTRClusterAudioOutput new]
method	+[MTRClusterBallastConfiguration new]
method	+[MTRClusterBarrierControl new]
method	+[MTRClusterBasicInformation new]
method	+[MTRClusterBinaryInputBasic new]
method	+[MTRClusterBinding new]
method	+[MTRClusterBooleanState new]
method	+[MTRClusterBooleanStateConfiguration new]
method	+[MTRClusterBridgedDeviceBasicInformation new]
method	+[MTRClusterCarbonDioxideConcentrationMeasurement new]
method	+[MTRClusterCarbonMonoxideConcentrationMeasurement new]
method	+[MTRClusterChannel new]
method	+[MTRClusterColorControl new]
method	+[MTRClusterCommissionerControl new]
method	+[MTRClusterContentAppObserver new]
method	+[MTRClusterContentLauncher new]
method	+[MTRClusterDescriptor new]
method	+[MTRClusterDeviceEnergyManagement new]
method	+[MTRClusterDeviceEnergyManagementMode new]
method	+[MTRClusterDiagnosticLogs new]
method	+[MTRClusterDishwasherAlarm new]
method	+[MTRClusterDishwasherMode new]
method	+[MTRClusterDoorLock new]
method	+[MTRClusterElectricalEnergyMeasurement new]
method	+[MTRClusterElectricalMeasurement new]
method	+[MTRClusterElectricalPowerMeasurement new]
method	+[MTRClusterEnergyEVSE new]
method	+[MTRClusterEnergyEVSEMode new]
method	+[MTRClusterEthernetNetworkDiagnostics new]
method	+[MTRClusterFanControl new]
method	+[MTRClusterFixedLabel new]
method	+[MTRClusterFlowMeasurement new]
method	+[MTRClusterFormaldehydeConcentrationMeasurement new]
method	+[MTRClusterGeneralCommissioning new]
method	+[MTRClusterGeneralDiagnostics new]
method	+[MTRClusterGroupKeyManagement new]
method	+[MTRClusterGroups new]
method	+[MTRClusterHEPAFilterMonitoring new]
method	+[MTRClusterICDManagement new]
method	+[MTRClusterIdentify new]
method	+[MTRClusterIlluminanceMeasurement new]
method	+[MTRClusterKeypadInput new]
method	+[MTRClusterLaundryDryerControls new]
method	+[MTRClusterLaundryWasherControls new]
method	+[MTRClusterLaundryWasherMode new]
method	+[MTRClusterLevelControl new]
method	+[MTRClusterLocalizationConfiguration new]
method	+[MTRClusterLowPower new]
method	+[MTRClusterMediaInput new]
method	+[MTRClusterMediaPlayback new]
method	+[MTRClusterMessages new]
method	+[MTRClusterMicrowaveOvenControl new]
method	+[MTRClusterMicrowaveOvenMode new]
method	+[MTRClusterModeSelect new]
method	+[MTRClusterNetworkCommissioning new]
method	+[MTRClusterNitrogenDioxideConcentrationMeasurement new]
method	+[MTRClusterOTASoftwareUpdateProvider new]
method	+[MTRClusterOTASoftwareUpdateRequestor new]
method	+[MTRClusterOccupancySensing new]
method	+[MTRClusterOnOff new]
method	+[MTRClusterOnOffSwitchConfiguration new]
method	+[MTRClusterOperationalCredentials new]
method	+[MTRClusterOperationalState new]
method	+[MTRClusterOvenCavityOperationalState new]
method	+[MTRClusterOvenMode new]
method	+[MTRClusterOzoneConcentrationMeasurement new]
method	+[MTRClusterPM10ConcentrationMeasurement new]
method	+[MTRClusterPM1ConcentrationMeasurement new]
method	+[MTRClusterPM25ConcentrationMeasurement new]
method	+[MTRClusterPath new]
method	+[MTRClusterPowerSource new]
method	+[MTRClusterPowerSourceConfiguration new]
method	+[MTRClusterPowerTopology new]
method	+[MTRClusterPressureMeasurement new]
method	+[MTRClusterPumpConfigurationAndControl new]
method	+[MTRClusterRVCCleanMode new]
method	+[MTRClusterRVCOperationalState new]
method	+[MTRClusterRVCRunMode new]
method	+[MTRClusterRadonConcentrationMeasurement new]
method	+[MTRClusterRefrigeratorAlarm new]
method	+[MTRClusterRefrigeratorAndTemperatureControlledCabinetMode new]
method	+[MTRClusterRelativeHumidityMeasurement new]
method	+[MTRClusterServiceArea new]
method	+[MTRClusterSmokeCOAlarm new]
method	+[MTRClusterSoftwareDiagnostics new]
method	+[MTRClusterSwitch new]
method	+[MTRClusterTargetNavigator new]
method	+[MTRClusterTemperatureControl new]
method	+[MTRClusterTemperatureMeasurement new]
method	+[MTRClusterThermostat new]
method	+[MTRClusterThermostatUserInterfaceConfiguration new]
method	+[MTRClusterThreadBorderRouterManagement new]
method	+[MTRClusterThreadNetworkDiagnostics new]
method	+[MTRClusterThreadNetworkDirectory new]
method	+[MTRClusterTimeFormatLocalization new]
method	+[MTRClusterTimeSynchronization new]
method	+[MTRClusterTotalVolatileOrganicCompoundsConcentrationMeasurement new]
method	+[MTRClusterUnitLocalization new]
method	+[MTRClusterUnitTesting new]
method	+[MTRClusterUserLabel new]
method	+[MTRClusterValveConfigurationAndControl new]
method	+[MTRClusterWakeOnLAN new]
method	+[MTRClusterWaterHeaterManagement new]
method	+[MTRClusterWaterHeaterMode new]
method	+[MTRClusterWiFiNetworkDiagnostics new]
method	+[MTRClusterWiFiNetworkManagement new]
method	+[MTRClusterWindowCovering new]
method	+[MTRCommissioningOperation new]
method	+[MTRControllerFactory new]
method	+[MTRDevice new]
method	+[MTRDeviceAttestationDeviceInfo new]
method	+[MTRDeviceController new]
method	+[MTRDeviceControllerAbstractParameters new]
method	+[MTRDeviceControllerExternalCertificateParameters new]
method	+[MTRDeviceControllerFactory new]
method	+[MTRDeviceControllerStartupParams new]
method	+[MTRDeviceType new]
method	+[MTRDeviceTypeRevision new]
method	+[MTRDistinguishedNameInfo new]
method	+[MTREndpointInfo new]
method	+[MTRFabricInfo new]
method	+[MTRMetrics new]
method	+[MTROperationalCertificateChain new]
method	+[MTRProductIdentity new]
method	+[MTRServerAttribute new]
method	+[MTRServerCluster new]
method	+[MTRServerEndpoint new]
method	+[MTRThreadOperationalDataset new]
method	+[MTRXPCDeviceControllerParameters new]
method	-[MTRAccessGrant init]
method	-[MTRAsyncCallbackQueueWorkItem init]
method	-[MTRAsyncCallbackWorkQueue init]
method	-[MTRAttributeValueWaiter init]
method	-[MTRBaseClusterAccessControl initWithDevice:endpointID:queue:]
method	-[MTRBaseClusterAccessControl init]
method	-[MTRBaseClusterAccountLogin initWithDevice:endpointID:queue:]
method	-[MTRBaseClusterAccountLogin init]
method	-[MTRBaseClusterActions initWithDevice:endpointID:queue:]
method	-[MTRBaseClusterActions init]
method	-[MTRBaseClusterActivatedCarbonFilterMonitoring initWithDevice:endpointID:queue:]
method	-[MTRBaseClusterActivatedCarbonFilterMonitoring init]
method	-[MTRBaseClusterAdministratorCommissioning initWithDevice:endpointID:queue:]
method	-[MTRBaseClusterAdministratorCommissioning init]
method	-[MTRBaseClusterAirQuality initWithDevice:endpointID:queue:]
method	-[MTRBaseClusterAirQuality init]
method	-[MTRBaseClusterApplicationBasic initWithDevice:endpointID:queue:]
method	-[MTRBaseClusterApplicationBasic init]
method	-[MTRBaseClusterApplicationLauncher initWithDevice:endpointID:queue:]
method	-[MTRBaseClusterApplicationLauncher init]
method	-[MTRBaseClusterAudioOutput initWithDevice:endpointID:queue:]
method	-[MTRBaseClusterAudioOutput init]
method	-[MTRBaseClusterBallastConfiguration initWithDevice:endpointID:queue:]
method	-[MTRBaseClusterBallastConfiguration init]
method	-[MTRBaseClusterBarrierControl initWithDevice:endpointID:queue:]
method	-[MTRBaseClusterBarrierControl init]
method	-[MTRBaseClusterBasicInformation initWithDevice:endpointID:queue:]
method	-[MTRBaseClusterBasicInformation init]
method	-[MTRBaseClusterBinaryInputBasic initWithDevice:endpointID:queue:]
method	-[MTRBaseClusterBinaryInputBasic init]
method	-[MTRBaseClusterBinding initWithDevice:endpointID:queue:]
method	-[MTRBaseClusterBinding init]
method	-[MTRBaseClusterBooleanState initWithDevice:endpointID:queue:]
method	-[MTRBaseClusterBooleanState init]
method	-[MTRBaseClusterBooleanStateConfiguration initWithDevice:endpointID:queue:]
method	-[MTRBaseClusterBooleanStateConfiguration init]
method	-[MTRBaseClusterBridgedDeviceBasicInformation initWithDevice:endpointID:queue:]
method	-[MTRBaseClusterBridgedDeviceBasicInformation init]
method	-[MTRBaseClusterCarbonDioxideConcentrationMeasurement initWithDevice:endpointID:queue:]
method	-[MTRBaseClusterCarbonDioxideConcentrationMeasurement init]
method	-[MTRBaseClusterCarbonMonoxideConcentrationMeasurement initWithDevice:endpointID:queue:]
method	-[MTRBaseClusterCarbonMonoxideConcentrationMeasurement init]
method	-[MTRBaseClusterChannel initWithDevice:endpointID:queue:]
method	-[MTRBaseClusterChannel init]
method	-[MTRBaseClusterColorControl initWithDevice:endpointID:queue:]
method	-[MTRBaseClusterColorControl init]
method	-[MTRBaseClusterCommissionerControl initWithDevice:endpointID:queue:]
method	-[MTRBaseClusterCommissionerControl init]
method	-[MTRBaseClusterContentAppObserver initWithDevice:endpointID:queue:]
method	-[MTRBaseClusterContentAppObserver init]
method	-[MTRBaseClusterContentLauncher initWithDevice:endpointID:queue:]
method	-[MTRBaseClusterContentLauncher init]
method	-[MTRBaseClusterDescriptor initWithDevice:endpointID:queue:]
method	-[MTRBaseClusterDescriptor init]
method	-[MTRBaseClusterDeviceEnergyManagement initWithDevice:endpointID:queue:]
method	-[MTRBaseClusterDeviceEnergyManagement init]
method	-[MTRBaseClusterDeviceEnergyManagementMode initWithDevice:endpointID:queue:]
method	-[MTRBaseClusterDeviceEnergyManagementMode init]
method	-[MTRBaseClusterDiagnosticLogs initWithDevice:endpointID:queue:]
method	-[MTRBaseClusterDiagnosticLogs init]
method	-[MTRBaseClusterDishwasherAlarm initWithDevice:endpointID:queue:]
method	-[MTRBaseClusterDishwasherAlarm init]
method	-[MTRBaseClusterDishwasherMode initWithDevice:endpointID:queue:]
method	-[MTRBaseClusterDishwasherMode init]
method	-[MTRBaseClusterDoorLock appleClearAliroCredentialWithParams:completion:]
method	-[MTRBaseClusterDoorLock appleClearAliroReaderConfigWithCompletion:]
method	-[MTRBaseClusterDoorLock appleClearAliroReaderConfigWithParams:completion:]
method	-[MTRBaseClusterDoorLock appleGetAliroCredentialStatusWithParams:completion:]
method	-[MTRBaseClusterDoorLock appleSetAliroCredentialWithParams:completion:]
method	-[MTRBaseClusterDoorLock appleSetAliroReaderConfigWithParams:completion:]
method	-[MTRBaseClusterDoorLock initWithDevice:endpointID:queue:]
method	-[MTRBaseClusterDoorLock init]
method	-[MTRBaseClusterDoorLock readAttributeAppleAliroBLEAdvertisingVersionWithCompletion:]
method	-[MTRBaseClusterDoorLock readAttributeAppleAliroExpeditedTransactionSupportedProtocolVersionsWithCompletion:]
method	-[MTRBaseClusterDoorLock readAttributeAppleAliroGroupResolvingKeyWithCompletion:]
method	-[MTRBaseClusterDoorLock readAttributeAppleAliroReaderGroupIdentifierWithCompletion:]
method	-[MTRBaseClusterDoorLock readAttributeAppleAliroReaderGroupSubIdentifierWithCompletion:]
method	-[MTRBaseClusterDoorLock readAttributeAppleAliroReaderVerificationKeyWithCompletion:]
method	-[MTRBaseClusterDoorLock readAttributeAppleAliroSupportedBLEUWBProtocolVersionsWithCompletion:]
method	-[MTRBaseClusterDoorLock readAttributeAppleNumberOfAliroCredentialIssuerKeysSupportedWithCompletion:]
method	-[MTRBaseClusterDoorLock readAttributeAppleNumberOfAliroEndpointKeysSupportedWithCompletion:]
method	-[MTRBaseClusterDoorLock subscribeAttributeAppleAliroBLEAdvertisingVersionWithParams:subscriptionEstablished:reportHandler:]
method	-[MTRBaseClusterDoorLock subscribeAttributeAppleAliroExpeditedTransactionSupportedProtocolVersionsWithParams:subscriptionEstablished:reportHandler:]
method	-[MTRBaseClusterDoorLock subscribeAttributeAppleAliroGroupResolvingKeyWithParams:subscriptionEstablished:reportHandler:]
method	-[MTRBaseClusterDoorLock subscribeAttributeAppleAliroReaderGroupIdentifierWithParams:subscriptionEstablished:reportHandler:]
method	-[MTRBaseClusterDoorLock subscribeAttributeAppleAliroReaderGroupSubIdentifierWithParams:subscriptionEstablished:reportHandler:]
method	-[MTRBaseClusterDoorLock subscribeAttributeAppleAliroReaderVerificationKeyWithParams:subscriptionEstablished:reportHandler:]
method	-[MTRBaseClusterDoorLock subscribeAttributeAppleAliroSupportedBLEUWBProtocolVersionsWithParams:subscriptionEstablished:reportHandler:]
method	-[MTRBaseClusterDoorLock subscribeAttributeAppleNumberOfAliroCredentialIssuerKeysSupportedWithParams:subscriptionEstablished:reportHandler:]
method	-[MTRBaseClusterDoorLock subscribeAttributeAppleNumberOfAliroEndpointKeysSupportedWithParams:subscriptionEstablished:reportHandler:]
method	-[MTRBaseClusterElectricalEnergyMeasurement initWithDevice:endpointID:queue:]
method	-[MTRBaseClusterElectricalEnergyMeasurement init]
method	-[MTRBaseClusterElectricalMeasurement initWithDevice:endpointID:queue:]
method	-[MTRBaseClusterElectricalMeasurement init]
method	-[MTRBaseClusterElectricalPowerMeasurement initWithDevice:endpointID:queue:]
method	-[MTRBaseClusterElectricalPowerMeasurement init]
method	-[MTRBaseClusterEnergyEVSE initWithDevice:endpointID:queue:]
method	-[MTRBaseClusterEnergyEVSE init]
method	-[MTRBaseClusterEnergyEVSEMode initWithDevice:endpointID:queue:]
method	-[MTRBaseClusterEnergyEVSEMode init]
method	-[MTRBaseClusterEthernetNetworkDiagnostics initWithDevice:endpointID:queue:]
method	-[MTRBaseClusterEthernetNetworkDiagnostics init]
method	-[MTRBaseClusterFanControl initWithDevice:endpointID:queue:]
method	-[MTRBaseClusterFanControl init]
method	-[MTRBaseClusterFixedLabel initWithDevice:endpointID:queue:]
method	-[MTRBaseClusterFixedLabel init]
method	-[MTRBaseClusterFlowMeasurement initWithDevice:endpointID:queue:]
method	-[MTRBaseClusterFlowMeasurement init]
method	-[MTRBaseClusterFormaldehydeConcentrationMeasurement initWithDevice:endpointID:queue:]
method	-[MTRBaseClusterFormaldehydeConcentrationMeasurement init]
method	-[MTRBaseClusterGeneralCommissioning initWithDevice:endpointID:queue:]
method	-[MTRBaseClusterGeneralCommissioning init]
method	-[MTRBaseClusterGeneralDiagnostics initWithDevice:endpointID:queue:]
method	-[MTRBaseClusterGeneralDiagnostics init]
method	-[MTRBaseClusterGroupKeyManagement initWithDevice:endpointID:queue:]
method	-[MTRBaseClusterGroupKeyManagement init]
method	-[MTRBaseClusterGroups initWithDevice:endpointID:queue:]
method	-[MTRBaseClusterGroups init]
method	-[MTRBaseClusterHEPAFilterMonitoring initWithDevice:endpointID:queue:]
method	-[MTRBaseClusterHEPAFilterMonitoring init]
method	-[MTRBaseClusterICDManagement initWithDevice:endpointID:queue:]
method	-[MTRBaseClusterICDManagement init]
method	-[MTRBaseClusterIdentify initWithDevice:endpointID:queue:]
method	-[MTRBaseClusterIdentify init]
method	-[MTRBaseClusterIlluminanceMeasurement initWithDevice:endpointID:queue:]
method	-[MTRBaseClusterIlluminanceMeasurement init]
method	-[MTRBaseClusterKeypadInput initWithDevice:endpointID:queue:]
method	-[MTRBaseClusterKeypadInput init]
method	-[MTRBaseClusterLaundryDryerControls initWithDevice:endpointID:queue:]
method	-[MTRBaseClusterLaundryDryerControls init]
method	-[MTRBaseClusterLaundryWasherControls initWithDevice:endpointID:queue:]
method	-[MTRBaseClusterLaundryWasherControls init]
method	-[MTRBaseClusterLaundryWasherMode initWithDevice:endpointID:queue:]
method	-[MTRBaseClusterLaundryWasherMode init]
method	-[MTRBaseClusterLevelControl initWithDevice:endpointID:queue:]
method	-[MTRBaseClusterLevelControl init]
method	-[MTRBaseClusterLocalizationConfiguration initWithDevice:endpointID:queue:]
method	-[MTRBaseClusterLocalizationConfiguration init]
method	-[MTRBaseClusterLowPower initWithDevice:endpointID:queue:]
method	-[MTRBaseClusterLowPower init]
method	-[MTRBaseClusterMediaInput initWithDevice:endpointID:queue:]
method	-[MTRBaseClusterMediaInput init]
method	-[MTRBaseClusterMediaPlayback initWithDevice:endpointID:queue:]
method	-[MTRBaseClusterMediaPlayback init]
method	-[MTRBaseClusterMessages initWithDevice:endpointID:queue:]
method	-[MTRBaseClusterMessages init]
method	-[MTRBaseClusterMicrowaveOvenControl initWithDevice:endpointID:queue:]
method	-[MTRBaseClusterMicrowaveOvenControl init]
method	-[MTRBaseClusterMicrowaveOvenMode initWithDevice:endpointID:queue:]
method	-[MTRBaseClusterMicrowaveOvenMode init]
method	-[MTRBaseClusterModeSelect initWithDevice:endpointID:queue:]
method	-[MTRBaseClusterModeSelect init]
method	-[MTRBaseClusterNetworkCommissioning initWithDevice:endpointID:queue:]
method	-[MTRBaseClusterNetworkCommissioning init]
method	-[MTRBaseClusterNitrogenDioxideConcentrationMeasurement initWithDevice:endpointID:queue:]
method	-[MTRBaseClusterNitrogenDioxideConcentrationMeasurement init]
method	-[MTRBaseClusterOTASoftwareUpdateProvider initWithDevice:endpointID:queue:]
method	-[MTRBaseClusterOTASoftwareUpdateProvider init]
method	-[MTRBaseClusterOTASoftwareUpdateRequestor initWithDevice:endpointID:queue:]
method	-[MTRBaseClusterOTASoftwareUpdateRequestor init]
method	-[MTRBaseClusterOccupancySensing initWithDevice:endpointID:queue:]
method	-[MTRBaseClusterOccupancySensing init]
method	-[MTRBaseClusterOnOff initWithDevice:endpointID:queue:]
method	-[MTRBaseClusterOnOff init]
method	-[MTRBaseClusterOnOffSwitchConfiguration initWithDevice:endpointID:queue:]
method	-[MTRBaseClusterOnOffSwitchConfiguration init]
method	-[MTRBaseClusterOperationalCredentials initWithDevice:endpointID:queue:]
method	-[MTRBaseClusterOperationalCredentials init]
method	-[MTRBaseClusterOperationalState initWithDevice:endpointID:queue:]
method	-[MTRBaseClusterOperationalState init]
method	-[MTRBaseClusterOvenCavityOperationalState initWithDevice:endpointID:queue:]
method	-[MTRBaseClusterOvenCavityOperationalState init]
method	-[MTRBaseClusterOvenMode initWithDevice:endpointID:queue:]
method	-[MTRBaseClusterOvenMode init]
method	-[MTRBaseClusterOzoneConcentrationMeasurement initWithDevice:endpointID:queue:]
method	-[MTRBaseClusterOzoneConcentrationMeasurement init]
method	-[MTRBaseClusterPM10ConcentrationMeasurement initWithDevice:endpointID:queue:]
method	-[MTRBaseClusterPM10ConcentrationMeasurement init]
method	-[MTRBaseClusterPM1ConcentrationMeasurement initWithDevice:endpointID:queue:]
method	-[MTRBaseClusterPM1ConcentrationMeasurement init]
method	-[MTRBaseClusterPM25ConcentrationMeasurement initWithDevice:endpointID:queue:]
method	-[MTRBaseClusterPM25ConcentrationMeasurement init]
method	-[MTRBaseClusterPowerSource initWithDevice:endpointID:queue:]
method	-[MTRBaseClusterPowerSource init]
method	-[MTRBaseClusterPowerSourceConfiguration initWithDevice:endpointID:queue:]
method	-[MTRBaseClusterPowerSourceConfiguration init]
method	-[MTRBaseClusterPowerTopology initWithDevice:endpointID:queue:]
method	-[MTRBaseClusterPowerTopology init]
method	-[MTRBaseClusterPressureMeasurement initWithDevice:endpointID:queue:]
method	-[MTRBaseClusterPressureMeasurement init]
method	-[MTRBaseClusterPumpConfigurationAndControl initWithDevice:endpointID:queue:]
method	-[MTRBaseClusterPumpConfigurationAndControl init]
method	-[MTRBaseClusterRVCCleanMode initWithDevice:endpointID:queue:]
method	-[MTRBaseClusterRVCCleanMode init]
method	-[MTRBaseClusterRVCOperationalState initWithDevice:endpointID:queue:]
method	-[MTRBaseClusterRVCOperationalState init]
method	-[MTRBaseClusterRVCRunMode initWithDevice:endpointID:queue:]
method	-[MTRBaseClusterRVCRunMode init]
method	-[MTRBaseClusterRadonConcentrationMeasurement initWithDevice:endpointID:queue:]
method	-[MTRBaseClusterRadonConcentrationMeasurement init]
method	-[MTRBaseClusterRefrigeratorAlarm initWithDevice:endpointID:queue:]
method	-[MTRBaseClusterRefrigeratorAlarm init]
method	-[MTRBaseClusterRefrigeratorAndTemperatureControlledCabinetMode initWithDevice:endpointID:queue:]
method	-[MTRBaseClusterRefrigeratorAndTemperatureControlledCabinetMode init]
method	-[MTRBaseClusterRelativeHumidityMeasurement initWithDevice:endpointID:queue:]
method	-[MTRBaseClusterRelativeHumidityMeasurement init]
method	-[MTRBaseClusterServiceArea initWithDevice:endpointID:queue:]
method	-[MTRBaseClusterServiceArea init]
method	-[MTRBaseClusterSmokeCOAlarm initWithDevice:endpointID:queue:]
method	-[MTRBaseClusterSmokeCOAlarm init]
method	-[MTRBaseClusterSoftwareDiagnostics initWithDevice:endpointID:queue:]
method	-[MTRBaseClusterSoftwareDiagnostics init]
method	-[MTRBaseClusterSwitch initWithDevice:endpointID:queue:]
method	-[MTRBaseClusterSwitch init]
method	-[MTRBaseClusterTargetNavigator initWithDevice:endpointID:queue:]
method	-[MTRBaseClusterTargetNavigator init]
method	-[MTRBaseClusterTemperatureControl initWithDevice:endpointID:queue:]
method	-[MTRBaseClusterTemperatureControl init]
method	-[MTRBaseClusterTemperatureMeasurement initWithDevice:endpointID:queue:]
method	-[MTRBaseClusterTemperatureMeasurement init]
method	-[MTRBaseClusterThermostat initWithDevice:endpointID:queue:]
method	-[MTRBaseClusterThermostat init]
method	-[MTRBaseClusterThermostatUserInterfaceConfiguration initWithDevice:endpointID:queue:]
method	-[MTRBaseClusterThermostatUserInterfaceConfiguration init]
method	-[MTRBaseClusterThreadBorderRouterManagement initWithDevice:endpointID:queue:]
method	-[MTRBaseClusterThreadBorderRouterManagement init]
method	-[MTRBaseClusterThreadNetworkDiagnostics initWithDevice:endpointID:queue:]
method	-[MTRBaseClusterThreadNetworkDiagnostics init]
method	-[MTRBaseClusterThreadNetworkDirectory initWithDevice:endpointID:queue:]
method	-[MTRBaseClusterThreadNetworkDirectory init]
method	-[MTRBaseClusterTimeFormatLocalization initWithDevice:endpointID:queue:]
method	-[MTRBaseClusterTimeFormatLocalization init]
method	-[MTRBaseClusterTimeSynchronization initWithDevice:endpointID:queue:]
method	-[MTRBaseClusterTimeSynchronization init]
method	-[MTRBaseClusterTotalVolatileOrganicCompoundsConcentrationMeasurement initWithDevice:endpointID:queue:]
method	-[MTRBaseClusterTotalVolatileOrganicCompoundsConcentrationMeasurement init]
method	-[MTRBaseClusterUnitLocalization initWithDevice:endpointID:queue:]
method	-[MTRBaseClusterUnitLocalization init]
method	-[MTRBaseClusterUnitTesting initWithDevice:endpointID:queue:]
method	-[MTRBaseClusterUnitTesting init]
method	-[MTRBaseClusterUserLabel initWithDevice:endpointID:queue:]
method	-[MTRBaseClusterUserLabel init]
method	-[MTRBaseClusterValveConfigurationAndControl initWithDevice:endpointID:queue:]
method	-[MTRBaseClusterValveConfigurationAndControl init]
method	-[MTRBaseClusterWakeOnLAN initWithDevice:endpointID:queue:]
method	-[MTRBaseClusterWakeOnLAN init]
method	-[MTRBaseClusterWaterHeaterManagement initWithDevice:endpointID:queue:]
method	-[MTRBaseClusterWaterHeaterManagement init]
method	-[MTRBaseClusterWaterHeaterMode initWithDevice:endpointID:queue:]
method	-[MTRBaseClusterWaterHeaterMode init]
method	-[MTRBaseClusterWiFiNetworkDiagnostics initWithDevice:endpointID:queue:]
method	-[MTRBaseClusterWiFiNetworkDiagnostics init]
method	-[MTRBaseClusterWiFiNetworkManagement initWithDevice:endpointID:queue:]
method	-[MTRBaseClusterWiFiNetworkManagement init]
method	-[MTRBaseClusterWindowCovering initWithDevice:endpointID:queue:]
method	-[MTRBaseClusterWindowCovering init]
method	-[MTRBaseDevice init]
method	-[MTRCertificateInfo init]
method	-[MTRCertificates init]
method	-[MTRCluster init]
method	-[MTRClusterAccessControl initWithDevice:endpointID:queue:]
method	-[MTRClusterAccessControl init]
method	-[MTRClusterAccountLogin initWithDevice:endpointID:queue:]
method	-[MTRClusterAccountLogin init]
method	-[MTRClusterActions initWithDevice:endpointID:queue:]
method	-[MTRClusterActions init]
method	-[MTRClusterActivatedCarbonFilterMonitoring initWithDevice:endpointID:queue:]
method	-[MTRClusterActivatedCarbonFilterMonitoring init]
method	-[MTRClusterAdministratorCommissioning initWithDevice:endpointID:queue:]
method	-[MTRClusterAdministratorCommissioning init]
method	-[MTRClusterAirQuality initWithDevice:endpointID:queue:]
method	-[MTRClusterAirQuality init]
method	-[MTRClusterApplicationBasic initWithDevice:endpointID:queue:]
method	-[MTRClusterApplicationBasic init]
method	-[MTRClusterApplicationLauncher initWithDevice:endpointID:queue:]
method	-[MTRClusterApplicationLauncher init]
method	-[MTRClusterAudioOutput initWithDevice:endpointID:queue:]
method	-[MTRClusterAudioOutput init]
method	-[MTRClusterBallastConfiguration initWithDevice:endpointID:queue:]
method	-[MTRClusterBallastConfiguration init]
method	-[MTRClusterBarrierControl initWithDevice:endpointID:queue:]
method	-[MTRClusterBarrierControl init]
method	-[MTRClusterBasicInformation initWithDevice:endpointID:queue:]
method	-[MTRClusterBasicInformation init]
method	-[MTRClusterBinaryInputBasic initWithDevice:endpointID:queue:]
method	-[MTRClusterBinaryInputBasic init]
method	-[MTRClusterBinding initWithDevice:endpointID:queue:]
method	-[MTRClusterBinding init]
method	-[MTRClusterBooleanState initWithDevice:endpointID:queue:]
method	-[MTRClusterBooleanState init]
method	-[MTRClusterBooleanStateConfiguration initWithDevice:endpointID:queue:]
method	-[MTRClusterBooleanStateConfiguration init]
method	-[MTRClusterBridgedDeviceBasicInformation initWithDevice:endpointID:queue:]
method	-[MTRClusterBridgedDeviceBasicInformation init]
method	-[MTRClusterCarbonDioxideConcentrationMeasurement initWithDevice:endpointID:queue:]
method	-[MTRClusterCarbonDioxideConcentrationMeasurement init]
method	-[MTRClusterCarbonMonoxideConcentrationMeasurement initWithDevice:endpointID:queue:]
method	-[MTRClusterCarbonMonoxideConcentrationMeasurement init]
method	-[MTRClusterChannel initWithDevice:endpointID:queue:]
method	-[MTRClusterChannel init]
method	-[MTRClusterColorControl initWithDevice:endpointID:queue:]
method	-[MTRClusterColorControl init]
method	-[MTRClusterCommissionerControl initWithDevice:endpointID:queue:]
method	-[MTRClusterCommissionerControl init]
method	-[MTRClusterContentAppObserver initWithDevice:endpointID:queue:]
method	-[MTRClusterContentAppObserver init]
method	-[MTRClusterContentLauncher initWithDevice:endpointID:queue:]
method	-[MTRClusterContentLauncher init]
method	-[MTRClusterDescriptor initWithDevice:endpointID:queue:]
method	-[MTRClusterDescriptor init]
method	-[MTRClusterDeviceEnergyManagement initWithDevice:endpointID:queue:]
method	-[MTRClusterDeviceEnergyManagement init]
method	-[MTRClusterDeviceEnergyManagementMode initWithDevice:endpointID:queue:]
method	-[MTRClusterDeviceEnergyManagementMode init]
method	-[MTRClusterDiagnosticLogs initWithDevice:endpointID:queue:]
method	-[MTRClusterDiagnosticLogs init]
method	-[MTRClusterDishwasherAlarm initWithDevice:endpointID:queue:]
method	-[MTRClusterDishwasherAlarm init]
method	-[MTRClusterDishwasherMode initWithDevice:endpointID:queue:]
method	-[MTRClusterDishwasherMode init]
method	-[MTRClusterDoorLock appleClearAliroCredentialWithParams:expectedValues:expectedValueInterval:completion:]
method	-[MTRClusterDoorLock appleClearAliroReaderConfigWithExpectedValues:expectedValueInterval:completion:]
method	-[MTRClusterDoorLock appleClearAliroReaderConfigWithParams:expectedValues:expectedValueInterval:completion:]
method	-[MTRClusterDoorLock appleGetAliroCredentialStatusWithParams:expectedValues:expectedValueInterval:completion:]
method	-[MTRClusterDoorLock appleSetAliroCredentialWithParams:expectedValues:expectedValueInterval:completion:]
method	-[MTRClusterDoorLock appleSetAliroReaderConfigWithParams:expectedValues:expectedValueInterval:completion:]
method	-[MTRClusterDoorLock initWithDevice:endpointID:queue:]
method	-[MTRClusterDoorLock init]
method	-[MTRClusterDoorLock readAttributeAppleAliroBLEAdvertisingVersionWithParams:]
method	-[MTRClusterDoorLock readAttributeAppleAliroExpeditedTransactionSupportedProtocolVersionsWithParams:]
method	-[MTRClusterDoorLock readAttributeAppleAliroGroupResolvingKeyWithParams:]
method	-[MTRClusterDoorLock readAttributeAppleAliroReaderGroupIdentifierWithParams:]
method	-[MTRClusterDoorLock readAttributeAppleAliroReaderGroupSubIdentifierWithParams:]
method	-[MTRClusterDoorLock readAttributeAppleAliroReaderVerificationKeyWithParams:]
method	-[MTRClusterDoorLock readAttributeAppleAliroSupportedBLEUWBProtocolVersionsWithParams:]
method	-[MTRClusterDoorLock readAttributeAppleNumberOfAliroCredentialIssuerKeysSupportedWithParams:]
method	-[MTRClusterDoorLock readAttributeAppleNumberOfAliroEndpointKeysSupportedWithParams:]
method	-[MTRClusterElectricalEnergyMeasurement initWithDevice:endpointID:queue:]
method	-[MTRClusterElectricalEnergyMeasurement init]
method	-[MTRClusterElectricalMeasurement initWithDevice:endpointID:queue:]
method	-[MTRClusterElectricalMeasurement init]
method	-[MTRClusterElectricalPowerMeasurement initWithDevice:endpointID:queue:]
method	-[MTRClusterElectricalPowerMeasurement init]
method	-[MTRClusterEnergyEVSE initWithDevice:endpointID:queue:]
method	-[MTRClusterEnergyEVSE init]
method	-[MTRClusterEnergyEVSEMode initWithDevice:endpointID:queue:]
method	-[MTRClusterEnergyEVSEMode init]
method	-[MTRClusterEthernetNetworkDiagnostics initWithDevice:endpointID:queue:]
method	-[MTRClusterEthernetNetworkDiagnostics init]
method	-[MTRClusterFanControl initWithDevice:endpointID:queue:]
method	-[MTRClusterFanControl init]
method	-[MTRClusterFixedLabel initWithDevice:endpointID:queue:]
method	-[MTRClusterFixedLabel init]
method	-[MTRClusterFlowMeasurement initWithDevice:endpointID:queue:]
method	-[MTRClusterFlowMeasurement init]
method	-[MTRClusterFormaldehydeConcentrationMeasurement initWithDevice:endpointID:queue:]
method	-[MTRClusterFormaldehydeConcentrationMeasurement init]
method	-[MTRClusterGeneralCommissioning initWithDevice:endpointID:queue:]
method	-[MTRClusterGeneralCommissioning init]
method	-[MTRClusterGeneralDiagnostics initWithDevice:endpointID:queue:]
method	-[MTRClusterGeneralDiagnostics init]
method	-[MTRClusterGroupKeyManagement initWithDevice:endpointID:queue:]
method	-[MTRClusterGroupKeyManagement init]
method	-[MTRClusterGroups initWithDevice:endpointID:queue:]
method	-[MTRClusterGroups init]
method	-[MTRClusterHEPAFilterMonitoring initWithDevice:endpointID:queue:]
method	-[MTRClusterHEPAFilterMonitoring init]
method	-[MTRClusterICDManagement initWithDevice:endpointID:queue:]
method	-[MTRClusterICDManagement init]
method	-[MTRClusterIdentify initWithDevice:endpointID:queue:]
method	-[MTRClusterIdentify init]
method	-[MTRClusterIlluminanceMeasurement initWithDevice:endpointID:queue:]
method	-[MTRClusterIlluminanceMeasurement init]
method	-[MTRClusterKeypadInput initWithDevice:endpointID:queue:]
method	-[MTRClusterKeypadInput init]
method	-[MTRClusterLaundryDryerControls initWithDevice:endpointID:queue:]
method	-[MTRClusterLaundryDryerControls init]
method	-[MTRClusterLaundryWasherControls initWithDevice:endpointID:queue:]
method	-[MTRClusterLaundryWasherControls init]
method	-[MTRClusterLaundryWasherMode initWithDevice:endpointID:queue:]
method	-[MTRClusterLaundryWasherMode init]
method	-[MTRClusterLevelControl initWithDevice:endpointID:queue:]
method	-[MTRClusterLevelControl init]
method	-[MTRClusterLocalizationConfiguration initWithDevice:endpointID:queue:]
method	-[MTRClusterLocalizationConfiguration init]
method	-[MTRClusterLowPower initWithDevice:endpointID:queue:]
method	-[MTRClusterLowPower init]
method	-[MTRClusterMediaInput initWithDevice:endpointID:queue:]
method	-[MTRClusterMediaInput init]
method	-[MTRClusterMediaPlayback initWithDevice:endpointID:queue:]
method	-[MTRClusterMediaPlayback init]
method	-[MTRClusterMessages initWithDevice:endpointID:queue:]
method	-[MTRClusterMessages init]
method	-[MTRClusterMicrowaveOvenControl initWithDevice:endpointID:queue:]
method	-[MTRClusterMicrowaveOvenControl init]
method	-[MTRClusterMicrowaveOvenMode initWithDevice:endpointID:queue:]
method	-[MTRClusterMicrowaveOvenMode init]
method	-[MTRClusterModeSelect initWithDevice:endpointID:queue:]
method	-[MTRClusterModeSelect init]
method	-[MTRClusterNetworkCommissioning initWithDevice:endpointID:queue:]
method	-[MTRClusterNetworkCommissioning init]
method	-[MTRClusterNitrogenDioxideConcentrationMeasurement initWithDevice:endpointID:queue:]
method	-[MTRClusterNitrogenDioxideConcentrationMeasurement init]
method	-[MTRClusterOTASoftwareUpdateProvider initWithDevice:endpointID:queue:]
method	-[MTRClusterOTASoftwareUpdateProvider init]
method	-[MTRClusterOTASoftwareUpdateRequestor initWithDevice:endpointID:queue:]
method	-[MTRClusterOTASoftwareUpdateRequestor init]
method	-[MTRClusterOccupancySensing initWithDevice:endpointID:queue:]
method	-[MTRClusterOccupancySensing init]
method	-[MTRClusterOnOff initWithDevice:endpointID:queue:]
method	-[MTRClusterOnOff init]
method	-[MTRClusterOnOffSwitchConfiguration initWithDevice:endpointID:queue:]
method	-[MTRClusterOnOffSwitchConfiguration init]
method	-[MTRClusterOperationalCredentials initWithDevice:endpointID:queue:]
method	-[MTRClusterOperationalCredentials init]
method	-[MTRClusterOperationalState initWithDevice:endpointID:queue:]
method	-[MTRClusterOperationalState init]
method	-[MTRClusterOvenCavityOperationalState initWithDevice:endpointID:queue:]
method	-[MTRClusterOvenCavityOperationalState init]
method	-[MTRClusterOvenMode initWithDevice:endpointID:queue:]
method	-[MTRClusterOvenMode init]
method	-[MTRClusterOzoneConcentrationMeasurement initWithDevice:endpointID:queue:]
method	-[MTRClusterOzoneConcentrationMeasurement init]
method	-[MTRClusterPM10ConcentrationMeasurement initWithDevice:endpointID:queue:]
method	-[MTRClusterPM10ConcentrationMeasurement init]
method	-[MTRClusterPM1ConcentrationMeasurement initWithDevice:endpointID:queue:]
method	-[MTRClusterPM1ConcentrationMeasurement init]
method	-[MTRClusterPM25ConcentrationMeasurement initWithDevice:endpointID:queue:]
method	-[MTRClusterPM25ConcentrationMeasurement init]
method	-[MTRClusterPath init]
method	-[MTRClusterPowerSource initWithDevice:endpointID:queue:]
method	-[MTRClusterPowerSource init]
method	-[MTRClusterPowerSourceConfiguration initWithDevice:endpointID:queue:]
method	-[MTRClusterPowerSourceConfiguration init]
method	-[MTRClusterPowerTopology initWithDevice:endpointID:queue:]
method	-[MTRClusterPowerTopology init]
method	-[MTRClusterPressureMeasurement initWithDevice:endpointID:queue:]
method	-[MTRClusterPressureMeasurement init]
method	-[MTRClusterPumpConfigurationAndControl initWithDevice:endpointID:queue:]
method	-[MTRClusterPumpConfigurationAndControl init]
method	-[MTRClusterRVCCleanMode initWithDevice:endpointID:queue:]
method	-[MTRClusterRVCCleanMode init]
method	-[MTRClusterRVCOperationalState initWithDevice:endpointID:queue:]
method	-[MTRClusterRVCOperationalState init]
method	-[MTRClusterRVCRunMode initWithDevice:endpointID:queue:]
method	-[MTRClusterRVCRunMode init]
method	-[MTRClusterRadonConcentrationMeasurement initWithDevice:endpointID:queue:]
method	-[MTRClusterRadonConcentrationMeasurement init]
method	-[MTRClusterRefrigeratorAlarm initWithDevice:endpointID:queue:]
method	-[MTRClusterRefrigeratorAlarm init]
method	-[MTRClusterRefrigeratorAndTemperatureControlledCabinetMode initWithDevice:endpointID:queue:]
method	-[MTRClusterRefrigeratorAndTemperatureControlledCabinetMode init]
method	-[MTRClusterRelativeHumidityMeasurement initWithDevice:endpointID:queue:]
method	-[MTRClusterRelativeHumidityMeasurement init]
method	-[MTRClusterServiceArea initWithDevice:endpointID:queue:]
method	-[MTRClusterServiceArea init]
method	-[MTRClusterSmokeCOAlarm initWithDevice:endpointID:queue:]
method	-[MTRClusterSmokeCOAlarm init]
method	-[MTRClusterSoftwareDiagnostics initWithDevice:endpointID:queue:]
method	-[MTRClusterSoftwareDiagnostics init]
method	-[MTRClusterSwitch initWithDevice:endpointID:queue:]
method	-[MTRClusterSwitch init]
method	-[MTRClusterTargetNavigator initWithDevice:endpointID:queue:]
method	-[MTRClusterTargetNavigator init]
method	-[MTRClusterTemperatureControl initWithDevice:endpointID:queue:]
method	-[MTRClusterTemperatureControl init]
method	-[MTRClusterTemperatureMeasurement initWithDevice:endpointID:queue:]
method	-[MTRClusterTemperatureMeasurement init]
method	-[MTRClusterThermostat initWithDevice:endpointID:queue:]
method	-[MTRClusterThermostat init]
method	-[MTRClusterThermostatUserInterfaceConfiguration initWithDevice:endpointID:queue:]
method	-[MTRClusterThermostatUserInterfaceConfiguration init]
method	-[MTRClusterThreadBorderRouterManagement initWithDevice:endpointID:queue:]
method	-[MTRClusterThreadBorderRouterManagement init]
method	-[MTRClusterThreadNetworkDiagnostics initWithDevice:endpointID:queue:]
method	-[MTRClusterThreadNetworkDiagnostics init]
method	-[MTRClusterThreadNetworkDirectory initWithDevice:endpointID:queue:]
method	-[MTRClusterThreadNetworkDirectory init]
method	-[MTRClusterTimeFormatLocalization initWithDevice:endpointID:queue:]
method	-[MTRClusterTimeFormatLocalization init]
method	-[MTRClusterTimeSynchronization initWithDevice:endpointID:queue:]
method	-[MTRClusterTimeSynchronization init]
method	-[MTRClusterTotalVolatileOrganicCompoundsConcentrationMeasurement initWithDevice:endpointID:queue:]
method	-[MTRClusterTotalVolatileOrganicCompoundsConcentrationMeasurement init]
method	-[MTRClusterUnitLocalization initWithDevice:endpointID:queue:]
method	-[MTRClusterUnitLocalization init]
method	-[MTRClusterUnitTesting initWithDevice:endpointID:queue:]
method	-[MTRClusterUnitTesting init]
method	-[MTRClusterUserLabel initWithDevice:endpointID:queue:]
method	-[MTRClusterUserLabel init]
method	-[MTRClusterValveConfigurationAndControl initWithDevice:endpointID:queue:]
method	-[MTRClusterValveConfigurationAndControl init]
method	-[MTRClusterWakeOnLAN initWithDevice:endpointID:queue:]
method	-[MTRClusterWakeOnLAN init]
method	-[MTRClusterWaterHeaterManagement initWithDevice:endpointID:queue:]
method	-[MTRClusterWaterHeaterManagement init]
method	-[MTRClusterWaterHeaterMode initWithDevice:endpointID:queue:]
method	-[MTRClusterWaterHeaterMode init]
method	-[MTRClusterWiFiNetworkDiagnostics initWithDevice:endpointID:queue:]
method	-[MTRClusterWiFiNetworkDiagnostics init]
method	-[MTRClusterWiFiNetworkManagement initWithDevice:endpointID:queue:]
method	-[MTRClusterWiFiNetworkManagement init]
method	-[MTRClusterWindowCovering initWithDevice:endpointID:queue:]
method	-[MTRClusterWindowCovering init]
method	-[MTRCommissionableBrowserDelegate controller:didFindCommissionableDevice:]
method	-[MTRCommissionableBrowserDelegate controller:didRemoveCommissionableDevice:]
method	-[MTRCommissioningDelegate commissioning:completedDeviceAttestation:error:completion:]
method	-[MTRCommissioningDelegate commissioning:failedWithError:metrics:]
method	-[MTRCommissioningDelegate commissioning:needsThreadCredentialsWithScanResults:error:completion:]
method	-[MTRCommissioningDelegate commissioning:needsWiFiCredentialsWithScanResults:error:completion:]
method	-[MTRCommissioningDelegate commissioning:readCommissioneeInfo:]
method	-[MTRCommissioningDelegate commissioning:succeededForNodeID:metrics:]
method	-[MTRCommissioningDelegate commissioningProvisionedNetworkCredentials:]
method	-[MTRCommissioningDelegate commissioningStartingNetworkScan:]
method	-[MTRCommissioningOperation init]
method	-[MTRControllerFactory init]
method	-[MTRDevice init]
method	-[MTRDeviceAttestationDelegate deviceAttestation:completedForDevice:attestationDeviceInfo:error:]
method	-[MTRDeviceAttestationDelegate deviceAttestation:failedForDevice:error:]
method	-[MTRDeviceAttestationDelegate deviceAttestationCompletedForController:opaqueDeviceHandle:attestationDeviceInfo:error:]
method	-[MTRDeviceAttestationDelegate deviceAttestationFailedForController:opaqueDeviceHandle:error:]
method	-[MTRDeviceAttestationDeviceInfo init]
method	-[MTRDeviceController init]
method	-[MTRDeviceControllerAbstractParameters init]
method	-[MTRDeviceControllerDelegate controller:commissioneeHasReceivedNetworkCredentials:]
method	-[MTRDeviceControllerDelegate controller:commissioningComplete:]
method	-[MTRDeviceControllerDelegate controller:commissioningComplete:nodeID:]
method	-[MTRDeviceControllerDelegate controller:commissioningComplete:nodeID:metrics:]
method	-[MTRDeviceControllerDelegate controller:commissioningSessionEstablishmentDone:]
method	-[MTRDeviceControllerDelegate controller:readCommissioneeInfo:]
method	-[MTRDeviceControllerDelegate controller:readCommissioningInfo:]
method	-[MTRDeviceControllerDelegate controller:statusUpdate:]
method	-[MTRDeviceControllerDelegate controller:suspendedChangedTo:]
method	-[MTRDeviceControllerDelegate devicesChangedForController:]
method	-[MTRDeviceControllerExternalCertificateParameters init]
method	-[MTRDeviceControllerFactoryParams init]
method	-[MTRDeviceControllerServerProtocol downloadLogWithController:nodeId:type:timeout:completion:]
method	-[MTRDeviceControllerServerProtocol getDeviceControllerWithFabricId:completion:]
method	-[MTRDeviceControllerStartupParams init]
method	-[MTRDeviceControllerStorageDelegate controller:removeValueForKey:securityLevel:sharingType:]
method	-[MTRDeviceControllerStorageDelegate controller:storeValue:forKey:securityLevel:sharingType:]
method	-[MTRDeviceControllerStorageDelegate controller:storeValues:securityLevel:sharingType:]
method	-[MTRDeviceControllerStorageDelegate controller:valueForKey:securityLevel:sharingType:]
method	-[MTRDeviceControllerStorageDelegate valuesForController:securityLevel:sharingType:]
method	-[MTRDeviceDelegate deviceBecameActive:]
method	-[MTRDeviceDelegate deviceCachePrimed:]
method	-[MTRDeviceDelegate deviceConfigurationChanged:]
method	-[MTRDevicePairingDelegate onCommissioningComplete:]
method	-[MTRDevicePairingDelegate onPairingComplete:]
method	-[MTRDevicePairingDelegate onPairingDeleted:]
method	-[MTRDevicePairingDelegate onStatusUpdate:]
method	-[MTRDeviceType init]
method	-[MTRDeviceTypeRevision init]
method	-[MTRDistinguishedNameInfo init]
method	-[MTREndpointInfo init]
method	-[MTRFabricInfo init]
method	-[MTRKeypair copyPublicKey]
method	-[MTRKeypair publicKey]
method	-[MTRKeypair signMessageECDSA_DER:]
method	-[MTRKeypair signMessageECDSA_RAW:]
method	-[MTRNOCChainIssuer onNOCChainGenerationNeeded:attestationInfo:onNOCChainGenerationComplete:]
method	-[MTROTAProviderDelegate handleApplyUpdateRequestForNodeID:controller:params:completion:]
method	-[MTROTAProviderDelegate handleApplyUpdateRequestForNodeID:controller:params:completionHandler:]
method	-[MTROTAProviderDelegate handleBDXQueryForNodeID:controller:blockSize:blockIndex:bytesToSkip:completion:]
method	-[MTROTAProviderDelegate handleBDXQueryForNodeID:controller:blockSize:blockIndex:bytesToSkip:completionHandler:]
method	-[MTROTAProviderDelegate handleBDXTransferSessionBeginForNodeID:controller:fileDesignator:offset:completion:]
method	-[MTROTAProviderDelegate handleBDXTransferSessionBeginForNodeID:controller:fileDesignator:offset:completionHandler:]
method	-[MTROTAProviderDelegate handleBDXTransferSessionEndForNodeID:controller:error:]
method	-[MTROTAProviderDelegate handleBDXTransferSessionEndForNodeID:controller:metrics:error:]
method	-[MTROTAProviderDelegate handleNotifyUpdateAppliedForNodeID:controller:params:completion:]
method	-[MTROTAProviderDelegate handleNotifyUpdateAppliedForNodeID:controller:params:completionHandler:]
method	-[MTROTAProviderDelegate handleQueryImageForNodeID:controller:params:completion:]
method	-[MTROTAProviderDelegate handleQueryImageForNodeID:controller:params:completionHandler:]
method	-[MTROperationalCertificateChain init]
method	-[MTROperationalCertificateIssuer issueOperationalCertificateForRequest:attestationInfo:controller:completion:]
method	-[MTRProductIdentity init]
method	-[MTRServerAttribute init]
method	-[MTRServerCluster init]
method	-[MTRServerEndpoint init]
method	-[MTRStorage removeStorageDataForKey:]
method	-[MTRStorage setStorageData:forKey:]
method	-[MTRStorage storageDataForKey:]
method	-[MTRThreadOperationalDataset init]
method	-[MTRXPCClientProtocol_MTRDevice device:internalStateUpdated:]
method	-[MTRXPCClientProtocol_MTRDevice device:receivedAttributeReport:]
method	-[MTRXPCClientProtocol_MTRDevice device:receivedEventReport:]
method	-[MTRXPCClientProtocol_MTRDevice device:stateChanged:]
method	-[MTRXPCClientProtocol_MTRDevice deviceBecameActive:]
method	-[MTRXPCClientProtocol_MTRDevice deviceCachePrimed:]
method	-[MTRXPCClientProtocol_MTRDevice deviceConfigurationChanged:]
method	-[MTRXPCClientProtocol_MTRDeviceController controller:controllerConfigurationUpdated:]
method	-[MTRXPCDeviceControllerParameters init]
method	-[MTRXPCServerProtocol deviceController:checkInWithContext:]
method	-[MTRXPCServerProtocol_MTRDevice deviceController:nodeID:downloadLogOfType:timeout:completion:]
method	-[MTRXPCServerProtocol_MTRDevice deviceController:nodeID:getDeviceCachePrimedWithReply:]
method	-[MTRXPCServerProtocol_MTRDevice deviceController:nodeID:getEstimatedStartTimeWithReply:]
method	-[MTRXPCServerProtocol_MTRDevice deviceController:nodeID:getEstimatedSubscriptionLatencyWithReply:]
method	-[MTRXPCServerProtocol_MTRDevice deviceController:nodeID:getStateWithReply:]
method	-[MTRXPCServerProtocol_MTRDevice deviceController:nodeID:invokeCommandWithEndpointID:clusterID:commandID:commandFields:expectedValues:expectedValueInterval:timedInvokeTimeout:serverSideProcessingTimeout:completion:]
method	-[MTRXPCServerProtocol_MTRDevice deviceController:nodeID:invokeCommands:completion:]
method	-[MTRXPCServerProtocol_MTRDevice deviceController:nodeID:openCommissioningWindowWithSetupPasscode:discriminator:duration:completion:]
method	-[MTRXPCServerProtocol_MTRDevice deviceController:nodeID:readAttributePaths:withReply:]
method	-[MTRXPCServerProtocol_MTRDevice deviceController:nodeID:readAttributeWithEndpointID:clusterID:attributeID:params:withReply:]
method	-[MTRXPCServerProtocol_MTRDevice deviceController:nodeID:writeAttributeWithEndpointID:clusterID:attributeID:value:expectedValueInterval:timedWriteTimeout:]
method	-[MTRXPCServerProtocol_MTRDevice downloadLogOfType:nodeID:timeout:completion:]
method	-[MTRXPCServerProtocol_MTRDeviceController deviceController:deleteNodeID:]
method	-[MTRXPCServerProtocol_MTRDeviceController deviceController:getNodesWithStoredDataWithReply:]
method	-[MTRXPCServerProtocol_MTRDeviceController deviceController:registerNodeID:]
method	-[MTRXPCServerProtocol_MTRDeviceController deviceController:unregisterNodeID:]
method	-[MTRXPCServerProtocol_MTRDeviceController deviceController:updateControllerConfiguration:]
property	MTRAccessControlClusterAccessControlEntry.authMode
property	MTRAccessControlClusterAccessControlEntry.fabricIndex
property	MTRAccessControlClusterAccessControlEntry.privilege
property	MTRAccessControlClusterAccessControlEntry.subjects
property	MTRAccessControlClusterAccessControlEntry.targets
property	MTRAccessControlClusterExtensionEntry.data
property	MTRAccessControlClusterExtensionEntry.fabricIndex
property	MTRAccessControlClusterTarget.cluster
property	MTRAccessControlClusterTarget.deviceType
property	MTRAccessControlClusterTarget.endpoint
property	MTRApplicationLauncherClusterApplicationEP.application
property	MTRApplicationLauncherClusterApplicationEP.endpoint
property	MTRAudioOutputClusterOutputInfo.index
property	MTRAudioOutputClusterOutputInfo.name
property	MTRAudioOutputClusterOutputInfo.outputType
property	MTRBasicClusterCapabilityMinimaStruct.caseSessionsPerFabric
property	MTRBasicClusterCapabilityMinimaStruct.subscriptionsPerFabric
property	MTRBasicClusterLeaveEvent.fabricIndex
property	MTRBasicClusterReachableChangedEvent.reachableNewValue
property	MTRBasicClusterStartUpEvent.softwareVersion
property	MTRBridgedDeviceBasicClusterReachableChangedEvent.reachableNewValue
property	MTRBridgedDeviceBasicClusterStartUpEvent.softwareVersion
property	MTRChannelClusterChannelInfo.affiliateCallSign
property	MTRChannelClusterChannelInfo.callSign
property	MTRChannelClusterChannelInfo.majorNumber
property	MTRChannelClusterChannelInfo.minorNumber
property	MTRChannelClusterChannelInfo.name
property	MTRChannelClusterLineupInfo.lineupInfoType
property	MTRChannelClusterLineupInfo.lineupName
property	MTRChannelClusterLineupInfo.operatorName
property	MTRChannelClusterLineupInfo.postalCode
property	MTRContentLauncherClusterAdditionalInfo.name
property	MTRContentLauncherClusterAdditionalInfo.value
property	MTRContentLauncherClusterBrandingInformation.background
property	MTRContentLauncherClusterBrandingInformation.logo
property	MTRContentLauncherClusterBrandingInformation.progressBar
property	MTRContentLauncherClusterBrandingInformation.providerName
property	MTRContentLauncherClusterBrandingInformation.splash
property	MTRContentLauncherClusterBrandingInformation.waterMark
property	MTRContentLauncherClusterContentSearch.parameterList
property	MTRContentLauncherClusterDimension.height
property	MTRContentLauncherClusterDimension.metric
property	MTRContentLauncherClusterDimension.width
property	MTRContentLauncherClusterLaunchResponseParams.data
property	MTRContentLauncherClusterLaunchResponseParams.status
property	MTRContentLauncherClusterLaunchResponseParams.timedInvokeTimeoutMs
property	MTRContentLauncherClusterParameter.externalIDList
property	MTRContentLauncherClusterParameter.type
property	MTRContentLauncherClusterParameter.value
property	MTRContentLauncherClusterStyleInformation.color
property	MTRContentLauncherClusterStyleInformation.size
property	MTRDescriptorClusterDeviceType.revision
property	MTRDeviceControllerExternalCertificateParameters.rootCertificate
property	MTRDoorLockClusterDlCredential.credentialIndex
property	MTRDoorLockClusterDlCredential.credentialType
property	MTRGeneralDiagnosticsClusterNetworkInterfaceType.hardwareAddress
property	MTRGeneralDiagnosticsClusterNetworkInterfaceType.iPv4Addresses
property	MTRGeneralDiagnosticsClusterNetworkInterfaceType.iPv6Addresses
property	MTRGeneralDiagnosticsClusterNetworkInterfaceType.isOperational
property	MTRGeneralDiagnosticsClusterNetworkInterfaceType.name
property	MTRGeneralDiagnosticsClusterNetworkInterfaceType.offPremiseServicesReachableIPv4
property	MTRGeneralDiagnosticsClusterNetworkInterfaceType.offPremiseServicesReachableIPv6
property	MTRGeneralDiagnosticsClusterNetworkInterfaceType.type
property	MTRMediaInputClusterInputInfo.descriptionString
property	MTRMediaInputClusterInputInfo.index
property	MTRMediaInputClusterInputInfo.inputType
property	MTRMediaInputClusterInputInfo.name
property	MTRMediaPlaybackClusterPlaybackPosition.position
property	MTRMediaPlaybackClusterPlaybackPosition.updatedAt
property	MTRMediaPlaybackClusterStopPlaybackParams.serverSideProcessingTimeout
property	MTRMediaPlaybackClusterStopPlaybackParams.timedInvokeTimeoutMs
property	MTRModeSelectClusterSemanticTag.mfgCode
property	MTRModeSelectClusterSemanticTag.value
property	MTRNetworkCommissioningClusterNetworkInfo.connected
property	MTRNetworkCommissioningClusterNetworkInfo.networkID
property	MTRNetworkCommissioningClusterThreadInterfaceScanResult.channel
property	MTRNetworkCommissioningClusterThreadInterfaceScanResult.extendedAddress
property	MTRNetworkCommissioningClusterThreadInterfaceScanResult.extendedPanId
property	MTRNetworkCommissioningClusterThreadInterfaceScanResult.lqi
property	MTRNetworkCommissioningClusterThreadInterfaceScanResult.networkName
property	MTRNetworkCommissioningClusterThreadInterfaceScanResult.panId
property	MTRNetworkCommissioningClusterThreadInterfaceScanResult.rssi
property	MTRNetworkCommissioningClusterThreadInterfaceScanResult.version
property	MTRNetworkCommissioningClusterWiFiInterfaceScanResult.bssid
property	MTRNetworkCommissioningClusterWiFiInterfaceScanResult.channel
property	MTRNetworkCommissioningClusterWiFiInterfaceScanResult.rssi
property	MTRNetworkCommissioningClusterWiFiInterfaceScanResult.security
property	MTRNetworkCommissioningClusterWiFiInterfaceScanResult.ssid
property	MTRNetworkCommissioningClusterWiFiInterfaceScanResult.wiFiBand
property	MTROperationalCertificateIssuer.shouldSkipAttestationCertificateValidation
property	MTROperationalCredentialsClusterFabricDescriptor.fabricIndex
property	MTROperationalCredentialsClusterFabricDescriptor.label
property	MTROperationalCredentialsClusterFabricDescriptor.rootPublicKey
property	MTROtaSoftwareUpdateProviderClusterApplyUpdateRequestParams.newVersion
property	MTROtaSoftwareUpdateProviderClusterApplyUpdateRequestParams.serverSideProcessingTimeout
property	MTROtaSoftwareUpdateProviderClusterApplyUpdateRequestParams.timedInvokeTimeoutMs
property	MTROtaSoftwareUpdateProviderClusterApplyUpdateRequestParams.updateToken
property	MTROtaSoftwareUpdateProviderClusterApplyUpdateResponseParams.action
property	MTROtaSoftwareUpdateProviderClusterApplyUpdateResponseParams.delayedActionTime
property	MTROtaSoftwareUpdateProviderClusterApplyUpdateResponseParams.timedInvokeTimeoutMs
property	MTROtaSoftwareUpdateProviderClusterNotifyUpdateAppliedParams.serverSideProcessingTimeout
property	MTROtaSoftwareUpdateProviderClusterNotifyUpdateAppliedParams.softwareVersion
property	MTROtaSoftwareUpdateProviderClusterNotifyUpdateAppliedParams.timedInvokeTimeoutMs
property	MTROtaSoftwareUpdateProviderClusterNotifyUpdateAppliedParams.updateToken
property	MTROtaSoftwareUpdateProviderClusterQueryImageParams.hardwareVersion
property	MTROtaSoftwareUpdateProviderClusterQueryImageParams.location
property	MTROtaSoftwareUpdateProviderClusterQueryImageParams.metadataForProvider
property	MTROtaSoftwareUpdateProviderClusterQueryImageParams.protocolsSupported
property	MTROtaSoftwareUpdateProviderClusterQueryImageParams.requestorCanConsent
property	MTROtaSoftwareUpdateProviderClusterQueryImageParams.serverSideProcessingTimeout
property	MTROtaSoftwareUpdateProviderClusterQueryImageParams.softwareVersion
property	MTROtaSoftwareUpdateProviderClusterQueryImageParams.timedInvokeTimeoutMs
property	MTROtaSoftwareUpdateProviderClusterQueryImageResponseParams.delayedActionTime
property	MTROtaSoftwareUpdateProviderClusterQueryImageResponseParams.imageURI
property	MTROtaSoftwareUpdateProviderClusterQueryImageResponseParams.metadataForRequestor
property	MTROtaSoftwareUpdateProviderClusterQueryImageResponseParams.softwareVersion
property	MTROtaSoftwareUpdateProviderClusterQueryImageResponseParams.softwareVersionString
property	MTROtaSoftwareUpdateProviderClusterQueryImageResponseParams.status
property	MTROtaSoftwareUpdateProviderClusterQueryImageResponseParams.timedInvokeTimeoutMs
property	MTROtaSoftwareUpdateProviderClusterQueryImageResponseParams.updateToken
property	MTROtaSoftwareUpdateProviderClusterQueryImageResponseParams.userConsentNeeded
property	MTROtaSoftwareUpdateRequestorClusterAnnounceOtaProviderParams.announcementReason
property	MTROtaSoftwareUpdateRequestorClusterAnnounceOtaProviderParams.endpoint
property	MTROtaSoftwareUpdateRequestorClusterAnnounceOtaProviderParams.metadataForNode
property	MTROtaSoftwareUpdateRequestorClusterAnnounceOtaProviderParams.serverSideProcessingTimeout
property	MTROtaSoftwareUpdateRequestorClusterAnnounceOtaProviderParams.timedInvokeTimeoutMs
property	MTROtaSoftwareUpdateRequestorClusterDownloadErrorEvent.bytesDownloaded
property	MTROtaSoftwareUpdateRequestorClusterDownloadErrorEvent.platformCode
property	MTROtaSoftwareUpdateRequestorClusterDownloadErrorEvent.progressPercent
property	MTROtaSoftwareUpdateRequestorClusterDownloadErrorEvent.softwareVersion
property	MTROtaSoftwareUpdateRequestorClusterProviderLocation.endpoint
property	MTROtaSoftwareUpdateRequestorClusterProviderLocation.fabricIndex
property	MTROtaSoftwareUpdateRequestorClusterProviderLocation.providerNodeID
property	MTROtaSoftwareUpdateRequestorClusterStateTransitionEvent.newState
property	MTROtaSoftwareUpdateRequestorClusterStateTransitionEvent.previousState
property	MTROtaSoftwareUpdateRequestorClusterStateTransitionEvent.reason
property	MTROtaSoftwareUpdateRequestorClusterStateTransitionEvent.targetSoftwareVersion
property	MTROtaSoftwareUpdateRequestorClusterVersionAppliedEvent.productID
property	MTROtaSoftwareUpdateRequestorClusterVersionAppliedEvent.softwareVersion
property	MTRSoftwareDiagnosticsClusterThreadMetrics.id
property	MTRSoftwareDiagnosticsClusterThreadMetrics.name
property	MTRSoftwareDiagnosticsClusterThreadMetrics.stackFreeCurrent
property	MTRSoftwareDiagnosticsClusterThreadMetrics.stackFreeMinimum
property	MTRSoftwareDiagnosticsClusterThreadMetrics.stackSize
property	MTRTargetNavigatorClusterTargetInfo.identifier
property	MTRTargetNavigatorClusterTargetInfo.name
property	MTRTestClusterClusterBooleanResponseParams.timedInvokeTimeoutMs
property	MTRTestClusterClusterBooleanResponseParams.value
property	MTRTestClusterClusterDoubleNestedStructList.a
property	MTRTestClusterClusterNestedStruct.a
property	MTRTestClusterClusterNestedStruct.b
property	MTRTestClusterClusterNestedStruct.c
property	MTRTestClusterClusterNestedStructList.a
property	MTRTestClusterClusterNestedStructList.b
property	MTRTestClusterClusterNestedStructList.c
property	MTRTestClusterClusterNestedStructList.d
property	MTRTestClusterClusterNestedStructList.e
property	MTRTestClusterClusterNestedStructList.f
property	MTRTestClusterClusterNestedStructList.g
property	MTRTestClusterClusterNullablesAndOptionalsStruct.nullableInt
property	MTRTestClusterClusterNullablesAndOptionalsStruct.nullableList
property	MTRTestClusterClusterNullablesAndOptionalsStruct.nullableOptionalInt
property	MTRTestClusterClusterNullablesAndOptionalsStruct.nullableOptionalList
property	MTRTestClusterClusterNullablesAndOptionalsStruct.nullableOptionalString
property	MTRTestClusterClusterNullablesAndOptionalsStruct.nullableOptionalStruct
property	MTRTestClusterClusterNullablesAndOptionalsStruct.nullableString
property	MTRTestClusterClusterNullablesAndOptionalsStruct.nullableStruct
property	MTRTestClusterClusterNullablesAndOptionalsStruct.optionalInt
property	MTRTestClusterClusterNullablesAndOptionalsStruct.optionalList
property	MTRTestClusterClusterNullablesAndOptionalsStruct.optionalString
property	MTRTestClusterClusterNullablesAndOptionalsStruct.optionalStruct
property	MTRTestClusterClusterSimpleStruct.a
property	MTRTestClusterClusterSimpleStruct.b
property	MTRTestClusterClusterSimpleStruct.c
property	MTRTestClusterClusterSimpleStruct.d
property	MTRTestClusterClusterSimpleStruct.e
property	MTRTestClusterClusterSimpleStruct.f
property	MTRTestClusterClusterSimpleStruct.g
property	MTRTestClusterClusterSimpleStruct.h
property	MTRTestClusterClusterSimpleStructEchoRequestParams.arg1
property	MTRTestClusterClusterSimpleStructEchoRequestParams.serverSideProcessingTimeout
property	MTRTestClusterClusterSimpleStructEchoRequestParams.timedInvokeTimeoutMs
property	MTRTestClusterClusterSimpleStructResponseParams.arg1
property	MTRTestClusterClusterSimpleStructResponseParams.timedInvokeTimeoutMs
property	MTRTestClusterClusterTestAddArgumentsParams.arg1
property	MTRTestClusterClusterTestAddArgumentsParams.arg2
property	MTRTestClusterClusterTestAddArgumentsParams.serverSideProcessingTimeout
property	MTRTestClusterClusterTestAddArgumentsParams.timedInvokeTimeoutMs
property	MTRTestClusterClusterTestAddArgumentsResponseParams.returnValue
property	MTRTestClusterClusterTestAddArgumentsResponseParams.timedInvokeTimeoutMs
property	MTRTestClusterClusterTestComplexNullableOptionalRequestParams.nullableInt
property	MTRTestClusterClusterTestComplexNullableOptionalRequestParams.nullableList
property	MTRTestClusterClusterTestComplexNullableOptionalRequestParams.nullableOptionalInt
property	MTRTestClusterClusterTestComplexNullableOptionalRequestParams.nullableOptionalList
property	MTRTestClusterClusterTestComplexNullableOptionalRequestParams.nullableOptionalString
property	MTRTestClusterClusterTestComplexNullableOptionalRequestParams.nullableOptionalStruct
property	MTRTestClusterClusterTestComplexNullableOptionalRequestParams.nullableString
property	MTRTestClusterClusterTestComplexNullableOptionalRequestParams.nullableStruct
property	MTRTestClusterClusterTestComplexNullableOptionalRequestParams.optionalInt
property	MTRTestClusterClusterTestComplexNullableOptionalRequestParams.optionalList
property	MTRTestClusterClusterTestComplexNullableOptionalRequestParams.optionalString
property	MTRTestClusterClusterTestComplexNullableOptionalRequestParams.optionalStruct
property	MTRTestClusterClusterTestComplexNullableOptionalRequestParams.serverSideProcessingTimeout
property	MTRTestClusterClusterTestComplexNullableOptionalRequestParams.timedInvokeTimeoutMs
property	MTRTestClusterClusterTestComplexNullableOptionalResponseParams.nullableIntValue
property	MTRTestClusterClusterTestComplexNullableOptionalResponseParams.nullableIntWasNull
property	MTRTestClusterClusterTestComplexNullableOptionalResponseParams.nullableListValue
property	MTRTestClusterClusterTestComplexNullableOptionalResponseParams.nullableListWasNull
property	MTRTestClusterClusterTestComplexNullableOptionalResponseParams.nullableOptionalIntValue
property	MTRTestClusterClusterTestComplexNullableOptionalResponseParams.nullableOptionalIntWasNull
property	MTRTestClusterClusterTestComplexNullableOptionalResponseParams.nullableOptionalIntWasPresent
property	MTRTestClusterClusterTestComplexNullableOptionalResponseParams.nullableOptionalListValue
property	MTRTestClusterClusterTestComplexNullableOptionalResponseParams.nullableOptionalListWasNull
property	MTRTestClusterClusterTestComplexNullableOptionalResponseParams.nullableOptionalListWasPresent
property	MTRTestClusterClusterTestComplexNullableOptionalResponseParams.nullableOptionalStringValue
property	MTRTestClusterClusterTestComplexNullableOptionalResponseParams.nullableOptionalStringWasNull
property	MTRTestClusterClusterTestComplexNullableOptionalResponseParams.nullableOptionalStringWasPresent
property	MTRTestClusterClusterTestComplexNullableOptionalResponseParams.nullableOptionalStructValue
property	MTRTestClusterClusterTestComplexNullableOptionalResponseParams.nullableOptionalStructWasNull
property	MTRTestClusterClusterTestComplexNullableOptionalResponseParams.nullableOptionalStructWasPresent
property	MTRTestClusterClusterTestComplexNullableOptionalResponseParams.nullableStringValue
property	MTRTestClusterClusterTestComplexNullableOptionalResponseParams.nullableStringWasNull
property	MTRTestClusterClusterTestComplexNullableOptionalResponseParams.nullableStructValue
property	MTRTestClusterClusterTestComplexNullableOptionalResponseParams.nullableStructWasNull
property	MTRTestClusterClusterTestComplexNullableOptionalResponseParams.optionalIntValue
property	MTRTestClusterClusterTestComplexNullableOptionalResponseParams.optionalIntWasPresent
property	MTRTestClusterClusterTestComplexNullableOptionalResponseParams.optionalListValue
property	MTRTestClusterClusterTestComplexNullableOptionalResponseParams.optionalListWasPresent
property	MTRTestClusterClusterTestComplexNullableOptionalResponseParams.optionalStringValue
property	MTRTestClusterClusterTestComplexNullableOptionalResponseParams.optionalStringWasPresent
property	MTRTestClusterClusterTestComplexNullableOptionalResponseParams.optionalStructValue
property	MTRTestClusterClusterTestComplexNullableOptionalResponseParams.optionalStructWasPresent
property	MTRTestClusterClusterTestComplexNullableOptionalResponseParams.timedInvokeTimeoutMs
property	MTRTestClusterClusterTestEmitTestEventRequestParams.arg1
property	MTRTestClusterClusterTestEmitTestEventRequestParams.arg2
property	MTRTestClusterClusterTestEmitTestEventRequestParams.arg3
property	MTRTestClusterClusterTestEmitTestEventRequestParams.serverSideProcessingTimeout
property	MTRTestClusterClusterTestEmitTestEventRequestParams.timedInvokeTimeoutMs
property	MTRTestClusterClusterTestEmitTestEventResponseParams.timedInvokeTimeoutMs
property	MTRTestClusterClusterTestEmitTestEventResponseParams.value
property	MTRTestClusterClusterTestEmitTestFabricScopedEventRequestParams.arg1
property	MTRTestClusterClusterTestEmitTestFabricScopedEventRequestParams.serverSideProcessingTimeout
property	MTRTestClusterClusterTestEmitTestFabricScopedEventRequestParams.timedInvokeTimeoutMs
property	MTRTestClusterClusterTestEmitTestFabricScopedEventResponseParams.timedInvokeTimeoutMs
property	MTRTestClusterClusterTestEmitTestFabricScopedEventResponseParams.value
property	MTRTestClusterClusterTestEnumsRequestParams.arg1
property	MTRTestClusterClusterTestEnumsRequestParams.arg2
property	MTRTestClusterClusterTestEnumsRequestParams.serverSideProcessingTimeout
property	MTRTestClusterClusterTestEnumsRequestParams.timedInvokeTimeoutMs
property	MTRTestClusterClusterTestEnumsResponseParams.arg1
property	MTRTestClusterClusterTestEnumsResponseParams.arg2
property	MTRTestClusterClusterTestEnumsResponseParams.timedInvokeTimeoutMs
property	MTRTestClusterClusterTestEventEvent.arg1
property	MTRTestClusterClusterTestEventEvent.arg2
property	MTRTestClusterClusterTestEventEvent.arg3
property	MTRTestClusterClusterTestEventEvent.arg4
property	MTRTestClusterClusterTestEventEvent.arg5
property	MTRTestClusterClusterTestEventEvent.arg6
property	MTRTestClusterClusterTestFabricScoped.fabricIndex
property	MTRTestClusterClusterTestFabricScoped.fabricSensitiveCharString
property	MTRTestClusterClusterTestFabricScoped.fabricSensitiveInt8u
property	MTRTestClusterClusterTestFabricScoped.fabricSensitiveInt8uList
property	MTRTestClusterClusterTestFabricScoped.fabricSensitiveStruct
property	MTRTestClusterClusterTestFabricScoped.nullableFabricSensitiveInt8u
property	MTRTestClusterClusterTestFabricScoped.nullableOptionalFabricSensitiveInt8u
property	MTRTestClusterClusterTestFabricScoped.optionalFabricSensitiveInt8u
property	MTRTestClusterClusterTestFabricScopedEventEvent.fabricIndex
property	MTRTestClusterClusterTestListInt8UArgumentRequestParams.arg1
property	MTRTestClusterClusterTestListInt8UArgumentRequestParams.serverSideProcessingTimeout
property	MTRTestClusterClusterTestListInt8UArgumentRequestParams.timedInvokeTimeoutMs
property	MTRTestClusterClusterTestListInt8UReverseRequestParams.arg1
property	MTRTestClusterClusterTestListInt8UReverseRequestParams.serverSideProcessingTimeout
property	MTRTestClusterClusterTestListInt8UReverseRequestParams.timedInvokeTimeoutMs
property	MTRTestClusterClusterTestListInt8UReverseResponseParams.arg1
property	MTRTestClusterClusterTestListInt8UReverseResponseParams.timedInvokeTimeoutMs
property	MTRTestClusterClusterTestListNestedStructListArgumentRequestParams.arg1
property	MTRTestClusterClusterTestListNestedStructListArgumentRequestParams.serverSideProcessingTimeout
property	MTRTestClusterClusterTestListNestedStructListArgumentRequestParams.timedInvokeTimeoutMs
property	MTRTestClusterClusterTestListStructArgumentRequestParams.arg1
property	MTRTestClusterClusterTestListStructArgumentRequestParams.serverSideProcessingTimeout
property	MTRTestClusterClusterTestListStructArgumentRequestParams.timedInvokeTimeoutMs
property	MTRTestClusterClusterTestListStructOctet.member1
property	MTRTestClusterClusterTestListStructOctet.member2
property	MTRTestClusterClusterTestNestedStructArgumentRequestParams.arg1
property	MTRTestClusterClusterTestNestedStructArgumentRequestParams.serverSideProcessingTimeout
property	MTRTestClusterClusterTestNestedStructArgumentRequestParams.timedInvokeTimeoutMs
property	MTRTestClusterClusterTestNestedStructListArgumentRequestParams.arg1
property	MTRTestClusterClusterTestNestedStructListArgumentRequestParams.serverSideProcessingTimeout
property	MTRTestClusterClusterTestNestedStructListArgumentRequestParams.timedInvokeTimeoutMs
property	MTRTestClusterClusterTestNotHandledParams.serverSideProcessingTimeout
property	MTRTestClusterClusterTestNotHandledParams.timedInvokeTimeoutMs
property	MTRTestClusterClusterTestNullableOptionalRequestParams.arg1
property	MTRTestClusterClusterTestNullableOptionalRequestParams.serverSideProcessingTimeout
property	MTRTestClusterClusterTestNullableOptionalRequestParams.timedInvokeTimeoutMs
property	MTRTestClusterClusterTestNullableOptionalResponseParams.originalValue
property	MTRTestClusterClusterTestNullableOptionalResponseParams.timedInvokeTimeoutMs
property	MTRTestClusterClusterTestNullableOptionalResponseParams.value
property	MTRTestClusterClusterTestNullableOptionalResponseParams.wasNull
property	MTRTestClusterClusterTestNullableOptionalResponseParams.wasPresent
property	MTRTestClusterClusterTestParams.serverSideProcessingTimeout
property	MTRTestClusterClusterTestParams.timedInvokeTimeoutMs
property	MTRTestClusterClusterTestSimpleArgumentRequestParams.arg1
property	MTRTestClusterClusterTestSimpleArgumentRequestParams.serverSideProcessingTimeout
property	MTRTestClusterClusterTestSimpleArgumentRequestParams.timedInvokeTimeoutMs
property	MTRTestClusterClusterTestSimpleArgumentResponseParams.returnValue
property	MTRTestClusterClusterTestSimpleArgumentResponseParams.timedInvokeTimeoutMs
property	MTRTestClusterClusterTestSimpleOptionalArgumentRequestParams.arg1
property	MTRTestClusterClusterTestSimpleOptionalArgumentRequestParams.serverSideProcessingTimeout
property	MTRTestClusterClusterTestSimpleOptionalArgumentRequestParams.timedInvokeTimeoutMs
property	MTRTestClusterClusterTestSpecificParams.serverSideProcessingTimeout
property	MTRTestClusterClusterTestSpecificParams.timedInvokeTimeoutMs
property	MTRTestClusterClusterTestSpecificResponseParams.returnValue
property	MTRTestClusterClusterTestSpecificResponseParams.timedInvokeTimeoutMs
property	MTRTestClusterClusterTestStructArgumentRequestParams.arg1
property	MTRTestClusterClusterTestStructArgumentRequestParams.serverSideProcessingTimeout
property	MTRTestClusterClusterTestStructArgumentRequestParams.timedInvokeTimeoutMs
property	MTRTestClusterClusterTestStructArrayArgumentRequestParams.arg1
property	MTRTestClusterClusterTestStructArrayArgumentRequestParams.arg2
property	MTRTestClusterClusterTestStructArrayArgumentRequestParams.arg3
property	MTRTestClusterClusterTestStructArrayArgumentRequestParams.arg4
property	MTRTestClusterClusterTestStructArrayArgumentRequestParams.arg5
property	MTRTestClusterClusterTestStructArrayArgumentRequestParams.arg6
property	MTRTestClusterClusterTestStructArrayArgumentRequestParams.serverSideProcessingTimeout
property	MTRTestClusterClusterTestStructArrayArgumentRequestParams.timedInvokeTimeoutMs
property	MTRTestClusterClusterTestStructArrayArgumentResponseParams.arg1
property	MTRTestClusterClusterTestStructArrayArgumentResponseParams.arg2
property	MTRTestClusterClusterTestStructArrayArgumentResponseParams.arg3
property	MTRTestClusterClusterTestStructArrayArgumentResponseParams.arg4
property	MTRTestClusterClusterTestStructArrayArgumentResponseParams.arg5
property	MTRTestClusterClusterTestStructArrayArgumentResponseParams.arg6
property	MTRTestClusterClusterTestStructArrayArgumentResponseParams.timedInvokeTimeoutMs
property	MTRTestClusterClusterTestUnknownCommandParams.serverSideProcessingTimeout
property	MTRTestClusterClusterTestUnknownCommandParams.timedInvokeTimeoutMs
property	MTRTestClusterClusterTimedInvokeRequestParams.serverSideProcessingTimeout
property	MTRTestClusterClusterTimedInvokeRequestParams.timedInvokeTimeoutMs
property	MTRThermostatClusterThermostatScheduleTransition.coolSetpoint
property	MTRThermostatClusterThermostatScheduleTransition.heatSetpoint
property	MTRThermostatClusterThermostatScheduleTransition.transitionTime
property	MTRThreadNetworkDiagnosticsClusterNeighborTable.age
property	MTRThreadNetworkDiagnosticsClusterNeighborTable.averageRssi
property	MTRThreadNetworkDiagnosticsClusterNeighborTable.extAddress
property	MTRThreadNetworkDiagnosticsClusterNeighborTable.frameErrorRate
property	MTRThreadNetworkDiagnosticsClusterNeighborTable.fullNetworkData
property	MTRThreadNetworkDiagnosticsClusterNeighborTable.fullThreadDevice
property	MTRThreadNetworkDiagnosticsClusterNeighborTable.isChild
property	MTRThreadNetworkDiagnosticsClusterNeighborTable.lastRssi
property	MTRThreadNetworkDiagnosticsClusterNeighborTable.linkFrameCounter
property	MTRThreadNetworkDiagnosticsClusterNeighborTable.lqi
property	MTRThreadNetworkDiagnosticsClusterNeighborTable.messageErrorRate
property	MTRThreadNetworkDiagnosticsClusterNeighborTable.mleFrameCounter
property	MTRThreadNetworkDiagnosticsClusterNeighborTable.rloc16
property	MTRThreadNetworkDiagnosticsClusterNeighborTable.rxOnWhenIdle
property	MTRThreadNetworkDiagnosticsClusterRouteTable.age
property	MTRThreadNetworkDiagnosticsClusterRouteTable.allocated
property	MTRThreadNetworkDiagnosticsClusterRouteTable.extAddress
property	MTRThreadNetworkDiagnosticsClusterRouteTable.linkEstablished
property	MTRThreadNetworkDiagnosticsClusterRouteTable.lqiIn
property	MTRThreadNetworkDiagnosticsClusterRouteTable.lqiOut
property	MTRThreadNetworkDiagnosticsClusterRouteTable.nextHop
property	MTRThreadNetworkDiagnosticsClusterRouteTable.pathCost
property	MTRThreadNetworkDiagnosticsClusterRouteTable.rloc16
property	MTRThreadNetworkDiagnosticsClusterRouteTable.routerId
property	MTRTimeSynchronizationClusterDstOffsetType.offset
property	MTRTimeSynchronizationClusterDstOffsetType.validStarting
property	MTRTimeSynchronizationClusterDstOffsetType.validUntil
property	MTRTimeSynchronizationClusterSetUtcTimeParams.granularity
property	MTRTimeSynchronizationClusterSetUtcTimeParams.serverSideProcessingTimeout
property	MTRTimeSynchronizationClusterSetUtcTimeParams.timeSource
property	MTRTimeSynchronizationClusterSetUtcTimeParams.timedInvokeTimeoutMs
property	MTRTimeSynchronizationClusterSetUtcTimeParams.utcTime
property	MTRTimeSynchronizationClusterTimeZoneType.name
property	MTRTimeSynchronizationClusterTimeZoneType.offset
property	MTRTimeSynchronizationClusterTimeZoneType.validAt
protocol	MTRCommissionableBrowserDelegate
protocol	MTRDevicePairingDelegate
protocol	MTRKeypair
protocol	MTRNOCChainIssuer
protocol	MTRPersistentStorageDelegate
