# upstream	project-chip/connectedhomeip	v1.7-te2	99a81bd32986c5292b0b1c9245c8e247c2ad717d	Apache-2.0
# what	one line per store an - (instancetype)init of that tree makes, in the source's own expression
# columns	class	member	expression	file	line
MTRBarrierControlClusterBarrierControlGoToPercentParams	percentOpen	@(0)	MTRBackwardsCompatShims.mm:3350
MTRBarrierControlClusterBarrierControlGoToPercentParams	timedInvokeTimeoutMs	nil	MTRBackwardsCompatShims.mm:3351
MTRBarrierControlClusterBarrierControlGoToPercentParams	serverSideProcessingTimeout	nil	MTRBackwardsCompatShims.mm:3352
MTRBarrierControlClusterBarrierControlStopParams	timedInvokeTimeoutMs	nil	MTRBackwardsCompatShims.mm:3408
MTRBarrierControlClusterBarrierControlStopParams	serverSideProcessingTimeout	nil	MTRBackwardsCompatShims.mm:3409
MTRElectricalMeasurementClusterGetProfileInfoResponseCommandParams	profileCount	@(0)	MTRBackwardsCompatShims.mm:12190
MTRElectricalMeasurementClusterGetProfileInfoResponseCommandParams	profileIntervalPeriod	@(0)	MTRBackwardsCompatShims.mm:12192
MTRElectricalMeasurementClusterGetProfileInfoResponseCommandParams	maxNumberOfIntervals	@(0)	MTRBackwardsCompatShims.mm:12194
MTRElectricalMeasurementClusterGetProfileInfoResponseCommandParams	listOfAttributes	[NSArray array]	MTRBackwardsCompatShims.mm:12196
MTRElectricalMeasurementClusterGetProfileInfoResponseCommandParams	timedInvokeTimeoutMs	nil	MTRBackwardsCompatShims.mm:12197
MTRElectricalMeasurementClusterGetProfileInfoCommandParams	timedInvokeTimeoutMs	nil	MTRBackwardsCompatShims.mm:12236
MTRElectricalMeasurementClusterGetProfileInfoCommandParams	serverSideProcessingTimeout	nil	MTRBackwardsCompatShims.mm:12237
MTRElectricalMeasurementClusterGetMeasurementProfileResponseCommandParams	startTime	@(0)	MTRBackwardsCompatShims.mm:12293
MTRElectricalMeasurementClusterGetMeasurementProfileResponseCommandParams	status	@(0)	MTRBackwardsCompatShims.mm:12295
MTRElectricalMeasurementClusterGetMeasurementProfileResponseCommandParams	profileIntervalPeriod	@(0)	MTRBackwardsCompatShims.mm:12297
MTRElectricalMeasurementClusterGetMeasurementProfileResponseCommandParams	numberOfIntervalsDelivered	@(0)	MTRBackwardsCompatShims.mm:12299
MTRElectricalMeasurementClusterGetMeasurementProfileResponseCommandParams	attributeId	@(0)	MTRBackwardsCompatShims.mm:12301
MTRElectricalMeasurementClusterGetMeasurementProfileResponseCommandParams	intervals	[NSArray array]	MTRBackwardsCompatShims.mm:12303
MTRElectricalMeasurementClusterGetMeasurementProfileResponseCommandParams	timedInvokeTimeoutMs	nil	MTRBackwardsCompatShims.mm:12304
MTRElectricalMeasurementClusterGetMeasurementProfileCommandParams	attributeId	@(0)	MTRBackwardsCompatShims.mm:12346
MTRElectricalMeasurementClusterGetMeasurementProfileCommandParams	startTime	@(0)	MTRBackwardsCompatShims.mm:12348
MTRElectricalMeasurementClusterGetMeasurementProfileCommandParams	numberOfIntervals	@(0)	MTRBackwardsCompatShims.mm:12350
MTRElectricalMeasurementClusterGetMeasurementProfileCommandParams	timedInvokeTimeoutMs	nil	MTRBackwardsCompatShims.mm:12351
MTRElectricalMeasurementClusterGetMeasurementProfileCommandParams	serverSideProcessingTimeout	nil	MTRBackwardsCompatShims.mm:12352
MTRWriteParams	timedWriteTimeout	nil	MTRCluster.mm:67
MTRReadParams	filterByFabric	YES	MTRCluster.mm:120
MTRReadParams	assumeUnknownAttributesReportable	YES	MTRCluster.mm:121
MTRSubscribeParams	replaceExistingSubscriptions	YES	MTRCluster.mm:292
MTRSubscribeParams	resubscribeAutomatically	YES	MTRCluster.mm:293
MTRSubscribeParams	minInterval	@(1)	MTRCluster.mm:294
MTRSubscribeParams	maxInterval	@(0)	MTRCluster.mm:295
MTRClusterStateCacheContainer	cppClusterStateCache	nullptr	MTRClusterStateCacheContainer.mm:47
MTRClusterStateCacheContainer	baseDevice	nil	MTRClusterStateCacheContainer.mm:48
MTRClusterStateCacheContainer	shouldUseXPC	NO	MTRClusterStateCacheContainer.mm:49
MTRAttributeCacheContainer	realContainer	[[MTRClusterStateCacheContainer alloc] init]	MTRClusterStateCacheContainer.mm:260
MTRDownloads	downloads	[[NSMutableArray alloc] init]	MTRDiagnosticLogsDownloader.mm:417
MTRDiagnosticLogsDownloader	downloads	[[MTRDownloads alloc] init]	MTRDiagnosticLogsDownloader.mm:496
MTRDiagnosticLogsDownloader	bridge	new DiagnosticLogsDownloaderBridge(self)	MTRDiagnosticLogsDownloader.mm:497
MTRIdentifyClusterIdentifyParams	identifyTime	@(0)	zap-generated/MTRCommandPayloadsObjc.mm:52
MTRIdentifyClusterIdentifyParams	timedInvokeTimeoutMs	nil	zap-generated/MTRCommandPayloadsObjc.mm:53
MTRIdentifyClusterIdentifyParams	serverSideProcessingTimeout	nil	zap-generated/MTRCommandPayloadsObjc.mm:54
MTRIdentifyClusterTriggerEffectParams	effectIdentifier	@(0)	zap-generated/MTRCommandPayloadsObjc.mm:131
MTRIdentifyClusterTriggerEffectParams	effectVariant	@(0)	zap-generated/MTRCommandPayloadsObjc.mm:133
MTRIdentifyClusterTriggerEffectParams	timedInvokeTimeoutMs	nil	zap-generated/MTRCommandPayloadsObjc.mm:134
MTRIdentifyClusterTriggerEffectParams	serverSideProcessingTimeout	nil	zap-generated/MTRCommandPayloadsObjc.mm:135
MTRGroupsClusterAddGroupParams	groupID	@(0)	zap-generated/MTRCommandPayloadsObjc.mm:216
MTRGroupsClusterAddGroupParams	groupName	@""	zap-generated/MTRCommandPayloadsObjc.mm:218
MTRGroupsClusterAddGroupParams	timedInvokeTimeoutMs	nil	zap-generated/MTRCommandPayloadsObjc.mm:219
MTRGroupsClusterAddGroupParams	serverSideProcessingTimeout	nil	zap-generated/MTRCommandPayloadsObjc.mm:220
MTRGroupsClusterAddGroupResponseParams	status	@(0)	zap-generated/MTRCommandPayloadsObjc.mm:313
MTRGroupsClusterAddGroupResponseParams	groupID	@(0)	zap-generated/MTRCommandPayloadsObjc.mm:315
MTRGroupsClusterAddGroupResponseParams	timedInvokeTimeoutMs	nil	zap-generated/MTRCommandPayloadsObjc.mm:316
MTRGroupsClusterViewGroupParams	groupID	@(0)	zap-generated/MTRCommandPayloadsObjc.mm:422
MTRGroupsClusterViewGroupParams	timedInvokeTimeoutMs	nil	zap-generated/MTRCommandPayloadsObjc.mm:423
MTRGroupsClusterViewGroupParams	serverSideProcessingTimeout	nil	zap-generated/MTRCommandPayloadsObjc.mm:424
MTRGroupsClusterViewGroupResponseParams	status	@(0)	zap-generated/MTRCommandPayloadsObjc.mm:513
MTRGroupsClusterViewGroupResponseParams	groupID	@(0)	zap-generated/MTRCommandPayloadsObjc.mm:515
MTRGroupsClusterViewGroupResponseParams	groupName	@""	zap-generated/MTRCommandPayloadsObjc.mm:517
MTRGroupsClusterViewGroupResponseParams	timedInvokeTimeoutMs	nil	zap-generated/MTRCommandPayloadsObjc.mm:518
MTRGroupsClusterGetGroupMembershipParams	groupList	[NSArray array]	zap-generated/MTRCommandPayloadsObjc.mm:632
MTRGroupsClusterGetGroupMembershipParams	timedInvokeTimeoutMs	nil	zap-generated/MTRCommandPayloadsObjc.mm:633
MTRGroupsClusterGetGroupMembershipParams	serverSideProcessingTimeout	nil	zap-generated/MTRCommandPayloadsObjc.mm:634
MTRGroupsClusterGetGroupMembershipResponseParams	capacity	nil	zap-generated/MTRCommandPayloadsObjc.mm:733
MTRGroupsClusterGetGroupMembershipResponseParams	groupList	[NSArray array]	zap-generated/MTRCommandPayloadsObjc.mm:735
MTRGroupsClusterGetGroupMembershipResponseParams	timedInvokeTimeoutMs	nil	zap-generated/MTRCommandPayloadsObjc.mm:736
MTRGroupsClusterRemoveGroupParams	groupID	@(0)	zap-generated/MTRCommandPayloadsObjc.mm:848
MTRGroupsClusterRemoveGroupParams	timedInvokeTimeoutMs	nil	zap-generated/MTRCommandPayloadsObjc.mm:849
MTRGroupsClusterRemoveGroupParams	serverSideProcessingTimeout	nil	zap-generated/MTRCommandPayloadsObjc.mm:850
MTRGroupsClusterRemoveGroupResponseParams	status	@(0)	zap-generated/MTRCommandPayloadsObjc.mm:939
MTRGroupsClusterRemoveGroupResponseParams	groupID	@(0)	zap-generated/MTRCommandPayloadsObjc.mm:941
MTRGroupsClusterRemoveGroupResponseParams	timedInvokeTimeoutMs	nil	zap-generated/MTRCommandPayloadsObjc.mm:942
MTRGroupsClusterRemoveAllGroupsParams	timedInvokeTimeoutMs	nil	zap-generated/MTRCommandPayloadsObjc.mm:1047
MTRGroupsClusterRemoveAllGroupsParams	serverSideProcessingTimeout	nil	zap-generated/MTRCommandPayloadsObjc.mm:1048
MTRGroupsClusterAddGroupIfIdentifyingParams	groupID	@(0)	zap-generated/MTRCommandPayloadsObjc.mm:1121
MTRGroupsClusterAddGroupIfIdentifyingParams	groupName	@""	zap-generated/MTRCommandPayloadsObjc.mm:1123
MTRGroupsClusterAddGroupIfIdentifyingParams	timedInvokeTimeoutMs	nil	zap-generated/MTRCommandPayloadsObjc.mm:1124
MTRGroupsClusterAddGroupIfIdentifyingParams	serverSideProcessingTimeout	nil	zap-generated/MTRCommandPayloadsObjc.mm:1125
MTROnOffClusterOffParams	timedInvokeTimeoutMs	nil	zap-generated/MTRCommandPayloadsObjc.mm:1217
MTROnOffClusterOffParams	serverSideProcessingTimeout	nil	zap-generated/MTRCommandPayloadsObjc.mm:1218
MTROnOffClusterOnParams	timedInvokeTimeoutMs	nil	zap-generated/MTRCommandPayloadsObjc.mm:1290
MTROnOffClusterOnParams	serverSideProcessingTimeout	nil	zap-generated/MTRCommandPayloadsObjc.mm:1291
MTROnOffClusterToggleParams	timedInvokeTimeoutMs	nil	zap-generated/MTRCommandPayloadsObjc.mm:1363
MTROnOffClusterToggleParams	serverSideProcessingTimeout	nil	zap-generated/MTRCommandPayloadsObjc.mm:1364
MTROnOffClusterOffWithEffectParams	effectIdentifier	@(0)	zap-generated/MTRCommandPayloadsObjc.mm:1437
MTROnOffClusterOffWithEffectParams	effectVariant	@(0)	zap-generated/MTRCommandPayloadsObjc.mm:1439
MTROnOffClusterOffWithEffectParams	timedInvokeTimeoutMs	nil	zap-generated/MTRCommandPayloadsObjc.mm:1440
MTROnOffClusterOffWithEffectParams	serverSideProcessingTimeout	nil	zap-generated/MTRCommandPayloadsObjc.mm:1441
MTROnOffClusterOnWithRecallGlobalSceneParams	timedInvokeTimeoutMs	nil	zap-generated/MTRCommandPayloadsObjc.mm:1533
MTROnOffClusterOnWithRecallGlobalSceneParams	serverSideProcessingTimeout	nil	zap-generated/MTRCommandPayloadsObjc.mm:1534
MTROnOffClusterOnWithTimedOffParams	onOffControl	@(0)	zap-generated/MTRCommandPayloadsObjc.mm:1607
MTROnOffClusterOnWithTimedOffParams	onTime	@(0)	zap-generated/MTRCommandPayloadsObjc.mm:1609
MTROnOffClusterOnWithTimedOffParams	offWaitTime	@(0)	zap-generated/MTRCommandPayloadsObjc.mm:1611
MTROnOffClusterOnWithTimedOffParams	timedInvokeTimeoutMs	nil	zap-generated/MTRCommandPayloadsObjc.mm:1612
MTROnOffClusterOnWithTimedOffParams	serverSideProcessingTimeout	nil	zap-generated/MTRCommandPayloadsObjc.mm:1613
MTRLevelControlClusterMoveToLevelParams	level	@(0)	zap-generated/MTRCommandPayloadsObjc.mm:1698
MTRLevelControlClusterMoveToLevelParams	transitionTime	nil	zap-generated/MTRCommandPayloadsObjc.mm:1700
MTRLevelControlClusterMoveToLevelParams	optionsMask	@(0)	zap-generated/MTRCommandPayloadsObjc.mm:1702
MTRLevelControlClusterMoveToLevelParams	optionsOverride	@(0)	zap-generated/MTRCommandPayloadsObjc.mm:1704
MTRLevelControlClusterMoveToLevelParams	timedInvokeTimeoutMs	nil	zap-generated/MTRCommandPayloadsObjc.mm:1705
MTRLevelControlClusterMoveToLevelParams	serverSideProcessingTimeout	nil	zap-generated/MTRCommandPayloadsObjc.mm:1706
MTRLevelControlClusterMoveParams	moveMode	@(0)	zap-generated/MTRCommandPayloadsObjc.mm:1800
MTRLevelControlClusterMoveParams	rate	nil	zap-generated/MTRCommandPayloadsObjc.mm:1802
MTRLevelControlClusterMoveParams	optionsMask	@(0)	zap-generated/MTRCommandPayloadsObjc.mm:1804
MTRLevelControlClusterMoveParams	optionsOverride	@(0)	zap-generated/MTRCommandPayloadsObjc.mm:1806
MTRLevelControlClusterMoveParams	timedInvokeTimeoutMs	nil	zap-generated/MTRCommandPayloadsObjc.mm:1807
MTRLevelControlClusterMoveParams	serverSideProcessingTimeout	nil	zap-generated/MTRCommandPayloadsObjc.mm:1808
MTRLevelControlClusterStepParams	stepMode	@(0)	zap-generated/MTRCommandPayloadsObjc.mm:1902
MTRLevelControlClusterStepParams	stepSize	@(0)	zap-generated/MTRCommandPayloadsObjc.mm:1904
MTRLevelControlClusterStepParams	transitionTime	nil	zap-generated/MTRCommandPayloadsObjc.mm:1906
MTRLevelControlClusterStepParams	optionsMask	@(0)	zap-generated/MTRCommandPayloadsObjc.mm:1908
MTRLevelControlClusterStepParams	optionsOverride	@(0)	zap-generated/MTRCommandPayloadsObjc.mm:1910
MTRLevelControlClusterStepParams	timedInvokeTimeoutMs	nil	zap-generated/MTRCommandPayloadsObjc.mm:1911
MTRLevelControlClusterStepParams	serverSideProcessingTimeout	nil	zap-generated/MTRCommandPayloadsObjc.mm:1912
MTRLevelControlClusterStopParams	optionsMask	@(0)	zap-generated/MTRCommandPayloadsObjc.mm:2010
MTRLevelControlClusterStopParams	optionsOverride	@(0)	zap-generated/MTRCommandPayloadsObjc.mm:2012
MTRLevelControlClusterStopParams	timedInvokeTimeoutMs	nil	zap-generated/MTRCommandPayloadsObjc.mm:2013
MTRLevelControlClusterStopParams	serverSideProcessingTimeout	nil	zap-generated/MTRCommandPayloadsObjc.mm:2014
MTRLevelControlClusterMoveToLevelWithOnOffParams	level	@(0)	zap-generated/MTRCommandPayloadsObjc.mm:2095
MTRLevelControlClusterMoveToLevelWithOnOffParams	transitionTime	nil	zap-generated/MTRCommandPayloadsObjc.mm:2097
MTRLevelControlClusterMoveToLevelWithOnOffParams	optionsMask	@(0)	zap-generated/MTRCommandPayloadsObjc.mm:2099
MTRLevelControlClusterMoveToLevelWithOnOffParams	optionsOverride	@(0)	zap-generated/MTRCommandPayloadsObjc.mm:2101
MTRLevelControlClusterMoveToLevelWithOnOffParams	timedInvokeTimeoutMs	nil	zap-generated/MTRCommandPayloadsObjc.mm:2102
MTRLevelControlClusterMoveToLevelWithOnOffParams	serverSideProcessingTimeout	nil	zap-generated/MTRCommandPayloadsObjc.mm:2103
MTRLevelControlClusterMoveWithOnOffParams	moveMode	@(0)	zap-generated/MTRCommandPayloadsObjc.mm:2197
MTRLevelControlClusterMoveWithOnOffParams	rate	nil	zap-generated/MTRCommandPayloadsObjc.mm:2199
MTRLevelControlClusterMoveWithOnOffParams	optionsMask	@(0)	zap-generated/MTRCommandPayloadsObjc.mm:2201
MTRLevelControlClusterMoveWithOnOffParams	optionsOverride	@(0)	zap-generated/MTRCommandPayloadsObjc.mm:2203
MTRLevelControlClusterMoveWithOnOffParams	timedInvokeTimeoutMs	nil	zap-generated/MTRCommandPayloadsObjc.mm:2204
MTRLevelControlClusterMoveWithOnOffParams	serverSideProcessingTimeout	nil	zap-generated/MTRCommandPayloadsObjc.mm:2205
MTRLevelControlClusterStepWithOnOffParams	stepMode	@(0)	zap-generated/MTRCommandPayloadsObjc.mm:2299
MTRLevelControlClusterStepWithOnOffParams	stepSize	@(0)	zap-generated/MTRCommandPayloadsObjc.mm:2301
MTRLevelControlClusterStepWithOnOffParams	transitionTime	nil	zap-generated/MTRCommandPayloadsObjc.mm:2303
MTRLevelControlClusterStepWithOnOffParams	optionsMask	@(0)	zap-generated/MTRCommandPayloadsObjc.mm:2305
MTRLevelControlClusterStepWithOnOffParams	optionsOverride	@(0)	zap-generated/MTRCommandPayloadsObjc.mm:2307
MTRLevelControlClusterStepWithOnOffParams	timedInvokeTimeoutMs	nil	zap-generated/MTRCommandPayloadsObjc.mm:2308
MTRLevelControlClusterStepWithOnOffParams	serverSideProcessingTimeout	nil	zap-generated/MTRCommandPayloadsObjc.mm:2309
MTRLevelControlClusterStopWithOnOffParams	optionsMask	@(0)	zap-generated/MTRCommandPayloadsObjc.mm:2407
MTRLevelControlClusterStopWithOnOffParams	optionsOverride	@(0)	zap-generated/MTRCommandPayloadsObjc.mm:2409
MTRLevelControlClusterStopWithOnOffParams	timedInvokeTimeoutMs	nil	zap-generated/MTRCommandPayloadsObjc.mm:2410
MTRLevelControlClusterStopWithOnOffParams	serverSideProcessingTimeout	nil	zap-generated/MTRCommandPayloadsObjc.mm:2411
MTRLevelControlClusterMoveToClosestFrequencyParams	frequency	@(0)	zap-generated/MTRCommandPayloadsObjc.mm:2492
MTRLevelControlClusterMoveToClosestFrequencyParams	timedInvokeTimeoutMs	nil	zap-generated/MTRCommandPayloadsObjc.mm:2493
MTRLevelControlClusterMoveToClosestFrequencyParams	serverSideProcessingTimeout	nil	zap-generated/MTRCommandPayloadsObjc.mm:2494
MTRAccessControlClusterReviewFabricRestrictionsParams	arl	[NSArray array]	zap-generated/MTRCommandPayloadsObjc.mm:2571
MTRAccessControlClusterReviewFabricRestrictionsParams	timedInvokeTimeoutMs	nil	zap-generated/MTRCommandPayloadsObjc.mm:2572
MTRAccessControlClusterReviewFabricRestrictionsParams	serverSideProcessingTimeout	nil	zap-generated/MTRCommandPayloadsObjc.mm:2573
MTRAccessControlClusterReviewFabricRestrictionsResponseParams	token	@(0)	zap-generated/MTRCommandPayloadsObjc.mm:2702
MTRActionsClusterInstantActionParams	actionID	@(0)	zap-generated/MTRCommandPayloadsObjc.mm:2791
MTRActionsClusterInstantActionParams	invokeID	nil	zap-generated/MTRCommandPayloadsObjc.mm:2793
MTRActionsClusterInstantActionParams	timedInvokeTimeoutMs	nil	zap-generated/MTRCommandPayloadsObjc.mm:2794
MTRActionsClusterInstantActionParams	serverSideProcessingTimeout	nil	zap-generated/MTRCommandPayloadsObjc.mm:2795
MTRActionsClusterInstantActionWithTransitionParams	actionID	@(0)	zap-generated/MTRCommandPayloadsObjc.mm:2879
MTRActionsClusterInstantActionWithTransitionParams	invokeID	nil	zap-generated/MTRCommandPayloadsObjc.mm:2881
MTRActionsClusterInstantActionWithTransitionParams	transitionTime	@(0)	zap-generated/MTRCommandPayloadsObjc.mm:2883
MTRActionsClusterInstantActionWithTransitionParams	timedInvokeTimeoutMs	nil	zap-generated/MTRCommandPayloadsObjc.mm:2884
MTRActionsClusterInstantActionWithTransitionParams	serverSideProcessingTimeout	nil	zap-generated/MTRCommandPayloadsObjc.mm:2885
MTRActionsClusterStartActionParams	actionID	@(0)	zap-generated/MTRCommandPayloadsObjc.mm:2973
MTRActionsClusterStartActionParams	invokeID	nil	zap-generated/MTRCommandPayloadsObjc.mm:2975
MTRActionsClusterStartActionParams	timedInvokeTimeoutMs	nil	zap-generated/MTRCommandPayloadsObjc.mm:2976
MTRActionsClusterStartActionParams	serverSideProcessingTimeout	nil	zap-generated/MTRCommandPayloadsObjc.mm:2977
MTRActionsClusterStartActionWithDurationParams	actionID	@(0)	zap-generated/MTRCommandPayloadsObjc.mm:3061
MTRActionsClusterStartActionWithDurationParams	invokeID	nil	zap-generated/MTRCommandPayloadsObjc.mm:3063
MTRActionsClusterStartActionWithDurationParams	duration	@(0)	zap-generated/MTRCommandPayloadsObjc.mm:3065
MTRActionsClusterStartActionWithDurationParams	timedInvokeTimeoutMs	nil	zap-generated/MTRCommandPayloadsObjc.mm:3066
MTRActionsClusterStartActionWithDurationParams	serverSideProcessingTimeout	nil	zap-generated/MTRCommandPayloadsObjc.mm:3067
MTRActionsClusterStopActionParams	actionID	@(0)	zap-generated/MTRCommandPayloadsObjc.mm:3155
MTRActionsClusterStopActionParams	invokeID	nil	zap-generated/MTRCommandPayloadsObjc.mm:3157
MTRActionsClusterStopActionParams	timedInvokeTimeoutMs	nil	zap-generated/MTRCommandPayloadsObjc.mm:3158
MTRActionsClusterStopActionParams	serverSideProcessingTimeout	nil	zap-generated/MTRCommandPayloadsObjc.mm:3159
MTRActionsClusterPauseActionParams	actionID	@(0)	zap-generated/MTRCommandPayloadsObjc.mm:3243
MTRActionsClusterPauseActionParams	invokeID	nil	zap-generated/MTRCommandPayloadsObjc.mm:3245
MTRActionsClusterPauseActionParams	timedInvokeTimeoutMs	nil	zap-generated/MTRCommandPayloadsObjc.mm:3246
MTRActionsClusterPauseActionParams	serverSideProcessingTimeout	nil	zap-generated/MTRCommandPayloadsObjc.mm:3247
MTRActionsClusterPauseActionWithDurationParams	actionID	@(0)	zap-generated/MTRCommandPayloadsObjc.mm:3331
MTRActionsClusterPauseActionWithDurationParams	invokeID	nil	zap-generated/MTRCommandPayloadsObjc.mm:3333
MTRActionsClusterPauseActionWithDurationParams	duration	@(0)	zap-generated/MTRCommandPayloadsObjc.mm:3335
MTRActionsClusterPauseActionWithDurationParams	timedInvokeTimeoutMs	nil	zap-generated/MTRCommandPayloadsObjc.mm:3336
MTRActionsClusterPauseActionWithDurationParams	serverSideProcessingTimeout	nil	zap-generated/MTRCommandPayloadsObjc.mm:3337
MTRActionsClusterResumeActionParams	actionID	@(0)	zap-generated/MTRCommandPayloadsObjc.mm:3425
MTRActionsClusterResumeActionParams	invokeID	nil	zap-generated/MTRCommandPayloadsObjc.mm:3427
MTRActionsClusterResumeActionParams	timedInvokeTimeoutMs	nil	zap-generated/MTRCommandPayloadsObjc.mm:3428
MTRActionsClusterResumeActionParams	serverSideProcessingTimeout	nil	zap-generated/MTRCommandPayloadsObjc.mm:3429
MTRActionsClusterEnableActionParams	actionID	@(0)	zap-generated/MTRCommandPayloadsObjc.mm:3513
MTRActionsClusterEnableActionParams	invokeID	nil	zap-generated/MTRCommandPayloadsObjc.mm:3515
MTRActionsClusterEnableActionParams	timedInvokeTimeoutMs	nil	zap-generated/MTRCommandPayloadsObjc.mm:3516
MTRActionsClusterEnableActionParams	serverSideProcessingTimeout	nil	zap-generated/MTRCommandPayloadsObjc.mm:3517
MTRActionsClusterEnableActionWithDurationParams	actionID	@(0)	zap-generated/MTRCommandPayloadsObjc.mm:3601
MTRActionsClusterEnableActionWithDurationParams	invokeID	nil	zap-generated/MTRCommandPayloadsObjc.mm:3603
MTRActionsClusterEnableActionWithDurationParams	duration	@(0)	zap-generated/MTRCommandPayloadsObjc.mm:3605
MTRActionsClusterEnableActionWithDurationParams	timedInvokeTimeoutMs	nil	zap-generated/MTRCommandPayloadsObjc.mm:3606
MTRActionsClusterEnableActionWithDurationParams	serverSideProcessingTimeout	nil	zap-generated/MTRCommandPayloadsObjc.mm:3607
MTRActionsClusterDisableActionParams	actionID	@(0)	zap-generated/MTRCommandPayloadsObjc.mm:3695
MTRActionsClusterDisableActionParams	invokeID	nil	zap-generated/MTRCommandPayloadsObjc.mm:3697
MTRActionsClusterDisableActionParams	timedInvokeTimeoutMs	nil	zap-generated/MTRCommandPayloadsObjc.mm:3698
MTRActionsClusterDisableActionParams	serverSideProcessingTimeout	nil	zap-generated/MTRCommandPayloadsObjc.mm:3699
MTRActionsClusterDisableActionWithDurationParams	actionID	@(0)	zap-generated/MTRCommandPayloadsObjc.mm:3783
MTRActionsClusterDisableActionWithDurationParams	invokeID	nil	zap-generated/MTRCommandPayloadsObjc.mm:3785
MTRActionsClusterDisableActionWithDurationParams	duration	@(0)	zap-generated/MTRCommandPayloadsObjc.mm:3787
MTRActionsClusterDisableActionWithDurationParams	timedInvokeTimeoutMs	nil	zap-generated/MTRCommandPayloadsObjc.mm:3788
MTRActionsClusterDisableActionWithDurationParams	serverSideProcessingTimeout	nil	zap-generated/MTRCommandPayloadsObjc.mm:3789
MTRBasicClusterMfgSpecificPingParams	timedInvokeTimeoutMs	nil	zap-generated/MTRCommandPayloadsObjc.mm:3876
MTRBasicClusterMfgSpecificPingParams	serverSideProcessingTimeout	nil	zap-generated/MTRCommandPayloadsObjc.mm:3877
MTROTASoftwareUpdateProviderClusterQueryImageParams	vendorID	@(0)	zap-generated/MTRCommandPayloadsObjc.mm:3904
MTROTASoftwareUpdateProviderClusterQueryImageParams	productID	@(0)	zap-generated/MTRCommandPayloadsObjc.mm:3906
MTROTASoftwareUpdateProviderClusterQueryImageParams	softwareVersion	@(0)	zap-generated/MTRCommandPayloadsObjc.mm:3908
MTROTASoftwareUpdateProviderClusterQueryImageParams	protocolsSupported	[NSArray array]	zap-generated/MTRCommandPayloadsObjc.mm:3910
MTROTASoftwareUpdateProviderClusterQueryImageParams	hardwareVersion	nil	zap-generated/MTRCommandPayloadsObjc.mm:3912
MTROTASoftwareUpdateProviderClusterQueryImageParams	location	nil	zap-generated/MTRCommandPayloadsObjc.mm:3914
MTROTASoftwareUpdateProviderClusterQueryImageParams	requestorCanConsent	nil	zap-generated/MTRCommandPayloadsObjc.mm:3916
MTROTASoftwareUpdateProviderClusterQueryImageParams	metadataForProvider	nil	zap-generated/MTRCommandPayloadsObjc.mm:3918
MTROTASoftwareUpdateProviderClusterQueryImageParams	timedInvokeTimeoutMs	nil	zap-generated/MTRCommandPayloadsObjc.mm:3919
MTROTASoftwareUpdateProviderClusterQueryImageParams	serverSideProcessingTimeout	nil	zap-generated/MTRCommandPayloadsObjc.mm:3920
MTROTASoftwareUpdateProviderClusterQueryImageResponseParams	status	@(0)	zap-generated/MTRCommandPayloadsObjc.mm:4093
MTROTASoftwareUpdateProviderClusterQueryImageResponseParams	delayedActionTime	nil	zap-generated/MTRCommandPayloadsObjc.mm:4095
MTROTASoftwareUpdateProviderClusterQueryImageResponseParams	imageURI	nil	zap-generated/MTRCommandPayloadsObjc.mm:4097
MTROTASoftwareUpdateProviderClusterQueryImageResponseParams	softwareVersion	nil	zap-generated/MTRCommandPayloadsObjc.mm:4099
MTROTASoftwareUpdateProviderClusterQueryImageResponseParams	softwareVersionString	nil	zap-generated/MTRCommandPayloadsObjc.mm:4101
MTROTASoftwareUpdateProviderClusterQueryImageResponseParams	updateToken	nil	zap-generated/MTRCommandPayloadsObjc.mm:4103
MTROTASoftwareUpdateProviderClusterQueryImageResponseParams	userConsentNeeded	nil	zap-generated/MTRCommandPayloadsObjc.mm:4105
MTROTASoftwareUpdateProviderClusterQueryImageResponseParams	metadataForRequestor	nil	zap-generated/MTRCommandPayloadsObjc.mm:4107
MTROTASoftwareUpdateProviderClusterQueryImageResponseParams	timedInvokeTimeoutMs	nil	zap-generated/MTRCommandPayloadsObjc.mm:4108
MTROTASoftwareUpdateProviderClusterApplyUpdateRequestParams	updateToken	[NSData data]	zap-generated/MTRCommandPayloadsObjc.mm:4274
MTROTASoftwareUpdateProviderClusterApplyUpdateRequestParams	newVersion	@(0)	zap-generated/MTRCommandPayloadsObjc.mm:4276
MTROTASoftwareUpdateProviderClusterApplyUpdateRequestParams	timedInvokeTimeoutMs	nil	zap-generated/MTRCommandPayloadsObjc.mm:4277
MTROTASoftwareUpdateProviderClusterApplyUpdateRequestParams	serverSideProcessingTimeout	nil	zap-generated/MTRCommandPayloadsObjc.mm:4278
MTROTASoftwareUpdateProviderClusterApplyUpdateResponseParams	action	@(0)	zap-generated/MTRCommandPayloadsObjc.mm:4366
MTROTASoftwareUpdateProviderClusterApplyUpdateResponseParams	delayedActionTime	@(0)	zap-generated/MTRCommandPayloadsObjc.mm:4368
MTROTASoftwareUpdateProviderClusterApplyUpdateResponseParams	timedInvokeTimeoutMs	nil	zap-generated/MTRCommandPayloadsObjc.mm:4369
MTROTASoftwareUpdateProviderClusterNotifyUpdateAppliedParams	updateToken	[NSData data]	zap-generated/MTRCommandPayloadsObjc.mm:4469
MTROTASoftwareUpdateProviderClusterNotifyUpdateAppliedParams	softwareVersion	@(0)	zap-generated/MTRCommandPayloadsObjc.mm:4471
MTROTASoftwareUpdateProviderClusterNotifyUpdateAppliedParams	timedInvokeTimeoutMs	nil	zap-generated/MTRCommandPayloadsObjc.mm:4472
MTROTASoftwareUpdateProviderClusterNotifyUpdateAppliedParams	serverSideProcessingTimeout	nil	zap-generated/MTRCommandPayloadsObjc.mm:4473
MTROTASoftwareUpdateRequestorClusterAnnounceOTAProviderParams	providerNodeID	@(0)	zap-generated/MTRCommandPayloadsObjc.mm:4561
MTROTASoftwareUpdateRequestorClusterAnnounceOTAProviderParams	vendorID	@(0)	zap-generated/MTRCommandPayloadsObjc.mm:4563
MTROTASoftwareUpdateRequestorClusterAnnounceOTAProviderParams	announcementReason	@(0)	zap-generated/MTRCommandPayloadsObjc.mm:4565
MTROTASoftwareUpdateRequestorClusterAnnounceOTAProviderParams	metadataForNode	nil	zap-generated/MTRCommandPayloadsObjc.mm:4567
MTROTASoftwareUpdateRequestorClusterAnnounceOTAProviderParams	endpoint	@(0)	zap-generated/MTRCommandPayloadsObjc.mm:4569
MTROTASoftwareUpdateRequestorClusterAnnounceOTAProviderParams	timedInvokeTimeoutMs	nil	zap-generated/MTRCommandPayloadsObjc.mm:4570
MTROTASoftwareUpdateRequestorClusterAnnounceOTAProviderParams	serverSideProcessingTimeout	nil	zap-generated/MTRCommandPayloadsObjc.mm:4571
MTRGeneralCommissioningClusterArmFailSafeParams	expiryLengthSeconds	@(0)	zap-generated/MTRCommandPayloadsObjc.mm:4698
MTRGeneralCommissioningClusterArmFailSafeParams	breadcrumb	@(0)	zap-generated/MTRCommandPayloadsObjc.mm:4700
MTRGeneralCommissioningClusterArmFailSafeParams	timedInvokeTimeoutMs	nil	zap-generated/MTRCommandPayloadsObjc.mm:4701
MTRGeneralCommissioningClusterArmFailSafeParams	serverSideProcessingTimeout	nil	zap-generated/MTRCommandPayloadsObjc.mm:4702
MTRGeneralCommissioningClusterArmFailSafeResponseParams	errorCode	@(0)	zap-generated/MTRCommandPayloadsObjc.mm:4783
MTRGeneralCommissioningClusterArmFailSafeResponseParams	debugText	@""	zap-generated/MTRCommandPayloadsObjc.mm:4785
MTRGeneralCommissioningClusterArmFailSafeResponseParams	timedInvokeTimeoutMs	nil	zap-generated/MTRCommandPayloadsObjc.mm:4786
MTRGeneralCommissioningClusterSetRegulatoryConfigParams	newRegulatoryConfig	@(0)	zap-generated/MTRCommandPayloadsObjc.mm:4884
MTRGeneralCommissioningClusterSetRegulatoryConfigParams	countryCode	@""	zap-generated/MTRCommandPayloadsObjc.mm:4886
MTRGeneralCommissioningClusterSetRegulatoryConfigParams	breadcrumb	@(0)	zap-generated/MTRCommandPayloadsObjc.mm:4888
MTRGeneralCommissioningClusterSetRegulatoryConfigParams	timedInvokeTimeoutMs	nil	zap-generated/MTRCommandPayloadsObjc.mm:4889
MTRGeneralCommissioningClusterSetRegulatoryConfigParams	serverSideProcessingTimeout	nil	zap-generated/MTRCommandPayloadsObjc.mm:4890
MTRGeneralCommissioningClusterSetRegulatoryConfigResponseParams	errorCode	@(0)	zap-generated/MTRCommandPayloadsObjc.mm:4975
MTRGeneralCommissioningClusterSetRegulatoryConfigResponseParams	debugText	@""	zap-generated/MTRCommandPayloadsObjc.mm:4977
MTRGeneralCommissioningClusterSetRegulatoryConfigResponseParams	timedInvokeTimeoutMs	nil	zap-generated/MTRCommandPayloadsObjc.mm:4978
MTRGeneralCommissioningClusterCommissioningCompleteParams	timedInvokeTimeoutMs	nil	zap-generated/MTRCommandPayloadsObjc.mm:5075
MTRGeneralCommissioningClusterCommissioningCompleteParams	serverSideProcessingTimeout	nil	zap-generated/MTRCommandPayloadsObjc.mm:5076
MTRGeneralCommissioningClusterCommissioningCompleteResponseParams	errorCode	@(0)	zap-generated/MTRCommandPayloadsObjc.mm:5149
MTRGeneralCommissioningClusterCommissioningCompleteResponseParams	debugText	@""	zap-generated/MTRCommandPayloadsObjc.mm:5151
MTRGeneralCommissioningClusterCommissioningCompleteResponseParams	timedInvokeTimeoutMs	nil	zap-generated/MTRCommandPayloadsObjc.mm:5152
MTRGeneralCommissioningClusterSetTCAcknowledgementsParams	tcVersion	@(0)	zap-generated/MTRCommandPayloadsObjc.mm:5250
MTRGeneralCommissioningClusterSetTCAcknowledgementsParams	tcUserResponse	@(0)	zap-generated/MTRCommandPayloadsObjc.mm:5252
MTRGeneralCommissioningClusterSetTCAcknowledgementsParams	timedInvokeTimeoutMs	nil	zap-generated/MTRCommandPayloadsObjc.mm:5253
MTRGeneralCommissioningClusterSetTCAcknowledgementsParams	serverSideProcessingTimeout	nil	zap-generated/MTRCommandPayloadsObjc.mm:5254
MTRGeneralCommissioningClusterSetTCAcknowledgementsResponseParams	errorCode	@(0)	zap-generated/MTRCommandPayloadsObjc.mm:5335
MTRNetworkCommissioningClusterScanNetworksParams	ssid	nil	zap-generated/MTRCommandPayloadsObjc.mm:5424
MTRNetworkCommissioningClusterScanNetworksParams	breadcrumb	nil	zap-generated/MTRCommandPayloadsObjc.mm:5426
MTRNetworkCommissioningClusterScanNetworksParams	timedInvokeTimeoutMs	nil	zap-generated/MTRCommandPayloadsObjc.mm:5427
MTRNetworkCommissioningClusterScanNetworksParams	serverSideProcessingTimeout	nil	zap-generated/MTRCommandPayloadsObjc.mm:5428
MTRNetworkCommissioningClusterScanNetworksResponseParams	networkingStatus	@(0)	zap-generated/MTRCommandPayloadsObjc.mm:5520
MTRNetworkCommissioningClusterScanNetworksResponseParams	debugText	nil	zap-generated/MTRCommandPayloadsObjc.mm:5522
MTRNetworkCommissioningClusterScanNetworksResponseParams	wiFiScanResults	nil	zap-generated/MTRCommandPayloadsObjc.mm:5524
MTRNetworkCommissioningClusterScanNetworksResponseParams	threadScanResults	nil	zap-generated/MTRCommandPayloadsObjc.mm:5526
MTRNetworkCommissioningClusterScanNetworksResponseParams	timedInvokeTimeoutMs	nil	zap-generated/MTRCommandPayloadsObjc.mm:5527
MTRNetworkCommissioningClusterAddOrUpdateWiFiNetworkParams	ssid	[NSData data]	zap-generated/MTRCommandPayloadsObjc.mm:5691
MTRNetworkCommissioningClusterAddOrUpdateWiFiNetworkParams	credentials	[NSData data]	zap-generated/MTRCommandPayloadsObjc.mm:5693
MTRNetworkCommissioningClusterAddOrUpdateWiFiNetworkParams	breadcrumb	nil	zap-generated/MTRCommandPayloadsObjc.mm:5695
MTRNetworkCommissioningClusterAddOrUpdateWiFiNetworkParams	networkIdentity	nil	zap-generated/MTRCommandPayloadsObjc.mm:5697
MTRNetworkCommissioningClusterAddOrUpdateWiFiNetworkParams	clientIdentifier	nil	zap-generated/MTRCommandPayloadsObjc.mm:5699
MTRNetworkCommissioningClusterAddOrUpdateWiFiNetworkParams	possessionNonce	nil	zap-generated/MTRCommandPayloadsObjc.mm:5701
MTRNetworkCommissioningClusterAddOrUpdateWiFiNetworkParams	timedInvokeTimeoutMs	nil	zap-generated/MTRCommandPayloadsObjc.mm:5702
MTRNetworkCommissioningClusterAddOrUpdateWiFiNetworkParams	serverSideProcessingTimeout	nil	zap-generated/MTRCommandPayloadsObjc.mm:5703
MTRNetworkCommissioningClusterAddOrUpdateThreadNetworkParams	operationalDataset	[NSData data]	zap-generated/MTRCommandPayloadsObjc.mm:5812
MTRNetworkCommissioningClusterAddOrUpdateThreadNetworkParams	breadcrumb	nil	zap-generated/MTRCommandPayloadsObjc.mm:5814
MTRNetworkCommissioningClusterAddOrUpdateThreadNetworkParams	timedInvokeTimeoutMs	nil	zap-generated/MTRCommandPayloadsObjc.mm:5815
MTRNetworkCommissioningClusterAddOrUpdateThreadNetworkParams	serverSideProcessingTimeout	nil	zap-generated/MTRCommandPayloadsObjc.mm:5816
MTRNetworkCommissioningClusterRemoveNetworkParams	networkID	[NSData data]	zap-generated/MTRCommandPayloadsObjc.mm:5900
MTRNetworkCommissioningClusterRemoveNetworkParams	breadcrumb	nil	zap-generated/MTRCommandPayloadsObjc.mm:5902
MTRNetworkCommissioningClusterRemoveNetworkParams	timedInvokeTimeoutMs	nil	zap-generated/MTRCommandPayloadsObjc.mm:5903
MTRNetworkCommissioningClusterRemoveNetworkParams	serverSideProcessingTimeout	nil	zap-generated/MTRCommandPayloadsObjc.mm:5904
MTRNetworkCommissioningClusterNetworkConfigResponseParams	networkingStatus	@(0)	zap-generated/MTRCommandPayloadsObjc.mm:5988
MTRNetworkCommissioningClusterNetworkConfigResponseParams	debugText	nil	zap-generated/MTRCommandPayloadsObjc.mm:5990
MTRNetworkCommissioningClusterNetworkConfigResponseParams	networkIndex	nil	zap-generated/MTRCommandPayloadsObjc.mm:5992
MTRNetworkCommissioningClusterNetworkConfigResponseParams	clientIdentity	nil	zap-generated/MTRCommandPayloadsObjc.mm:5994
MTRNetworkCommissioningClusterNetworkConfigResponseParams	possessionSignature	nil	zap-generated/MTRCommandPayloadsObjc.mm:5996
MTRNetworkCommissioningClusterNetworkConfigResponseParams	timedInvokeTimeoutMs	nil	zap-generated/MTRCommandPayloadsObjc.mm:5997
MTRNetworkCommissioningClusterConnectNetworkParams	networkID	[NSData data]	zap-generated/MTRCommandPayloadsObjc.mm:6123
MTRNetworkCommissioningClusterConnectNetworkParams	breadcrumb	nil	zap-generated/MTRCommandPayloadsObjc.mm:6125
MTRNetworkCommissioningClusterConnectNetworkParams	timedInvokeTimeoutMs	nil	zap-generated/MTRCommandPayloadsObjc.mm:6126
MTRNetworkCommissioningClusterConnectNetworkParams	serverSideProcessingTimeout	nil	zap-generated/MTRCommandPayloadsObjc.mm:6127
MTRNetworkCommissioningClusterConnectNetworkResponseParams	networkingStatus	@(0)	zap-generated/MTRCommandPayloadsObjc.mm:6211
MTRNetworkCommissioningClusterConnectNetworkResponseParams	debugText	nil	zap-generated/MTRCommandPayloadsObjc.mm:6213
MTRNetworkCommissioningClusterConnectNetworkResponseParams	errorValue	nil	zap-generated/MTRCommandPayloadsObjc.mm:6215
MTRNetworkCommissioningClusterConnectNetworkResponseParams	timedInvokeTimeoutMs	nil	zap-generated/MTRCommandPayloadsObjc.mm:6216
MTRNetworkCommissioningClusterReorderNetworkParams	networkID	[NSData data]	zap-generated/MTRCommandPayloadsObjc.mm:6326
MTRNetworkCommissioningClusterReorderNetworkParams	networkIndex	@(0)	zap-generated/MTRCommandPayloadsObjc.mm:6328
MTRNetworkCommissioningClusterReorderNetworkParams	breadcrumb	nil	zap-generated/MTRCommandPayloadsObjc.mm:6330
MTRNetworkCommissioningClusterReorderNetworkParams	timedInvokeTimeoutMs	nil	zap-generated/MTRCommandPayloadsObjc.mm:6331
MTRNetworkCommissioningClusterReorderNetworkParams	serverSideProcessingTimeout	nil	zap-generated/MTRCommandPayloadsObjc.mm:6332
MTRNetworkCommissioningClusterQueryIdentityParams	keyIdentifier	[NSData data]	zap-generated/MTRCommandPayloadsObjc.mm:6420
MTRNetworkCommissioningClusterQueryIdentityParams	possessionNonce	nil	zap-generated/MTRCommandPayloadsObjc.mm:6422
MTRNetworkCommissioningClusterQueryIdentityParams	timedInvokeTimeoutMs	nil	zap-generated/MTRCommandPayloadsObjc.mm:6423
MTRNetworkCommissioningClusterQueryIdentityParams	serverSideProcessingTimeout	nil	zap-generated/MTRCommandPayloadsObjc.mm:6424
MTRNetworkCommissioningClusterQueryIdentityResponseParams	identity	[NSData data]	zap-generated/MTRCommandPayloadsObjc.mm:6508
MTRNetworkCommissioningClusterQueryIdentityResponseParams	possessionSignature	nil	zap-generated/MTRCommandPayloadsObjc.mm:6510
MTRDiagnosticLogsClusterRetrieveLogsRequestParams	intent	@(0)	zap-generated/MTRCommandPayloadsObjc.mm:6607
MTRDiagnosticLogsClusterRetrieveLogsRequestParams	requestedProtocol	@(0)	zap-generated/MTRCommandPayloadsObjc.mm:6609
MTRDiagnosticLogsClusterRetrieveLogsRequestParams	transferFileDesignator	nil	zap-generated/MTRCommandPayloadsObjc.mm:6611
MTRDiagnosticLogsClusterRetrieveLogsRequestParams	timedInvokeTimeoutMs	nil	zap-generated/MTRCommandPayloadsObjc.mm:6612
MTRDiagnosticLogsClusterRetrieveLogsRequestParams	serverSideProcessingTimeout	nil	zap-generated/MTRCommandPayloadsObjc.mm:6613
MTRDiagnosticLogsClusterRetrieveLogsResponseParams	status	@(0)	zap-generated/MTRCommandPayloadsObjc.mm:6701
MTRDiagnosticLogsClusterRetrieveLogsResponseParams	logContent	[NSData data]	zap-generated/MTRCommandPayloadsObjc.mm:6703
MTRDiagnosticLogsClusterRetrieveLogsResponseParams	utcTimeStamp	nil	zap-generated/MTRCommandPayloadsObjc.mm:6705
MTRDiagnosticLogsClusterRetrieveLogsResponseParams	timeSinceBoot	nil	zap-generated/MTRCommandPayloadsObjc.mm:6707
MTRDiagnosticLogsClusterRetrieveLogsResponseParams	timedInvokeTimeoutMs	nil	zap-generated/MTRCommandPayloadsObjc.mm:6708
MTRGeneralDiagnosticsClusterTestEventTriggerParams	enableKey	[NSData data]	zap-generated/MTRCommandPayloadsObjc.mm:6840
MTRGeneralDiagnosticsClusterTestEventTriggerParams	eventTrigger	@(0)	zap-generated/MTRCommandPayloadsObjc.mm:6842
MTRGeneralDiagnosticsClusterTestEventTriggerParams	timedInvokeTimeoutMs	nil	zap-generated/MTRCommandPayloadsObjc.mm:6843
MTRGeneralDiagnosticsClusterTestEventTriggerParams	serverSideProcessingTimeout	nil	zap-generated/MTRCommandPayloadsObjc.mm:6844
MTRGeneralDiagnosticsClusterTimeSnapshotParams	timedInvokeTimeoutMs	nil	zap-generated/MTRCommandPayloadsObjc.mm:6924
MTRGeneralDiagnosticsClusterTimeSnapshotParams	serverSideProcessingTimeout	nil	zap-generated/MTRCommandPayloadsObjc.mm:6925
MTRGeneralDiagnosticsClusterTimeSnapshotResponseParams	systemTimeMs	@(0)	zap-generated/MTRCommandPayloadsObjc.mm:6998
MTRGeneralDiagnosticsClusterTimeSnapshotResponseParams	posixTimeMs	nil	zap-generated/MTRCommandPayloadsObjc.mm:7000
MTRGeneralDiagnosticsClusterPayloadTestRequestParams	enableKey	[NSData data]	zap-generated/MTRCommandPayloadsObjc.mm:7097
MTRGeneralDiagnosticsClusterPayloadTestRequestParams	value	@(0)	zap-generated/MTRCommandPayloadsObjc.mm:7099
MTRGeneralDiagnosticsClusterPayloadTestRequestParams	count	@(0)	zap-generated/MTRCommandPayloadsObjc.mm:7101
MTRGeneralDiagnosticsClusterPayloadTestRequestParams	timedInvokeTimeoutMs	nil	zap-generated/MTRCommandPayloadsObjc.mm:7102
MTRGeneralDiagnosticsClusterPayloadTestRequestParams	serverSideProcessingTimeout	nil	zap-generated/MTRCommandPayloadsObjc.mm:7103
MTRGeneralDiagnosticsClusterPayloadTestResponseParams	payload	[NSData data]	zap-generated/MTRCommandPayloadsObjc.mm:7188
MTRSoftwareDiagnosticsClusterResetWatermarksParams	timedInvokeTimeoutMs	nil	zap-generated/MTRCommandPayloadsObjc.mm:7276
MTRSoftwareDiagnosticsClusterResetWatermarksParams	serverSideProcessingTimeout	nil	zap-generated/MTRCommandPayloadsObjc.mm:7277
MTRThreadNetworkDiagnosticsClusterResetCountsParams	timedInvokeTimeoutMs	nil	zap-generated/MTRCommandPayloadsObjc.mm:7349
MTRThreadNetworkDiagnosticsClusterResetCountsParams	serverSideProcessingTimeout	nil	zap-generated/MTRCommandPayloadsObjc.mm:7350
MTRWiFiNetworkDiagnosticsClusterResetCountsParams	timedInvokeTimeoutMs	nil	zap-generated/MTRCommandPayloadsObjc.mm:7422
MTRWiFiNetworkDiagnosticsClusterResetCountsParams	serverSideProcessingTimeout	nil	zap-generated/MTRCommandPayloadsObjc.mm:7423
MTREthernetNetworkDiagnosticsClusterResetCountsParams	timedInvokeTimeoutMs	nil	zap-generated/MTRCommandPayloadsObjc.mm:7495
MTREthernetNetworkDiagnosticsClusterResetCountsParams	serverSideProcessingTimeout	nil	zap-generated/MTRCommandPayloadsObjc.mm:7496
MTRTimeSynchronizationClusterSetUTCTimeParams	utcTime	@(0)	zap-generated/MTRCommandPayloadsObjc.mm:7569
MTRTimeSynchronizationClusterSetUTCTimeParams	granularity	@(0)	zap-generated/MTRCommandPayloadsObjc.mm:7571
MTRTimeSynchronizationClusterSetUTCTimeParams	timeSource	nil	zap-generated/MTRCommandPayloadsObjc.mm:7573
MTRTimeSynchronizationClusterSetUTCTimeParams	timedInvokeTimeoutMs	nil	zap-generated/MTRCommandPayloadsObjc.mm:7574
MTRTimeSynchronizationClusterSetUTCTimeParams	serverSideProcessingTimeout	nil	zap-generated/MTRCommandPayloadsObjc.mm:7575
MTRTimeSynchronizationClusterSetTrustedTimeSourceParams	trustedTimeSource	nil	zap-generated/MTRCommandPayloadsObjc.mm:7671
MTRTimeSynchronizationClusterSetTrustedTimeSourceParams	timedInvokeTimeoutMs	nil	zap-generated/MTRCommandPayloadsObjc.mm:7672
MTRTimeSynchronizationClusterSetTrustedTimeSourceParams	serverSideProcessingTimeout	nil	zap-generated/MTRCommandPayloadsObjc.mm:7673
MTRTimeSynchronizationClusterSetTimeZoneParams	timeZone	[NSArray array]	zap-generated/MTRCommandPayloadsObjc.mm:7756
MTRTimeSynchronizationClusterSetTimeZoneParams	timedInvokeTimeoutMs	nil	zap-generated/MTRCommandPayloadsObjc.mm:7757
MTRTimeSynchronizationClusterSetTimeZoneParams	serverSideProcessingTimeout	nil	zap-generated/MTRCommandPayloadsObjc.mm:7758
MTRTimeSynchronizationClusterSetTimeZoneResponseParams	dstOffsetRequired	@(0)	zap-generated/MTRCommandPayloadsObjc.mm:7862
MTRTimeSynchronizationClusterSetDSTOffsetParams	dstOffset	[NSArray array]	zap-generated/MTRCommandPayloadsObjc.mm:7951
MTRTimeSynchronizationClusterSetDSTOffsetParams	timedInvokeTimeoutMs	nil	zap-generated/MTRCommandPayloadsObjc.mm:7952
MTRTimeSynchronizationClusterSetDSTOffsetParams	serverSideProcessingTimeout	nil	zap-generated/MTRCommandPayloadsObjc.mm:7953
MTRTimeSynchronizationClusterSetDefaultNTPParams	defaultNTP	nil	zap-generated/MTRCommandPayloadsObjc.mm:8059
MTRTimeSynchronizationClusterSetDefaultNTPParams	timedInvokeTimeoutMs	nil	zap-generated/MTRCommandPayloadsObjc.mm:8060
MTRTimeSynchronizationClusterSetDefaultNTPParams	serverSideProcessingTimeout	nil	zap-generated/MTRCommandPayloadsObjc.mm:8061
MTRBridgedDeviceBasicInformationClusterKeepActiveParams	stayActiveDuration	@(0)	zap-generated/MTRCommandPayloadsObjc.mm:8143
MTRBridgedDeviceBasicInformationClusterKeepActiveParams	timeoutMs	@(0)	zap-generated/MTRCommandPayloadsObjc.mm:8145
MTRBridgedDeviceBasicInformationClusterKeepActiveParams	timedInvokeTimeoutMs	nil	zap-generated/MTRCommandPayloadsObjc.mm:8146
MTRBridgedDeviceBasicInformationClusterKeepActiveParams	serverSideProcessingTimeout	nil	zap-generated/MTRCommandPayloadsObjc.mm:8147
MTRAdministratorCommissioningClusterOpenCommissioningWindowParams	commissioningTimeout	@(0)	zap-generated/MTRCommandPayloadsObjc.mm:8228
MTRAdministratorCommissioningClusterOpenCommissioningWindowParams	pakePasscodeVerifier	[NSData data]	zap-generated/MTRCommandPayloadsObjc.mm:8230
MTRAdministratorCommissioningClusterOpenCommissioningWindowParams	discriminator	@(0)	zap-generated/MTRCommandPayloadsObjc.mm:8232
MTRAdministratorCommissioningClusterOpenCommissioningWindowParams	iterations	@(0)	zap-generated/MTRCommandPayloadsObjc.mm:8234
MTRAdministratorCommissioningClusterOpenCommissioningWindowParams	salt	[NSData data]	zap-generated/MTRCommandPayloadsObjc.mm:8236
MTRAdministratorCommissioningClusterOpenCommissioningWindowParams	timedInvokeTimeoutMs	nil	zap-generated/MTRCommandPayloadsObjc.mm:8237
MTRAdministratorCommissioningClusterOpenCommissioningWindowParams	serverSideProcessingTimeout	nil	zap-generated/MTRCommandPayloadsObjc.mm:8238
MTRAdministratorCommissioningClusterOpenBasicCommissioningWindowParams	commissioningTimeout	@(0)	zap-generated/MTRCommandPayloadsObjc.mm:8343
MTRAdministratorCommissioningClusterOpenBasicCommissioningWindowParams	timedInvokeTimeoutMs	nil	zap-generated/MTRCommandPayloadsObjc.mm:8344
MTRAdministratorCommissioningClusterOpenBasicCommissioningWindowParams	serverSideProcessingTimeout	nil	zap-generated/MTRCommandPayloadsObjc.mm:8345
MTRAdministratorCommissioningClusterRevokeCommissioningParams	timedInvokeTimeoutMs	nil	zap-generated/MTRCommandPayloadsObjc.mm:8421
MTRAdministratorCommissioningClusterRevokeCommissioningParams	serverSideProcessingTimeout	nil	zap-generated/MTRCommandPayloadsObjc.mm:8422
MTROperationalCredentialsClusterAttestationRequestParams	attestationNonce	[NSData data]	zap-generated/MTRCommandPayloadsObjc.mm:8495
MTROperationalCredentialsClusterAttestationRequestParams	timedInvokeTimeoutMs	nil	zap-generated/MTRCommandPayloadsObjc.mm:8496
MTROperationalCredentialsClusterAttestationRequestParams	serverSideProcessingTimeout	nil	zap-generated/MTRCommandPayloadsObjc.mm:8497
MTROperationalCredentialsClusterAttestationResponseParams	attestationElements	[NSData data]	zap-generated/MTRCommandPayloadsObjc.mm:8574
MTROperationalCredentialsClusterAttestationResponseParams	attestationSignature	[NSData data]	zap-generated/MTRCommandPayloadsObjc.mm:8576
MTROperationalCredentialsClusterAttestationResponseParams	timedInvokeTimeoutMs	nil	zap-generated/MTRCommandPayloadsObjc.mm:8577
MTROperationalCredentialsClusterCertificateChainRequestParams	certificateType	@(0)	zap-generated/MTRCommandPayloadsObjc.mm:8756
MTROperationalCredentialsClusterCertificateChainRequestParams	cryptoProfile	nil	zap-generated/MTRCommandPayloadsObjc.mm:8758
MTROperationalCredentialsClusterCertificateChainRequestParams	segmentID	nil	zap-generated/MTRCommandPayloadsObjc.mm:8760
MTROperationalCredentialsClusterCertificateChainRequestParams	maxSegmentSize	nil	zap-generated/MTRCommandPayloadsObjc.mm:8762
MTROperationalCredentialsClusterCertificateChainRequestParams	timedInvokeTimeoutMs	nil	zap-generated/MTRCommandPayloadsObjc.mm:8763
MTROperationalCredentialsClusterCertificateChainRequestParams	serverSideProcessingTimeout	nil	zap-generated/MTRCommandPayloadsObjc.mm:8764
MTROperationalCredentialsClusterCertificateChainResponseParams	certificate	[NSData data]	zap-generated/MTRCommandPayloadsObjc.mm:8862
MTROperationalCredentialsClusterCertificateChainResponseParams	totalDocumentSize	nil	zap-generated/MTRCommandPayloadsObjc.mm:8864
MTROperationalCredentialsClusterCertificateChainResponseParams	nextSegmentID	nil	zap-generated/MTRCommandPayloadsObjc.mm:8866
MTROperationalCredentialsClusterCertificateChainResponseParams	timedInvokeTimeoutMs	nil	zap-generated/MTRCommandPayloadsObjc.mm:8867
MTROperationalCredentialsClusterCSRRequestParams	csrNonce	[NSData data]	zap-generated/MTRCommandPayloadsObjc.mm:8973
MTROperationalCredentialsClusterCSRRequestParams	isForUpdateNOC	nil	zap-generated/MTRCommandPayloadsObjc.mm:8975
MTROperationalCredentialsClusterCSRRequestParams	timedInvokeTimeoutMs	nil	zap-generated/MTRCommandPayloadsObjc.mm:8976
MTROperationalCredentialsClusterCSRRequestParams	serverSideProcessingTimeout	nil	zap-generated/MTRCommandPayloadsObjc.mm:8977
MTROperationalCredentialsClusterCSRResponseParams	nocsrElements	[NSData data]	zap-generated/MTRCommandPayloadsObjc.mm:9061
MTROperationalCredentialsClusterCSRResponseParams	attestationSignature	[NSData data]	zap-generated/MTRCommandPayloadsObjc.mm:9063
MTROperationalCredentialsClusterCSRResponseParams	timedInvokeTimeoutMs	nil	zap-generated/MTRCommandPayloadsObjc.mm:9064
MTROperationalCredentialsClusterAddNOCParams	nocValue	[NSData data]	zap-generated/MTRCommandPayloadsObjc.mm:9158
MTROperationalCredentialsClusterAddNOCParams	icacValue	nil	zap-generated/MTRCommandPayloadsObjc.mm:9160
MTROperationalCredentialsClusterAddNOCParams	ipkValue	[NSData data]	zap-generated/MTRCommandPayloadsObjc.mm:9162
MTROperationalCredentialsClusterAddNOCParams	caseAdminSubject	@(0)	zap-generated/MTRCommandPayloadsObjc.mm:9164
MTROperationalCredentialsClusterAddNOCParams	adminVendorId	@(0)	zap-generated/MTRCommandPayloadsObjc.mm:9166
MTROperationalCredentialsClusterAddNOCParams	timedInvokeTimeoutMs	nil	zap-generated/MTRCommandPayloadsObjc.mm:9167
MTROperationalCredentialsClusterAddNOCParams	serverSideProcessingTimeout	nil	zap-generated/MTRCommandPayloadsObjc.mm:9168
MTROperationalCredentialsClusterUpdateNOCParams	nocValue	[NSData data]	zap-generated/MTRCommandPayloadsObjc.mm:9264
MTROperationalCredentialsClusterUpdateNOCParams	icacValue	nil	zap-generated/MTRCommandPayloadsObjc.mm:9266
MTROperationalCredentialsClusterUpdateNOCParams	timedInvokeTimeoutMs	nil	zap-generated/MTRCommandPayloadsObjc.mm:9267
MTROperationalCredentialsClusterUpdateNOCParams	serverSideProcessingTimeout	nil	zap-generated/MTRCommandPayloadsObjc.mm:9268
MTROperationalCredentialsClusterNOCResponseParams	statusCode	@(0)	zap-generated/MTRCommandPayloadsObjc.mm:9352
MTROperationalCredentialsClusterNOCResponseParams	fabricIndex	nil	zap-generated/MTRCommandPayloadsObjc.mm:9354
MTROperationalCredentialsClusterNOCResponseParams	debugText	nil	zap-generated/MTRCommandPayloadsObjc.mm:9356
MTROperationalCredentialsClusterNOCResponseParams	timedInvokeTimeoutMs	nil	zap-generated/MTRCommandPayloadsObjc.mm:9357
MTROperationalCredentialsClusterUpdateFabricLabelParams	label	@""	zap-generated/MTRCommandPayloadsObjc.mm:9467
MTROperationalCredentialsClusterUpdateFabricLabelParams	timedInvokeTimeoutMs	nil	zap-generated/MTRCommandPayloadsObjc.mm:9468
MTROperationalCredentialsClusterUpdateFabricLabelParams	serverSideProcessingTimeout	nil	zap-generated/MTRCommandPayloadsObjc.mm:9469
MTROperationalCredentialsClusterRemoveFabricParams	fabricIndex	@(0)	zap-generated/MTRCommandPayloadsObjc.mm:9546
MTROperationalCredentialsClusterRemoveFabricParams	timedInvokeTimeoutMs	nil	zap-generated/MTRCommandPayloadsObjc.mm:9547
MTROperationalCredentialsClusterRemoveFabricParams	serverSideProcessingTimeout	nil	zap-generated/MTRCommandPayloadsObjc.mm:9548
MTROperationalCredentialsClusterAddTrustedRootCertificateParams	rootCACertificate	[NSData data]	zap-generated/MTRCommandPayloadsObjc.mm:9625
MTROperationalCredentialsClusterAddTrustedRootCertificateParams	timedInvokeTimeoutMs	nil	zap-generated/MTRCommandPayloadsObjc.mm:9626
MTROperationalCredentialsClusterAddTrustedRootCertificateParams	serverSideProcessingTimeout	nil	zap-generated/MTRCommandPayloadsObjc.mm:9627
MTROperationalCredentialsClusterSetVIDVerificationStatementParams	vendorID	nil	zap-generated/MTRCommandPayloadsObjc.mm:9716
MTROperationalCredentialsClusterSetVIDVerificationStatementParams	vidVerificationStatement	nil	zap-generated/MTRCommandPayloadsObjc.mm:9718
MTROperationalCredentialsClusterSetVIDVerificationStatementParams	vvsc	nil	zap-generated/MTRCommandPayloadsObjc.mm:9720
MTROperationalCredentialsClusterSetVIDVerificationStatementParams	timedInvokeTimeoutMs	nil	zap-generated/MTRCommandPayloadsObjc.mm:9721
MTROperationalCredentialsClusterSetVIDVerificationStatementParams	serverSideProcessingTimeout	nil	zap-generated/MTRCommandPayloadsObjc.mm:9722
MTROperationalCredentialsClusterSignVIDVerificationRequestParams	fabricIndex	@(0)	zap-generated/MTRCommandPayloadsObjc.mm:9816
MTROperationalCredentialsClusterSignVIDVerificationRequestParams	clientChallenge	[NSData data]	zap-generated/MTRCommandPayloadsObjc.mm:9818
MTROperationalCredentialsClusterSignVIDVerificationRequestParams	timedInvokeTimeoutMs	nil	zap-generated/MTRCommandPayloadsObjc.mm:9819
MTROperationalCredentialsClusterSignVIDVerificationRequestParams	serverSideProcessingTimeout	nil	zap-generated/MTRCommandPayloadsObjc.mm:9820
MTROperationalCredentialsClusterSignVIDVerificationResponseParams	fabricIndex	@(0)	zap-generated/MTRCommandPayloadsObjc.mm:9901
MTROperationalCredentialsClusterSignVIDVerificationResponseParams	fabricBindingVersion	@(0)	zap-generated/MTRCommandPayloadsObjc.mm:9903
MTROperationalCredentialsClusterSignVIDVerificationResponseParams	signature	[NSData data]	zap-generated/MTRCommandPayloadsObjc.mm:9905
MTRGroupKeyManagementClusterKeySetWriteParams	groupKeySet	[MTRGroupKeyManagementClusterGroupKeySetStruct new]	zap-generated/MTRCommandPayloadsObjc.mm:10002
MTRGroupKeyManagementClusterKeySetWriteParams	timedInvokeTimeoutMs	nil	zap-generated/MTRCommandPayloadsObjc.mm:10003
MTRGroupKeyManagementClusterKeySetWriteParams	serverSideProcessingTimeout	nil	zap-generated/MTRCommandPayloadsObjc.mm:10004
MTRGroupKeyManagementClusterKeySetReadParams	groupKeySetID	@(0)	zap-generated/MTRCommandPayloadsObjc.mm:10118
MTRGroupKeyManagementClusterKeySetReadParams	timedInvokeTimeoutMs	nil	zap-generated/MTRCommandPayloadsObjc.mm:10119
MTRGroupKeyManagementClusterKeySetReadParams	serverSideProcessingTimeout	nil	zap-generated/MTRCommandPayloadsObjc.mm:10120
MTRGroupKeyManagementClusterKeySetReadResponseParams	groupKeySet	[MTRGroupKeyManagementClusterGroupKeySetStruct new]	zap-generated/MTRCommandPayloadsObjc.mm:10197
MTRGroupKeyManagementClusterKeySetReadResponseParams	timedInvokeTimeoutMs	nil	zap-generated/MTRCommandPayloadsObjc.mm:10198
MTRGroupKeyManagementClusterKeySetRemoveParams	groupKeySetID	@(0)	zap-generated/MTRCommandPayloadsObjc.mm:10320
MTRGroupKeyManagementClusterKeySetRemoveParams	timedInvokeTimeoutMs	nil	zap-generated/MTRCommandPayloadsObjc.mm:10321
MTRGroupKeyManagementClusterKeySetRemoveParams	serverSideProcessingTimeout	nil	zap-generated/MTRCommandPayloadsObjc.mm:10322
MTRGroupKeyManagementClusterKeySetReadAllIndicesParams	timedInvokeTimeoutMs	nil	zap-generated/MTRCommandPayloadsObjc.mm:10398
MTRGroupKeyManagementClusterKeySetReadAllIndicesParams	serverSideProcessingTimeout	nil	zap-generated/MTRCommandPayloadsObjc.mm:10399
MTRGroupKeyManagementClusterKeySetReadAllIndicesResponseParams	groupKeySetIDs	[NSArray array]	zap-generated/MTRCommandPayloadsObjc.mm:10472
MTRGroupKeyManagementClusterKeySetReadAllIndicesResponseParams	timedInvokeTimeoutMs	nil	zap-generated/MTRCommandPayloadsObjc.mm:10473
MTRICDManagementClusterRegisterClientParams	checkInNodeID	@(0)	zap-generated/MTRCommandPayloadsObjc.mm:10577
MTRICDManagementClusterRegisterClientParams	monitoredSubject	@(0)	zap-generated/MTRCommandPayloadsObjc.mm:10579
MTRICDManagementClusterRegisterClientParams	key	[NSData data]	zap-generated/MTRCommandPayloadsObjc.mm:10581
MTRICDManagementClusterRegisterClientParams	verificationKey	nil	zap-generated/MTRCommandPayloadsObjc.mm:10583
MTRICDManagementClusterRegisterClientParams	clientType	@(0)	zap-generated/MTRCommandPayloadsObjc.mm:10585
MTRICDManagementClusterRegisterClientParams	timedInvokeTimeoutMs	nil	zap-generated/MTRCommandPayloadsObjc.mm:10586
MTRICDManagementClusterRegisterClientParams	serverSideProcessingTimeout	nil	zap-generated/MTRCommandPayloadsObjc.mm:10587
MTRICDManagementClusterRegisterClientResponseParams	icdCounter	@(0)	zap-generated/MTRCommandPayloadsObjc.mm:10683
MTRICDManagementClusterUnregisterClientParams	checkInNodeID	@(0)	zap-generated/MTRCommandPayloadsObjc.mm:10772
MTRICDManagementClusterUnregisterClientParams	verificationKey	nil	zap-generated/MTRCommandPayloadsObjc.mm:10774
MTRICDManagementClusterUnregisterClientParams	timedInvokeTimeoutMs	nil	zap-generated/MTRCommandPayloadsObjc.mm:10775
MTRICDManagementClusterUnregisterClientParams	serverSideProcessingTimeout	nil	zap-generated/MTRCommandPayloadsObjc.mm:10776
MTRICDManagementClusterStayActiveRequestParams	stayActiveDuration	@(0)	zap-generated/MTRCommandPayloadsObjc.mm:10860
MTRICDManagementClusterStayActiveRequestParams	timedInvokeTimeoutMs	nil	zap-generated/MTRCommandPayloadsObjc.mm:10861
MTRICDManagementClusterStayActiveRequestParams	serverSideProcessingTimeout	nil	zap-generated/MTRCommandPayloadsObjc.mm:10862
MTRICDManagementClusterStayActiveResponseParams	promisedActiveDuration	@(0)	zap-generated/MTRCommandPayloadsObjc.mm:10939
MTROvenCavityOperationalStateClusterStopParams	timedInvokeTimeoutMs	nil	zap-generated/MTRCommandPayloadsObjc.mm:11027
MTROvenCavityOperationalStateClusterStopParams	serverSideProcessingTimeout	nil	zap-generated/MTRCommandPayloadsObjc.mm:11028
MTROvenCavityOperationalStateClusterStartParams	timedInvokeTimeoutMs	nil	zap-generated/MTRCommandPayloadsObjc.mm:11100
MTROvenCavityOperationalStateClusterStartParams	serverSideProcessingTimeout	nil	zap-generated/MTRCommandPayloadsObjc.mm:11101
MTROvenCavityOperationalStateClusterOperationalCommandResponseParams	commandResponseState	[MTROvenCavityOperationalStateClusterErrorStateStruct new]	zap-generated/MTRCommandPayloadsObjc.mm:11174
MTROvenModeClusterChangeToModeParams	newMode	@(0)	zap-generated/MTRCommandPayloadsObjc.mm:11282
MTROvenModeClusterChangeToModeParams	timedInvokeTimeoutMs	nil	zap-generated/MTRCommandPayloadsObjc.mm:11283
MTROvenModeClusterChangeToModeParams	serverSideProcessingTimeout	nil	zap-generated/MTRCommandPayloadsObjc.mm:11284
MTROvenModeClusterChangeToModeResponseParams	status	@(0)	zap-generated/MTRCommandPayloadsObjc.mm:11361
MTROvenModeClusterChangeToModeResponseParams	statusText	nil	zap-generated/MTRCommandPayloadsObjc.mm:11363
MTROvenModeClusterChangeToModeByCoreTagParams	newModeTag	@(0)	zap-generated/MTRCommandPayloadsObjc.mm:11464
MTROvenModeClusterChangeToModeByCoreTagParams	timedInvokeTimeoutMs	nil	zap-generated/MTRCommandPayloadsObjc.mm:11465
MTROvenModeClusterChangeToModeByCoreTagParams	serverSideProcessingTimeout	nil	zap-generated/MTRCommandPayloadsObjc.mm:11466
MTRModeSelectClusterChangeToModeParams	newMode	@(0)	zap-generated/MTRCommandPayloadsObjc.mm:11543
MTRModeSelectClusterChangeToModeParams	timedInvokeTimeoutMs	nil	zap-generated/MTRCommandPayloadsObjc.mm:11544
MTRModeSelectClusterChangeToModeParams	serverSideProcessingTimeout	nil	zap-generated/MTRCommandPayloadsObjc.mm:11545
MTRLaundryWasherModeClusterChangeToModeParams	newMode	@(0)	zap-generated/MTRCommandPayloadsObjc.mm:11622
MTRLaundryWasherModeClusterChangeToModeParams	timedInvokeTimeoutMs	nil	zap-generated/MTRCommandPayloadsObjc.mm:11623
MTRLaundryWasherModeClusterChangeToModeParams	serverSideProcessingTimeout	nil	zap-generated/MTRCommandPayloadsObjc.mm:11624
MTRLaundryWasherModeClusterChangeToModeResponseParams	status	@(0)	zap-generated/MTRCommandPayloadsObjc.mm:11701
MTRLaundryWasherModeClusterChangeToModeResponseParams	statusText	nil	zap-generated/MTRCommandPayloadsObjc.mm:11703
MTRLaundryWasherModeClusterChangeToModeByCoreTagParams	newModeTag	@(0)	zap-generated/MTRCommandPayloadsObjc.mm:11804
MTRLaundryWasherModeClusterChangeToModeByCoreTagParams	timedInvokeTimeoutMs	nil	zap-generated/MTRCommandPayloadsObjc.mm:11805
MTRLaundryWasherModeClusterChangeToModeByCoreTagParams	serverSideProcessingTimeout	nil	zap-generated/MTRCommandPayloadsObjc.mm:11806
MTRRefrigeratorAndTemperatureControlledCabinetModeClusterChangeToModeParams	newMode	@(0)	zap-generated/MTRCommandPayloadsObjc.mm:11883
MTRRefrigeratorAndTemperatureControlledCabinetModeClusterChangeToModeParams	timedInvokeTimeoutMs	nil	zap-generated/MTRCommandPayloadsObjc.mm:11884
MTRRefrigeratorAndTemperatureControlledCabinetModeClusterChangeToModeParams	serverSideProcessingTimeout	nil	zap-generated/MTRCommandPayloadsObjc.mm:11885
MTRRefrigeratorAndTemperatureControlledCabinetModeClusterChangeToModeResponseParams	status	@(0)	zap-generated/MTRCommandPayloadsObjc.mm:11962
MTRRefrigeratorAndTemperatureControlledCabinetModeClusterChangeToModeResponseParams	statusText	nil	zap-generated/MTRCommandPayloadsObjc.mm:11964
MTRRefrigeratorAndTemperatureControlledCabinetModeClusterChangeToModeByCoreTagParams	newModeTag	@(0)	zap-generated/MTRCommandPayloadsObjc.mm:12065
MTRRefrigeratorAndTemperatureControlledCabinetModeClusterChangeToModeByCoreTagParams	timedInvokeTimeoutMs	nil	zap-generated/MTRCommandPayloadsObjc.mm:12066
MTRRefrigeratorAndTemperatureControlledCabinetModeClusterChangeToModeByCoreTagParams	serverSideProcessingTimeout	nil	zap-generated/MTRCommandPayloadsObjc.mm:12067
MTRRVCRunModeClusterChangeToModeParams	newMode	@(0)	zap-generated/MTRCommandPayloadsObjc.mm:12144
MTRRVCRunModeClusterChangeToModeParams	timedInvokeTimeoutMs	nil	zap-generated/MTRCommandPayloadsObjc.mm:12145
MTRRVCRunModeClusterChangeToModeParams	serverSideProcessingTimeout	nil	zap-generated/MTRCommandPayloadsObjc.mm:12146
MTRRVCRunModeClusterChangeToModeResponseParams	status	@(0)	zap-generated/MTRCommandPayloadsObjc.mm:12223
MTRRVCRunModeClusterChangeToModeResponseParams	statusText	nil	zap-generated/MTRCommandPayloadsObjc.mm:12225
MTRRVCRunModeClusterChangeToModeByCoreTagParams	newModeTag	@(0)	zap-generated/MTRCommandPayloadsObjc.mm:12326
MTRRVCRunModeClusterChangeToModeByCoreTagParams	timedInvokeTimeoutMs	nil	zap-generated/MTRCommandPayloadsObjc.mm:12327
MTRRVCRunModeClusterChangeToModeByCoreTagParams	serverSideProcessingTimeout	nil	zap-generated/MTRCommandPayloadsObjc.mm:12328
MTRRVCCleanModeClusterChangeToModeParams	newMode	@(0)	zap-generated/MTRCommandPayloadsObjc.mm:12405
MTRRVCCleanModeClusterChangeToModeParams	timedInvokeTimeoutMs	nil	zap-generated/MTRCommandPayloadsObjc.mm:12406
MTRRVCCleanModeClusterChangeToModeParams	serverSideProcessingTimeout	nil	zap-generated/MTRCommandPayloadsObjc.mm:12407
MTRRVCCleanModeClusterChangeToModeResponseParams	status	@(0)	zap-generated/MTRCommandPayloadsObjc.mm:12484
MTRRVCCleanModeClusterChangeToModeResponseParams	statusText	nil	zap-generated/MTRCommandPayloadsObjc.mm:12486
MTRRVCCleanModeClusterChangeToModeByCoreTagParams	newModeTag	@(0)	zap-generated/MTRCommandPayloadsObjc.mm:12587
MTRRVCCleanModeClusterChangeToModeByCoreTagParams	timedInvokeTimeoutMs	nil	zap-generated/MTRCommandPayloadsObjc.mm:12588
MTRRVCCleanModeClusterChangeToModeByCoreTagParams	serverSideProcessingTimeout	nil	zap-generated/MTRCommandPayloadsObjc.mm:12589
MTRTemperatureControlClusterSetTemperatureParams	targetTemperature	nil	zap-generated/MTRCommandPayloadsObjc.mm:12666
MTRTemperatureControlClusterSetTemperatureParams	targetTemperatureLevel	nil	zap-generated/MTRCommandPayloadsObjc.mm:12668
MTRTemperatureControlClusterSetTemperatureParams	timedInvokeTimeoutMs	nil	zap-generated/MTRCommandPayloadsObjc.mm:12669
MTRTemperatureControlClusterSetTemperatureParams	serverSideProcessingTimeout	nil	zap-generated/MTRCommandPayloadsObjc.mm:12670
MTRDishwasherModeClusterChangeToModeParams	newMode	@(0)	zap-generated/MTRCommandPayloadsObjc.mm:12757
MTRDishwasherModeClusterChangeToModeParams	timedInvokeTimeoutMs	nil	zap-generated/MTRCommandPayloadsObjc.mm:12758
MTRDishwasherModeClusterChangeToModeParams	serverSideProcessingTimeout	nil	zap-generated/MTRCommandPayloadsObjc.mm:12759
MTRDishwasherModeClusterChangeToModeResponseParams	status	@(0)	zap-generated/MTRCommandPayloadsObjc.mm:12836
MTRDishwasherModeClusterChangeToModeResponseParams	statusText	nil	zap-generated/MTRCommandPayloadsObjc.mm:12838
MTRDishwasherModeClusterChangeToModeByCoreTagParams	newModeTag	@(0)	zap-generated/MTRCommandPayloadsObjc.mm:12939
MTRDishwasherModeClusterChangeToModeByCoreTagParams	timedInvokeTimeoutMs	nil	zap-generated/MTRCommandPayloadsObjc.mm:12940
MTRDishwasherModeClusterChangeToModeByCoreTagParams	serverSideProcessingTimeout	nil	zap-generated/MTRCommandPayloadsObjc.mm:12941
MTRSmokeCOAlarmClusterSelfTestRequestParams	timedInvokeTimeoutMs	nil	zap-generated/MTRCommandPayloadsObjc.mm:13017
MTRSmokeCOAlarmClusterSelfTestRequestParams	serverSideProcessingTimeout	nil	zap-generated/MTRCommandPayloadsObjc.mm:13018
MTRDishwasherAlarmClusterResetParams	alarms	@(0)	zap-generated/MTRCommandPayloadsObjc.mm:13091
MTRDishwasherAlarmClusterResetParams	timedInvokeTimeoutMs	nil	zap-generated/MTRCommandPayloadsObjc.mm:13092
MTRDishwasherAlarmClusterResetParams	serverSideProcessingTimeout	nil	zap-generated/MTRCommandPayloadsObjc.mm:13093
MTRDishwasherAlarmClusterModifyEnabledAlarmsParams	mask	@(0)	zap-generated/MTRCommandPayloadsObjc.mm:13170
MTRDishwasherAlarmClusterModifyEnabledAlarmsParams	timedInvokeTimeoutMs	nil	zap-generated/MTRCommandPayloadsObjc.mm:13171
MTRDishwasherAlarmClusterModifyEnabledAlarmsParams	serverSideProcessingTimeout	nil	zap-generated/MTRCommandPayloadsObjc.mm:13172
MTRMicrowaveOvenControlClusterSetCookingParametersParams	cookMode	nil	zap-generated/MTRCommandPayloadsObjc.mm:13249
MTRMicrowaveOvenControlClusterSetCookingParametersParams	cookTime	nil	zap-generated/MTRCommandPayloadsObjc.mm:13251
MTRMicrowaveOvenControlClusterSetCookingParametersParams	powerSetting	nil	zap-generated/MTRCommandPayloadsObjc.mm:13253
MTRMicrowaveOvenControlClusterSetCookingParametersParams	wattSettingIndex	nil	zap-generated/MTRCommandPayloadsObjc.mm:13255
MTRMicrowaveOvenControlClusterSetCookingParametersParams	startAfterSetting	nil	zap-generated/MTRCommandPayloadsObjc.mm:13257
MTRMicrowaveOvenControlClusterSetCookingParametersParams	timedInvokeTimeoutMs	nil	zap-generated/MTRCommandPayloadsObjc.mm:13258
MTRMicrowaveOvenControlClusterSetCookingParametersParams	serverSideProcessingTimeout	nil	zap-generated/MTRCommandPayloadsObjc.mm:13259
MTRMicrowaveOvenControlClusterAddMoreTimeParams	timeToAdd	@(0)	zap-generated/MTRCommandPayloadsObjc.mm:13367
MTRMicrowaveOvenControlClusterAddMoreTimeParams	timedInvokeTimeoutMs	nil	zap-generated/MTRCommandPayloadsObjc.mm:13368
MTRMicrowaveOvenControlClusterAddMoreTimeParams	serverSideProcessingTimeout	nil	zap-generated/MTRCommandPayloadsObjc.mm:13369
MTROperationalStateClusterPauseParams	timedInvokeTimeoutMs	nil	zap-generated/MTRCommandPayloadsObjc.mm:13445
MTROperationalStateClusterPauseParams	serverSideProcessingTimeout	nil	zap-generated/MTRCommandPayloadsObjc.mm:13446
MTROperationalStateClusterStopParams	timedInvokeTimeoutMs	nil	zap-generated/MTRCommandPayloadsObjc.mm:13518
MTROperationalStateClusterStopParams	serverSideProcessingTimeout	nil	zap-generated/MTRCommandPayloadsObjc.mm:13519
MTROperationalStateClusterStartParams	timedInvokeTimeoutMs	nil	zap-generated/MTRCommandPayloadsObjc.mm:13591
MTROperationalStateClusterStartParams	serverSideProcessingTimeout	nil	zap-generated/MTRCommandPayloadsObjc.mm:13592
MTROperationalStateClusterResumeParams	timedInvokeTimeoutMs	nil	zap-generated/MTRCommandPayloadsObjc.mm:13664
MTROperationalStateClusterResumeParams	serverSideProcessingTimeout	nil	zap-generated/MTRCommandPayloadsObjc.mm:13665
MTROperationalStateClusterOperationalCommandResponseParams	commandResponseState	[MTROperationalStateClusterErrorStateStruct new]	zap-generated/MTRCommandPayloadsObjc.mm:13738
MTRRVCOperationalStateClusterPauseParams	timedInvokeTimeoutMs	nil	zap-generated/MTRCommandPayloadsObjc.mm:13845
MTRRVCOperationalStateClusterPauseParams	serverSideProcessingTimeout	nil	zap-generated/MTRCommandPayloadsObjc.mm:13846
MTRRVCOperationalStateClusterResumeParams	timedInvokeTimeoutMs	nil	zap-generated/MTRCommandPayloadsObjc.mm:13918
MTRRVCOperationalStateClusterResumeParams	serverSideProcessingTimeout	nil	zap-generated/MTRCommandPayloadsObjc.mm:13919
MTRRVCOperationalStateClusterOperationalCommandResponseParams	commandResponseState	[MTRRVCOperationalStateClusterErrorStateStruct new]	zap-generated/MTRCommandPayloadsObjc.mm:13992
MTRRVCOperationalStateClusterGoHomeParams	timedInvokeTimeoutMs	nil	zap-generated/MTRCommandPayloadsObjc.mm:14099
MTRRVCOperationalStateClusterGoHomeParams	serverSideProcessingTimeout	nil	zap-generated/MTRCommandPayloadsObjc.mm:14100
MTRScenesManagementClusterAddSceneParams	groupID	@(0)	zap-generated/MTRCommandPayloadsObjc.mm:14173
MTRScenesManagementClusterAddSceneParams	sceneID	@(0)	zap-generated/MTRCommandPayloadsObjc.mm:14175
MTRScenesManagementClusterAddSceneParams	transitionTime	@(0)	zap-generated/MTRCommandPayloadsObjc.mm:14177
MTRScenesManagementClusterAddSceneParams	sceneName	@""	zap-generated/MTRCommandPayloadsObjc.mm:14179
MTRScenesManagementClusterAddSceneParams	extensionFieldSetStructs	[NSArray array]	zap-generated/MTRCommandPayloadsObjc.mm:14181
MTRScenesManagementClusterAddSceneParams	timedInvokeTimeoutMs	nil	zap-generated/MTRCommandPayloadsObjc.mm:14182
MTRScenesManagementClusterAddSceneParams	serverSideProcessingTimeout	nil	zap-generated/MTRCommandPayloadsObjc.mm:14183
MTRScenesManagementClusterAddSceneResponseParams	status	@(0)	zap-generated/MTRCommandPayloadsObjc.mm:14353
MTRScenesManagementClusterAddSceneResponseParams	groupID	@(0)	zap-generated/MTRCommandPayloadsObjc.mm:14355
MTRScenesManagementClusterAddSceneResponseParams	sceneID	@(0)	zap-generated/MTRCommandPayloadsObjc.mm:14357
MTRScenesManagementClusterViewSceneParams	groupID	@(0)	zap-generated/MTRCommandPayloadsObjc.mm:14454
MTRScenesManagementClusterViewSceneParams	sceneID	@(0)	zap-generated/MTRCommandPayloadsObjc.mm:14456
MTRScenesManagementClusterViewSceneParams	timedInvokeTimeoutMs	nil	zap-generated/MTRCommandPayloadsObjc.mm:14457
MTRScenesManagementClusterViewSceneParams	serverSideProcessingTimeout	nil	zap-generated/MTRCommandPayloadsObjc.mm:14458
MTRScenesManagementClusterViewSceneResponseParams	status	@(0)	zap-generated/MTRCommandPayloadsObjc.mm:14539
MTRScenesManagementClusterViewSceneResponseParams	groupID	@(0)	zap-generated/MTRCommandPayloadsObjc.mm:14541
MTRScenesManagementClusterViewSceneResponseParams	sceneID	@(0)	zap-generated/MTRCommandPayloadsObjc.mm:14543
MTRScenesManagementClusterViewSceneResponseParams	transitionTime	nil	zap-generated/MTRCommandPayloadsObjc.mm:14545
MTRScenesManagementClusterViewSceneResponseParams	sceneName	nil	zap-generated/MTRCommandPayloadsObjc.mm:14547
MTRScenesManagementClusterViewSceneResponseParams	extensionFieldSetStructs	nil	zap-generated/MTRCommandPayloadsObjc.mm:14549
MTRScenesManagementClusterRemoveSceneParams	groupID	@(0)	zap-generated/MTRCommandPayloadsObjc.mm:14745
MTRScenesManagementClusterRemoveSceneParams	sceneID	@(0)	zap-generated/MTRCommandPayloadsObjc.mm:14747
MTRScenesManagementClusterRemoveSceneParams	timedInvokeTimeoutMs	nil	zap-generated/MTRCommandPayloadsObjc.mm:14748
MTRScenesManagementClusterRemoveSceneParams	serverSideProcessingTimeout	nil	zap-generated/MTRCommandPayloadsObjc.mm:14749
MTRScenesManagementClusterRemoveSceneResponseParams	status	@(0)	zap-generated/MTRCommandPayloadsObjc.mm:14830
MTRScenesManagementClusterRemoveSceneResponseParams	groupID	@(0)	zap-generated/MTRCommandPayloadsObjc.mm:14832
MTRScenesManagementClusterRemoveSceneResponseParams	sceneID	@(0)	zap-generated/MTRCommandPayloadsObjc.mm:14834
MTRScenesManagementClusterRemoveAllScenesParams	groupID	@(0)	zap-generated/MTRCommandPayloadsObjc.mm:14931
MTRScenesManagementClusterRemoveAllScenesParams	timedInvokeTimeoutMs	nil	zap-generated/MTRCommandPayloadsObjc.mm:14932
MTRScenesManagementClusterRemoveAllScenesParams	serverSideProcessingTimeout	nil	zap-generated/MTRCommandPayloadsObjc.mm:14933
MTRScenesManagementClusterRemoveAllScenesResponseParams	status	@(0)	zap-generated/MTRCommandPayloadsObjc.mm:15010
MTRScenesManagementClusterRemoveAllScenesResponseParams	groupID	@(0)	zap-generated/MTRCommandPayloadsObjc.mm:15012
MTRScenesManagementClusterStoreSceneParams	groupID	@(0)	zap-generated/MTRCommandPayloadsObjc.mm:15105
MTRScenesManagementClusterStoreSceneParams	sceneID	@(0)	zap-generated/MTRCommandPayloadsObjc.mm:15107
MTRScenesManagementClusterStoreSceneParams	timedInvokeTimeoutMs	nil	zap-generated/MTRCommandPayloadsObjc.mm:15108
MTRScenesManagementClusterStoreSceneParams	serverSideProcessingTimeout	nil	zap-generated/MTRCommandPayloadsObjc.mm:15109
MTRScenesManagementClusterStoreSceneResponseParams	status	@(0)	zap-generated/MTRCommandPayloadsObjc.mm:15190
MTRScenesManagementClusterStoreSceneResponseParams	groupID	@(0)	zap-generated/MTRCommandPayloadsObjc.mm:15192
MTRScenesManagementClusterStoreSceneResponseParams	sceneID	@(0)	zap-generated/MTRCommandPayloadsObjc.mm:15194
MTRScenesManagementClusterRecallSceneParams	groupID	@(0)	zap-generated/MTRCommandPayloadsObjc.mm:15291
MTRScenesManagementClusterRecallSceneParams	sceneID	@(0)	zap-generated/MTRCommandPayloadsObjc.mm:15293
MTRScenesManagementClusterRecallSceneParams	transitionTime	nil	zap-generated/MTRCommandPayloadsObjc.mm:15295
MTRScenesManagementClusterRecallSceneParams	timedInvokeTimeoutMs	nil	zap-generated/MTRCommandPayloadsObjc.mm:15296
MTRScenesManagementClusterRecallSceneParams	serverSideProcessingTimeout	nil	zap-generated/MTRCommandPayloadsObjc.mm:15297
MTRScenesManagementClusterGetSceneMembershipParams	groupID	@(0)	zap-generated/MTRCommandPayloadsObjc.mm:15390
MTRScenesManagementClusterGetSceneMembershipParams	timedInvokeTimeoutMs	nil	zap-generated/MTRCommandPayloadsObjc.mm:15391
MTRScenesManagementClusterGetSceneMembershipParams	serverSideProcessingTimeout	nil	zap-generated/MTRCommandPayloadsObjc.mm:15392
MTRScenesManagementClusterGetSceneMembershipResponseParams	status	@(0)	zap-generated/MTRCommandPayloadsObjc.mm:15469
MTRScenesManagementClusterGetSceneMembershipResponseParams	capacity	nil	zap-generated/MTRCommandPayloadsObjc.mm:15471
MTRScenesManagementClusterGetSceneMembershipResponseParams	groupID	@(0)	zap-generated/MTRCommandPayloadsObjc.mm:15473
MTRScenesManagementClusterGetSceneMembershipResponseParams	sceneList	nil	zap-generated/MTRCommandPayloadsObjc.mm:15475
MTRScenesManagementClusterCopySceneParams	mode	@(0)	zap-generated/MTRCommandPayloadsObjc.mm:15598
MTRScenesManagementClusterCopySceneParams	groupIdentifierFrom	@(0)	zap-generated/MTRCommandPayloadsObjc.mm:15600
MTRScenesManagementClusterCopySceneParams	sceneIdentifierFrom	@(0)	zap-generated/MTRCommandPayloadsObjc.mm:15602
MTRScenesManagementClusterCopySceneParams	groupIdentifierTo	@(0)	zap-generated/MTRCommandPayloadsObjc.mm:15604
MTRScenesManagementClusterCopySceneParams	sceneIdentifierTo	@(0)	zap-generated/MTRCommandPayloadsObjc.mm:15606
MTRScenesManagementClusterCopySceneParams	timedInvokeTimeoutMs	nil	zap-generated/MTRCommandPayloadsObjc.mm:15607
MTRScenesManagementClusterCopySceneParams	serverSideProcessingTimeout	nil	zap-generated/MTRCommandPayloadsObjc.mm:15608
MTRScenesManagementClusterCopySceneResponseParams	status	@(0)	zap-generated/MTRCommandPayloadsObjc.mm:15701
MTRScenesManagementClusterCopySceneResponseParams	groupIdentifierFrom	@(0)	zap-generated/MTRCommandPayloadsObjc.mm:15703
MTRScenesManagementClusterCopySceneResponseParams	sceneIdentifierFrom	@(0)	zap-generated/MTRCommandPayloadsObjc.mm:15705
MTRThermostatModeClusterChangeToModeParams	newMode	@(0)	zap-generated/MTRCommandPayloadsObjc.mm:15802
MTRThermostatModeClusterChangeToModeParams	timedInvokeTimeoutMs	nil	zap-generated/MTRCommandPayloadsObjc.mm:15803
MTRThermostatModeClusterChangeToModeParams	serverSideProcessingTimeout	nil	zap-generated/MTRCommandPayloadsObjc.mm:15804
MTRThermostatModeClusterChangeToModeResponseParams	status	@(0)	zap-generated/MTRCommandPayloadsObjc.mm:15881
MTRThermostatModeClusterChangeToModeResponseParams	statusText	nil	zap-generated/MTRCommandPayloadsObjc.mm:15883
MTRThermostatModeClusterChangeToModeByCoreTagParams	newModeTag	@(0)	zap-generated/MTRCommandPayloadsObjc.mm:15984
MTRThermostatModeClusterChangeToModeByCoreTagParams	timedInvokeTimeoutMs	nil	zap-generated/MTRCommandPayloadsObjc.mm:15985
MTRThermostatModeClusterChangeToModeByCoreTagParams	serverSideProcessingTimeout	nil	zap-generated/MTRCommandPayloadsObjc.mm:15986
MTRGroupcastClusterJoinGroupParams	groupID	@(0)	zap-generated/MTRCommandPayloadsObjc.mm:16063
MTRGroupcastClusterJoinGroupParams	endpoints	[NSArray array]	zap-generated/MTRCommandPayloadsObjc.mm:16065
MTRGroupcastClusterJoinGroupParams	keySetID	@(0)	zap-generated/MTRCommandPayloadsObjc.mm:16067
MTRGroupcastClusterJoinGroupParams	key	nil	zap-generated/MTRCommandPayloadsObjc.mm:16069
MTRGroupcastClusterJoinGroupParams	useAuxiliaryACL	nil	zap-generated/MTRCommandPayloadsObjc.mm:16071
MTRGroupcastClusterJoinGroupParams	replaceEndpoints	nil	zap-generated/MTRCommandPayloadsObjc.mm:16073
MTRGroupcastClusterJoinGroupParams	mcastAddrPolicy	nil	zap-generated/MTRCommandPayloadsObjc.mm:16075
MTRGroupcastClusterJoinGroupParams	timedInvokeTimeoutMs	nil	zap-generated/MTRCommandPayloadsObjc.mm:16076
MTRGroupcastClusterJoinGroupParams	serverSideProcessingTimeout	nil	zap-generated/MTRCommandPayloadsObjc.mm:16077
MTRGroupcastClusterLeaveGroupParams	groupID	@(0)	zap-generated/MTRCommandPayloadsObjc.mm:16212
MTRGroupcastClusterLeaveGroupParams	endpoints	nil	zap-generated/MTRCommandPayloadsObjc.mm:16214
MTRGroupcastClusterLeaveGroupParams	timedInvokeTimeoutMs	nil	zap-generated/MTRCommandPayloadsObjc.mm:16215
MTRGroupcastClusterLeaveGroupParams	serverSideProcessingTimeout	nil	zap-generated/MTRCommandPayloadsObjc.mm:16216
MTRGroupcastClusterLeaveGroupResponseParams	groupID	@(0)	zap-generated/MTRCommandPayloadsObjc.mm:16322
MTRGroupcastClusterLeaveGroupResponseParams	endpoints	[NSArray array]	zap-generated/MTRCommandPayloadsObjc.mm:16324
MTRGroupcastClusterUpdateGroupKeyParams	groupID	@(0)	zap-generated/MTRCommandPayloadsObjc.mm:16431
MTRGroupcastClusterUpdateGroupKeyParams	keySetID	@(0)	zap-generated/MTRCommandPayloadsObjc.mm:16433
MTRGroupcastClusterUpdateGroupKeyParams	key	nil	zap-generated/MTRCommandPayloadsObjc.mm:16435
MTRGroupcastClusterUpdateGroupKeyParams	timedInvokeTimeoutMs	nil	zap-generated/MTRCommandPayloadsObjc.mm:16436
MTRGroupcastClusterUpdateGroupKeyParams	serverSideProcessingTimeout	nil	zap-generated/MTRCommandPayloadsObjc.mm:16437
MTRGroupcastClusterConfigureAuxiliaryACLParams	groupID	@(0)	zap-generated/MTRCommandPayloadsObjc.mm:16525
MTRGroupcastClusterConfigureAuxiliaryACLParams	useAuxiliaryACL	@(0)	zap-generated/MTRCommandPayloadsObjc.mm:16527
MTRGroupcastClusterConfigureAuxiliaryACLParams	timedInvokeTimeoutMs	nil	zap-generated/MTRCommandPayloadsObjc.mm:16528
MTRGroupcastClusterConfigureAuxiliaryACLParams	serverSideProcessingTimeout	nil	zap-generated/MTRCommandPayloadsObjc.mm:16529
MTRGroupcastClusterGroupcastTestingParams	testOperation	@(0)	zap-generated/MTRCommandPayloadsObjc.mm:16610
MTRGroupcastClusterGroupcastTestingParams	durationSeconds	nil	zap-generated/MTRCommandPayloadsObjc.mm:16612
MTRGroupcastClusterGroupcastTestingParams	timedInvokeTimeoutMs	nil	zap-generated/MTRCommandPayloadsObjc.mm:16613
MTRGroupcastClusterGroupcastTestingParams	serverSideProcessingTimeout	nil	zap-generated/MTRCommandPayloadsObjc.mm:16614
MTRHEPAFilterMonitoringClusterResetConditionParams	timedInvokeTimeoutMs	nil	zap-generated/MTRCommandPayloadsObjc.mm:16697
MTRHEPAFilterMonitoringClusterResetConditionParams	serverSideProcessingTimeout	nil	zap-generated/MTRCommandPayloadsObjc.mm:16698
MTRActivatedCarbonFilterMonitoringClusterResetConditionParams	timedInvokeTimeoutMs	nil	zap-generated/MTRCommandPayloadsObjc.mm:16770
MTRActivatedCarbonFilterMonitoringClusterResetConditionParams	serverSideProcessingTimeout	nil	zap-generated/MTRCommandPayloadsObjc.mm:16771
MTRWaterTankLevelMonitoringClusterResetConditionParams	timedInvokeTimeoutMs	nil	zap-generated/MTRCommandPayloadsObjc.mm:16843
MTRWaterTankLevelMonitoringClusterResetConditionParams	serverSideProcessingTimeout	nil	zap-generated/MTRCommandPayloadsObjc.mm:16844
MTRBooleanStateConfigurationClusterSuppressAlarmParams	alarmsToSuppress	@(0)	zap-generated/MTRCommandPayloadsObjc.mm:16917
MTRBooleanStateConfigurationClusterSuppressAlarmParams	timedInvokeTimeoutMs	nil	zap-generated/MTRCommandPayloadsObjc.mm:16918
MTRBooleanStateConfigurationClusterSuppressAlarmParams	serverSideProcessingTimeout	nil	zap-generated/MTRCommandPayloadsObjc.mm:16919
MTRBooleanStateConfigurationClusterEnableDisableAlarmParams	alarmsToEnableDisable	@(0)	zap-generated/MTRCommandPayloadsObjc.mm:16996
MTRBooleanStateConfigurationClusterEnableDisableAlarmParams	timedInvokeTimeoutMs	nil	zap-generated/MTRCommandPayloadsObjc.mm:16997
MTRBooleanStateConfigurationClusterEnableDisableAlarmParams	serverSideProcessingTimeout	nil	zap-generated/MTRCommandPayloadsObjc.mm:16998
MTRValveConfigurationAndControlClusterOpenParams	openDuration	nil	zap-generated/MTRCommandPayloadsObjc.mm:17075
MTRValveConfigurationAndControlClusterOpenParams	targetLevel	nil	zap-generated/MTRCommandPayloadsObjc.mm:17077
MTRValveConfigurationAndControlClusterOpenParams	timedInvokeTimeoutMs	nil	zap-generated/MTRCommandPayloadsObjc.mm:17078
MTRValveConfigurationAndControlClusterOpenParams	serverSideProcessingTimeout	nil	zap-generated/MTRCommandPayloadsObjc.mm:17079
MTRValveConfigurationAndControlClusterCloseParams	timedInvokeTimeoutMs	nil	zap-generated/MTRCommandPayloadsObjc.mm:17170
MTRValveConfigurationAndControlClusterCloseParams	serverSideProcessingTimeout	nil	zap-generated/MTRCommandPayloadsObjc.mm:17171
MTRWaterHeaterManagementClusterBoostParams	boostInfo	[MTRWaterHeaterManagementClusterWaterHeaterBoostInfoStruct new]	zap-generated/MTRCommandPayloadsObjc.mm:17244
MTRWaterHeaterManagementClusterBoostParams	timedInvokeTimeoutMs	nil	zap-generated/MTRCommandPayloadsObjc.mm:17245
MTRWaterHeaterManagementClusterBoostParams	serverSideProcessingTimeout	nil	zap-generated/MTRCommandPayloadsObjc.mm:17246
MTRWaterHeaterManagementClusterCancelBoostParams	timedInvokeTimeoutMs	nil	zap-generated/MTRCommandPayloadsObjc.mm:17342
MTRWaterHeaterManagementClusterCancelBoostParams	serverSideProcessingTimeout	nil	zap-generated/MTRCommandPayloadsObjc.mm:17343
MTRCommodityPriceClusterGetDetailedPriceRequestParams	details	@(0)	zap-generated/MTRCommandPayloadsObjc.mm:17416
MTRCommodityPriceClusterGetDetailedPriceRequestParams	timedInvokeTimeoutMs	nil	zap-generated/MTRCommandPayloadsObjc.mm:17417
MTRCommodityPriceClusterGetDetailedPriceRequestParams	serverSideProcessingTimeout	nil	zap-generated/MTRCommandPayloadsObjc.mm:17418
MTRCommodityPriceClusterGetDetailedPriceResponseParams	currentPrice	nil	zap-generated/MTRCommandPayloadsObjc.mm:17495
MTRCommodityPriceClusterGetDetailedForecastRequestParams	details	@(0)	zap-generated/MTRCommandPayloadsObjc.mm:17648
MTRCommodityPriceClusterGetDetailedForecastRequestParams	timedInvokeTimeoutMs	nil	zap-generated/MTRCommandPayloadsObjc.mm:17649
MTRCommodityPriceClusterGetDetailedForecastRequestParams	serverSideProcessingTimeout	nil	zap-generated/MTRCommandPayloadsObjc.mm:17650
MTRCommodityPriceClusterGetDetailedForecastResponseParams	priceForecast	[NSArray array]	zap-generated/MTRCommandPayloadsObjc.mm:17727
MTRMessagesClusterPresentMessagesRequestParams	messageID	[NSData data]	zap-generated/MTRCommandPayloadsObjc.mm:17890
MTRMessagesClusterPresentMessagesRequestParams	priority	@(0)	zap-generated/MTRCommandPayloadsObjc.mm:17892
MTRMessagesClusterPresentMessagesRequestParams	messageControl	@(0)	zap-generated/MTRCommandPayloadsObjc.mm:17894
MTRMessagesClusterPresentMessagesRequestParams	startTime	nil	zap-generated/MTRCommandPayloadsObjc.mm:17896
MTRMessagesClusterPresentMessagesRequestParams	duration	nil	zap-generated/MTRCommandPayloadsObjc.mm:17898
MTRMessagesClusterPresentMessagesRequestParams	messageText	@""	zap-generated/MTRCommandPayloadsObjc.mm:17900
MTRMessagesClusterPresentMessagesRequestParams	responses	nil	zap-generated/MTRCommandPayloadsObjc.mm:17902
MTRMessagesClusterPresentMessagesRequestParams	languageCode	nil	zap-generated/MTRCommandPayloadsObjc.mm:17904
MTRMessagesClusterPresentMessagesRequestParams	messageURI	nil	zap-generated/MTRCommandPayloadsObjc.mm:17906
MTRMessagesClusterPresentMessagesRequestParams	timedInvokeTimeoutMs	nil	zap-generated/MTRCommandPayloadsObjc.mm:17907
MTRMessagesClusterPresentMessagesRequestParams	serverSideProcessingTimeout	nil	zap-generated/MTRCommandPayloadsObjc.mm:17908
MTRMessagesClusterCancelMessagesRequestParams	messageIDs	[NSArray array]	zap-generated/MTRCommandPayloadsObjc.mm:18065
MTRMessagesClusterCancelMessagesRequestParams	timedInvokeTimeoutMs	nil	zap-generated/MTRCommandPayloadsObjc.mm:18066
MTRMessagesClusterCancelMessagesRequestParams	serverSideProcessingTimeout	nil	zap-generated/MTRCommandPayloadsObjc.mm:18067
MTRDeviceEnergyManagementClusterPowerAdjustRequestParams	power	@(0)	zap-generated/MTRCommandPayloadsObjc.mm:18166
MTRDeviceEnergyManagementClusterPowerAdjustRequestParams	duration	@(0)	zap-generated/MTRCommandPayloadsObjc.mm:18168
MTRDeviceEnergyManagementClusterPowerAdjustRequestParams	cause	@(0)	zap-generated/MTRCommandPayloadsObjc.mm:18170
MTRDeviceEnergyManagementClusterPowerAdjustRequestParams	timedInvokeTimeoutMs	nil	zap-generated/MTRCommandPayloadsObjc.mm:18171
MTRDeviceEnergyManagementClusterPowerAdjustRequestParams	serverSideProcessingTimeout	nil	zap-generated/MTRCommandPayloadsObjc.mm:18172
MTRDeviceEnergyManagementClusterCancelPowerAdjustRequestParams	timedInvokeTimeoutMs	nil	zap-generated/MTRCommandPayloadsObjc.mm:18256
MTRDeviceEnergyManagementClusterCancelPowerAdjustRequestParams	serverSideProcessingTimeout	nil	zap-generated/MTRCommandPayloadsObjc.mm:18257
MTRDeviceEnergyManagementClusterStartTimeAdjustRequestParams	requestedStartTime	@(0)	zap-generated/MTRCommandPayloadsObjc.mm:18330
MTRDeviceEnergyManagementClusterStartTimeAdjustRequestParams	cause	@(0)	zap-generated/MTRCommandPayloadsObjc.mm:18332
MTRDeviceEnergyManagementClusterStartTimeAdjustRequestParams	timedInvokeTimeoutMs	nil	zap-generated/MTRCommandPayloadsObjc.mm:18333
MTRDeviceEnergyManagementClusterStartTimeAdjustRequestParams	serverSideProcessingTimeout	nil	zap-generated/MTRCommandPayloadsObjc.mm:18334
MTRDeviceEnergyManagementClusterPauseRequestParams	duration	@(0)	zap-generated/MTRCommandPayloadsObjc.mm:18415
MTRDeviceEnergyManagementClusterPauseRequestParams	cause	@(0)	zap-generated/MTRCommandPayloadsObjc.mm:18417
MTRDeviceEnergyManagementClusterPauseRequestParams	timedInvokeTimeoutMs	nil	zap-generated/MTRCommandPayloadsObjc.mm:18418
MTRDeviceEnergyManagementClusterPauseRequestParams	serverSideProcessingTimeout	nil	zap-generated/MTRCommandPayloadsObjc.mm:18419
MTRDeviceEnergyManagementClusterResumeRequestParams	timedInvokeTimeoutMs	nil	zap-generated/MTRCommandPayloadsObjc.mm:18499
MTRDeviceEnergyManagementClusterResumeRequestParams	serverSideProcessingTimeout	nil	zap-generated/MTRCommandPayloadsObjc.mm:18500
MTRDeviceEnergyManagementClusterModifyForecastRequestParams	forecastID	@(0)	zap-generated/MTRCommandPayloadsObjc.mm:18573
MTRDeviceEnergyManagementClusterModifyForecastRequestParams	slotAdjustments	[NSArray array]	zap-generated/MTRCommandPayloadsObjc.mm:18575
MTRDeviceEnergyManagementClusterModifyForecastRequestParams	cause	@(0)	zap-generated/MTRCommandPayloadsObjc.mm:18577
MTRDeviceEnergyManagementClusterModifyForecastRequestParams	timedInvokeTimeoutMs	nil	zap-generated/MTRCommandPayloadsObjc.mm:18578
MTRDeviceEnergyManagementClusterModifyForecastRequestParams	serverSideProcessingTimeout	nil	zap-generated/MTRCommandPayloadsObjc.mm:18579
MTRDeviceEnergyManagementClusterRequestConstraintBasedForecastParams	constraints	[NSArray array]	zap-generated/MTRCommandPayloadsObjc.mm:18691
MTRDeviceEnergyManagementClusterRequestConstraintBasedForecastParams	cause	@(0)	zap-generated/MTRCommandPayloadsObjc.mm:18693
MTRDeviceEnergyManagementClusterRequestConstraintBasedForecastParams	timedInvokeTimeoutMs	nil	zap-generated/MTRCommandPayloadsObjc.mm:18694
MTRDeviceEnergyManagementClusterRequestConstraintBasedForecastParams	serverSideProcessingTimeout	nil	zap-generated/MTRCommandPayloadsObjc.mm:18695
MTRDeviceEnergyManagementClusterCancelRequestParams	timedInvokeTimeoutMs	nil	zap-generated/MTRCommandPayloadsObjc.mm:18810
MTRDeviceEnergyManagementClusterCancelRequestParams	serverSideProcessingTimeout	nil	zap-generated/MTRCommandPayloadsObjc.mm:18811
MTRDeviceEnergyManagementClusterPowerRangeAdjustRequestParams	minPower	nil	zap-generated/MTRCommandPayloadsObjc.mm:18884
MTRDeviceEnergyManagementClusterPowerRangeAdjustRequestParams	maxPower	nil	zap-generated/MTRCommandPayloadsObjc.mm:18886
MTRDeviceEnergyManagementClusterPowerRangeAdjustRequestParams	duration	@(0)	zap-generated/MTRCommandPayloadsObjc.mm:18888
MTRDeviceEnergyManagementClusterPowerRangeAdjustRequestParams	cause	@(0)	zap-generated/MTRCommandPayloadsObjc.mm:18890
MTRDeviceEnergyManagementClusterPowerRangeAdjustRequestParams	timedInvokeTimeoutMs	nil	zap-generated/MTRCommandPayloadsObjc.mm:18891
MTRDeviceEnergyManagementClusterPowerRangeAdjustRequestParams	serverSideProcessingTimeout	nil	zap-generated/MTRCommandPayloadsObjc.mm:18892
MTRDeviceEnergyManagementClusterCancelPowerRangeAdjustRequestParams	timedInvokeTimeoutMs	nil	zap-generated/MTRCommandPayloadsObjc.mm:18986
MTRDeviceEnergyManagementClusterCancelPowerRangeAdjustRequestParams	serverSideProcessingTimeout	nil	zap-generated/MTRCommandPayloadsObjc.mm:18987
MTREnergyEVSEClusterGetTargetsResponseParams	chargingTargetSchedules	[NSArray array]	zap-generated/MTRCommandPayloadsObjc.mm:19060
MTREnergyEVSEClusterDisableParams	timedInvokeTimeoutMs	nil	zap-generated/MTRCommandPayloadsObjc.mm:19189
MTREnergyEVSEClusterDisableParams	serverSideProcessingTimeout	nil	zap-generated/MTRCommandPayloadsObjc.mm:19190
MTREnergyEVSEClusterEnableChargingParams	chargingEnabledUntil	nil	zap-generated/MTRCommandPayloadsObjc.mm:19263
MTREnergyEVSEClusterEnableChargingParams	minimumChargeCurrent	@(0)	zap-generated/MTRCommandPayloadsObjc.mm:19265
MTREnergyEVSEClusterEnableChargingParams	maximumChargeCurrent	@(0)	zap-generated/MTRCommandPayloadsObjc.mm:19267
MTREnergyEVSEClusterEnableChargingParams	timedInvokeTimeoutMs	nil	zap-generated/MTRCommandPayloadsObjc.mm:19268
MTREnergyEVSEClusterEnableChargingParams	serverSideProcessingTimeout	nil	zap-generated/MTRCommandPayloadsObjc.mm:19269
MTREnergyEVSEClusterEnableDischargingParams	dischargingEnabledUntil	nil	zap-generated/MTRCommandPayloadsObjc.mm:19359
MTREnergyEVSEClusterEnableDischargingParams	maximumDischargeCurrent	@(0)	zap-generated/MTRCommandPayloadsObjc.mm:19361
MTREnergyEVSEClusterEnableDischargingParams	timedInvokeTimeoutMs	nil	zap-generated/MTRCommandPayloadsObjc.mm:19362
MTREnergyEVSEClusterEnableDischargingParams	serverSideProcessingTimeout	nil	zap-generated/MTRCommandPayloadsObjc.mm:19363
MTREnergyEVSEClusterStartDiagnosticsParams	timedInvokeTimeoutMs	nil	zap-generated/MTRCommandPayloadsObjc.mm:19448
MTREnergyEVSEClusterStartDiagnosticsParams	serverSideProcessingTimeout	nil	zap-generated/MTRCommandPayloadsObjc.mm:19449
MTREnergyEVSEClusterSetTargetsParams	chargingTargetSchedules	[NSArray array]	zap-generated/MTRCommandPayloadsObjc.mm:19522
MTREnergyEVSEClusterSetTargetsParams	timedInvokeTimeoutMs	nil	zap-generated/MTRCommandPayloadsObjc.mm:19523
MTREnergyEVSEClusterSetTargetsParams	serverSideProcessingTimeout	nil	zap-generated/MTRCommandPayloadsObjc.mm:19524
MTREnergyEVSEClusterGetTargetsParams	timedInvokeTimeoutMs	nil	zap-generated/MTRCommandPayloadsObjc.mm:19653
MTREnergyEVSEClusterGetTargetsParams	serverSideProcessingTimeout	nil	zap-generated/MTRCommandPayloadsObjc.mm:19654
MTREnergyEVSEClusterClearTargetsParams	timedInvokeTimeoutMs	nil	zap-generated/MTRCommandPayloadsObjc.mm:19726
MTREnergyEVSEClusterClearTargetsParams	serverSideProcessingTimeout	nil	zap-generated/MTRCommandPayloadsObjc.mm:19727
MTREnergyEVSEModeClusterChangeToModeParams	newMode	@(0)	zap-generated/MTRCommandPayloadsObjc.mm:19800
MTREnergyEVSEModeClusterChangeToModeParams	timedInvokeTimeoutMs	nil	zap-generated/MTRCommandPayloadsObjc.mm:19801
MTREnergyEVSEModeClusterChangeToModeParams	serverSideProcessingTimeout	nil	zap-generated/MTRCommandPayloadsObjc.mm:19802
MTREnergyEVSEModeClusterChangeToModeResponseParams	status	@(0)	zap-generated/MTRCommandPayloadsObjc.mm:19879
MTREnergyEVSEModeClusterChangeToModeResponseParams	statusText	nil	zap-generated/MTRCommandPayloadsObjc.mm:19881
MTREnergyEVSEModeClusterChangeToModeByCoreTagParams	newModeTag	@(0)	zap-generated/MTRCommandPayloadsObjc.mm:19982
MTREnergyEVSEModeClusterChangeToModeByCoreTagParams	timedInvokeTimeoutMs	nil	zap-generated/MTRCommandPayloadsObjc.mm:19983
MTREnergyEVSEModeClusterChangeToModeByCoreTagParams	serverSideProcessingTimeout	nil	zap-generated/MTRCommandPayloadsObjc.mm:19984
MTRWaterHeaterModeClusterChangeToModeParams	newMode	@(0)	zap-generated/MTRCommandPayloadsObjc.mm:20061
MTRWaterHeaterModeClusterChangeToModeParams	timedInvokeTimeoutMs	nil	zap-generated/MTRCommandPayloadsObjc.mm:20062
MTRWaterHeaterModeClusterChangeToModeParams	serverSideProcessingTimeout	nil	zap-generated/MTRCommandPayloadsObjc.mm:20063
MTRWaterHeaterModeClusterChangeToModeResponseParams	status	@(0)	zap-generated/MTRCommandPayloadsObjc.mm:20140
MTRWaterHeaterModeClusterChangeToModeResponseParams	statusText	nil	zap-generated/MTRCommandPayloadsObjc.mm:20142
MTRWaterHeaterModeClusterChangeToModeByCoreTagParams	newModeTag	@(0)	zap-generated/MTRCommandPayloadsObjc.mm:20243
MTRWaterHeaterModeClusterChangeToModeByCoreTagParams	timedInvokeTimeoutMs	nil	zap-generated/MTRCommandPayloadsObjc.mm:20244
MTRWaterHeaterModeClusterChangeToModeByCoreTagParams	serverSideProcessingTimeout	nil	zap-generated/MTRCommandPayloadsObjc.mm:20245
MTRDeviceEnergyManagementModeClusterChangeToModeParams	newMode	@(0)	zap-generated/MTRCommandPayloadsObjc.mm:20322
MTRDeviceEnergyManagementModeClusterChangeToModeParams	timedInvokeTimeoutMs	nil	zap-generated/MTRCommandPayloadsObjc.mm:20323
MTRDeviceEnergyManagementModeClusterChangeToModeParams	serverSideProcessingTimeout	nil	zap-generated/MTRCommandPayloadsObjc.mm:20324
MTRDeviceEnergyManagementModeClusterChangeToModeResponseParams	status	@(0)	zap-generated/MTRCommandPayloadsObjc.mm:20401
MTRDeviceEnergyManagementModeClusterChangeToModeResponseParams	statusText	nil	zap-generated/MTRCommandPayloadsObjc.mm:20403
MTRDeviceEnergyManagementModeClusterChangeToModeByCoreTagParams	newModeTag	@(0)	zap-generated/MTRCommandPayloadsObjc.mm:20504
MTRDeviceEnergyManagementModeClusterChangeToModeByCoreTagParams	timedInvokeTimeoutMs	nil	zap-generated/MTRCommandPayloadsObjc.mm:20505
MTRDeviceEnergyManagementModeClusterChangeToModeByCoreTagParams	serverSideProcessingTimeout	nil	zap-generated/MTRCommandPayloadsObjc.mm:20506
MTRElectricalAlarmClusterResetParams	alarms	@(0)	zap-generated/MTRCommandPayloadsObjc.mm:20583
MTRElectricalAlarmClusterResetParams	timedInvokeTimeoutMs	nil	zap-generated/MTRCommandPayloadsObjc.mm:20584
MTRElectricalAlarmClusterResetParams	serverSideProcessingTimeout	nil	zap-generated/MTRCommandPayloadsObjc.mm:20585
MTRElectricalAlarmClusterModifyEnabledAlarmsParams	mask	@(0)	zap-generated/MTRCommandPayloadsObjc.mm:20662
MTRElectricalAlarmClusterModifyEnabledAlarmsParams	timedInvokeTimeoutMs	nil	zap-generated/MTRCommandPayloadsObjc.mm:20663
MTRElectricalAlarmClusterModifyEnabledAlarmsParams	serverSideProcessingTimeout	nil	zap-generated/MTRCommandPayloadsObjc.mm:20664
MTRElectricalAlarmClusterSetElectricalAlarmThresholdsParams	overVoltageThreshold	nil	zap-generated/MTRCommandPayloadsObjc.mm:20741
MTRElectricalAlarmClusterSetElectricalAlarmThresholdsParams	underVoltageThreshold	nil	zap-generated/MTRCommandPayloadsObjc.mm:20743
MTRElectricalAlarmClusterSetElectricalAlarmThresholdsParams	overFrequencyThreshold	nil	zap-generated/MTRCommandPayloadsObjc.mm:20745
MTRElectricalAlarmClusterSetElectricalAlarmThresholdsParams	underFrequencyThreshold	nil	zap-generated/MTRCommandPayloadsObjc.mm:20747
MTRElectricalAlarmClusterSetElectricalAlarmThresholdsParams	overPowerThreshold	nil	zap-generated/MTRCommandPayloadsObjc.mm:20749
MTRElectricalAlarmClusterSetElectricalAlarmThresholdsParams	underPowerThreshold	nil	zap-generated/MTRCommandPayloadsObjc.mm:20751
MTRElectricalAlarmClusterSetElectricalAlarmThresholdsParams	overCurrentThreshold	nil	zap-generated/MTRCommandPayloadsObjc.mm:20753
MTRElectricalAlarmClusterSetElectricalAlarmThresholdsParams	underCurrentThreshold	nil	zap-generated/MTRCommandPayloadsObjc.mm:20755
MTRElectricalAlarmClusterSetElectricalAlarmThresholdsParams	powerImportThreshold	nil	zap-generated/MTRCommandPayloadsObjc.mm:20757
MTRElectricalAlarmClusterSetElectricalAlarmThresholdsParams	powerExportThreshold	nil	zap-generated/MTRCommandPayloadsObjc.mm:20759
MTRElectricalAlarmClusterSetElectricalAlarmThresholdsParams	timedInvokeTimeoutMs	nil	zap-generated/MTRCommandPayloadsObjc.mm:20760
MTRElectricalAlarmClusterSetElectricalAlarmThresholdsParams	serverSideProcessingTimeout	nil	zap-generated/MTRCommandPayloadsObjc.mm:20761
MTRElectricalProtectionAlarmClusterModifyEnabledAlarmsParams	mask	@(0)	zap-generated/MTRCommandPayloadsObjc.mm:20904
MTRElectricalProtectionAlarmClusterModifyEnabledAlarmsParams	timedInvokeTimeoutMs	nil	zap-generated/MTRCommandPayloadsObjc.mm:20905
MTRElectricalProtectionAlarmClusterModifyEnabledAlarmsParams	serverSideProcessingTimeout	nil	zap-generated/MTRCommandPayloadsObjc.mm:20906
MTRDoorLockClusterLockDoorParams	pinCode	nil	zap-generated/MTRCommandPayloadsObjc.mm:20983
MTRDoorLockClusterLockDoorParams	timedInvokeTimeoutMs	nil	zap-generated/MTRCommandPayloadsObjc.mm:20984
MTRDoorLockClusterLockDoorParams	serverSideProcessingTimeout	nil	zap-generated/MTRCommandPayloadsObjc.mm:20985
MTRDoorLockClusterUnlockDoorParams	pinCode	nil	zap-generated/MTRCommandPayloadsObjc.mm:21065
MTRDoorLockClusterUnlockDoorParams	timedInvokeTimeoutMs	nil	zap-generated/MTRCommandPayloadsObjc.mm:21066
MTRDoorLockClusterUnlockDoorParams	serverSideProcessingTimeout	nil	zap-generated/MTRCommandPayloadsObjc.mm:21067
MTRDoorLockClusterUnlockWithTimeoutParams	timeout	@(0)	zap-generated/MTRCommandPayloadsObjc.mm:21147
MTRDoorLockClusterUnlockWithTimeoutParams	pinCode	nil	zap-generated/MTRCommandPayloadsObjc.mm:21149
MTRDoorLockClusterUnlockWithTimeoutParams	timedInvokeTimeoutMs	nil	zap-generated/MTRCommandPayloadsObjc.mm:21150
MTRDoorLockClusterUnlockWithTimeoutParams	serverSideProcessingTimeout	nil	zap-generated/MTRCommandPayloadsObjc.mm:21151
MTRDoorLockClusterSetWeekDayScheduleParams	weekDayIndex	@(0)	zap-generated/MTRCommandPayloadsObjc.mm:21235
MTRDoorLockClusterSetWeekDayScheduleParams	userIndex	@(0)	zap-generated/MTRCommandPayloadsObjc.mm:21237
MTRDoorLockClusterSetWeekDayScheduleParams	daysMask	@(0)	zap-generated/MTRCommandPayloadsObjc.mm:21239
MTRDoorLockClusterSetWeekDayScheduleParams	startHour	@(0)	zap-generated/MTRCommandPayloadsObjc.mm:21241
MTRDoorLockClusterSetWeekDayScheduleParams	startMinute	@(0)	zap-generated/MTRCommandPayloadsObjc.mm:21243
MTRDoorLockClusterSetWeekDayScheduleParams	endHour	@(0)	zap-generated/MTRCommandPayloadsObjc.mm:21245
MTRDoorLockClusterSetWeekDayScheduleParams	endMinute	@(0)	zap-generated/MTRCommandPayloadsObjc.mm:21247
MTRDoorLockClusterSetWeekDayScheduleParams	timedInvokeTimeoutMs	nil	zap-generated/MTRCommandPayloadsObjc.mm:21248
MTRDoorLockClusterSetWeekDayScheduleParams	serverSideProcessingTimeout	nil	zap-generated/MTRCommandPayloadsObjc.mm:21249
MTRDoorLockClusterGetWeekDayScheduleParams	weekDayIndex	@(0)	zap-generated/MTRCommandPayloadsObjc.mm:21350
MTRDoorLockClusterGetWeekDayScheduleParams	userIndex	@(0)	zap-generated/MTRCommandPayloadsObjc.mm:21352
MTRDoorLockClusterGetWeekDayScheduleParams	timedInvokeTimeoutMs	nil	zap-generated/MTRCommandPayloadsObjc.mm:21353
MTRDoorLockClusterGetWeekDayScheduleParams	serverSideProcessingTimeout	nil	zap-generated/MTRCommandPayloadsObjc.mm:21354
MTRDoorLockClusterGetWeekDayScheduleResponseParams	weekDayIndex	@(0)	zap-generated/MTRCommandPayloadsObjc.mm:21435
MTRDoorLockClusterGetWeekDayScheduleResponseParams	userIndex	@(0)	zap-generated/MTRCommandPayloadsObjc.mm:21437
MTRDoorLockClusterGetWeekDayScheduleResponseParams	status	@(0)	zap-generated/MTRCommandPayloadsObjc.mm:21439
MTRDoorLockClusterGetWeekDayScheduleResponseParams	daysMask	nil	zap-generated/MTRCommandPayloadsObjc.mm:21441
MTRDoorLockClusterGetWeekDayScheduleResponseParams	startHour	nil	zap-generated/MTRCommandPayloadsObjc.mm:21443
MTRDoorLockClusterGetWeekDayScheduleResponseParams	startMinute	nil	zap-generated/MTRCommandPayloadsObjc.mm:21445
MTRDoorLockClusterGetWeekDayScheduleResponseParams	endHour	nil	zap-generated/MTRCommandPayloadsObjc.mm:21447
MTRDoorLockClusterGetWeekDayScheduleResponseParams	endMinute	nil	zap-generated/MTRCommandPayloadsObjc.mm:21449
MTRDoorLockClusterGetWeekDayScheduleResponseParams	timedInvokeTimeoutMs	nil	zap-generated/MTRCommandPayloadsObjc.mm:21450
MTRDoorLockClusterClearWeekDayScheduleParams	weekDayIndex	@(0)	zap-generated/MTRCommandPayloadsObjc.mm:21588
MTRDoorLockClusterClearWeekDayScheduleParams	userIndex	@(0)	zap-generated/MTRCommandPayloadsObjc.mm:21590
MTRDoorLockClusterClearWeekDayScheduleParams	timedInvokeTimeoutMs	nil	zap-generated/MTRCommandPayloadsObjc.mm:21591
MTRDoorLockClusterClearWeekDayScheduleParams	serverSideProcessingTimeout	nil	zap-generated/MTRCommandPayloadsObjc.mm:21592
MTRDoorLockClusterSetYearDayScheduleParams	yearDayIndex	@(0)	zap-generated/MTRCommandPayloadsObjc.mm:21673
MTRDoorLockClusterSetYearDayScheduleParams	userIndex	@(0)	zap-generated/MTRCommandPayloadsObjc.mm:21675
MTRDoorLockClusterSetYearDayScheduleParams	localStartTime	@(0)	zap-generated/MTRCommandPayloadsObjc.mm:21677
MTRDoorLockClusterSetYearDayScheduleParams	localEndTime	@(0)	zap-generated/MTRCommandPayloadsObjc.mm:21679
MTRDoorLockClusterSetYearDayScheduleParams	timedInvokeTimeoutMs	nil	zap-generated/MTRCommandPayloadsObjc.mm:21680
MTRDoorLockClusterSetYearDayScheduleParams	serverSideProcessingTimeout	nil	zap-generated/MTRCommandPayloadsObjc.mm:21681
MTRDoorLockClusterGetYearDayScheduleParams	yearDayIndex	@(0)	zap-generated/MTRCommandPayloadsObjc.mm:21770
MTRDoorLockClusterGetYearDayScheduleParams	userIndex	@(0)	zap-generated/MTRCommandPayloadsObjc.mm:21772
MTRDoorLockClusterGetYearDayScheduleParams	timedInvokeTimeoutMs	nil	zap-generated/MTRCommandPayloadsObjc.mm:21773
MTRDoorLockClusterGetYearDayScheduleParams	serverSideProcessingTimeout	nil	zap-generated/MTRCommandPayloadsObjc.mm:21774
MTRDoorLockClusterGetYearDayScheduleResponseParams	yearDayIndex	@(0)	zap-generated/MTRCommandPayloadsObjc.mm:21855
MTRDoorLockClusterGetYearDayScheduleResponseParams	userIndex	@(0)	zap-generated/MTRCommandPayloadsObjc.mm:21857
MTRDoorLockClusterGetYearDayScheduleResponseParams	status	@(0)	zap-generated/MTRCommandPayloadsObjc.mm:21859
MTRDoorLockClusterGetYearDayScheduleResponseParams	localStartTime	nil	zap-generated/MTRCommandPayloadsObjc.mm:21861
MTRDoorLockClusterGetYearDayScheduleResponseParams	localEndTime	nil	zap-generated/MTRCommandPayloadsObjc.mm:21863
MTRDoorLockClusterGetYearDayScheduleResponseParams	timedInvokeTimeoutMs	nil	zap-generated/MTRCommandPayloadsObjc.mm:21864
MTRDoorLockClusterClearYearDayScheduleParams	yearDayIndex	@(0)	zap-generated/MTRCommandPayloadsObjc.mm:21978
MTRDoorLockClusterClearYearDayScheduleParams	userIndex	@(0)	zap-generated/MTRCommandPayloadsObjc.mm:21980
MTRDoorLockClusterClearYearDayScheduleParams	timedInvokeTimeoutMs	nil	zap-generated/MTRCommandPayloadsObjc.mm:21981
MTRDoorLockClusterClearYearDayScheduleParams	serverSideProcessingTimeout	nil	zap-generated/MTRCommandPayloadsObjc.mm:21982
MTRDoorLockClusterSetHolidayScheduleParams	holidayIndex	@(0)	zap-generated/MTRCommandPayloadsObjc.mm:22063
MTRDoorLockClusterSetHolidayScheduleParams	localStartTime	@(0)	zap-generated/MTRCommandPayloadsObjc.mm:22065
MTRDoorLockClusterSetHolidayScheduleParams	localEndTime	@(0)	zap-generated/MTRCommandPayloadsObjc.mm:22067
MTRDoorLockClusterSetHolidayScheduleParams	operatingMode	@(0)	zap-generated/MTRCommandPayloadsObjc.mm:22069
MTRDoorLockClusterSetHolidayScheduleParams	timedInvokeTimeoutMs	nil	zap-generated/MTRCommandPayloadsObjc.mm:22070
MTRDoorLockClusterSetHolidayScheduleParams	serverSideProcessingTimeout	nil	zap-generated/MTRCommandPayloadsObjc.mm:22071
MTRDoorLockClusterGetHolidayScheduleParams	holidayIndex	@(0)	zap-generated/MTRCommandPayloadsObjc.mm:22160
MTRDoorLockClusterGetHolidayScheduleParams	timedInvokeTimeoutMs	nil	zap-generated/MTRCommandPayloadsObjc.mm:22161
MTRDoorLockClusterGetHolidayScheduleParams	serverSideProcessingTimeout	nil	zap-generated/MTRCommandPayloadsObjc.mm:22162
MTRDoorLockClusterGetHolidayScheduleResponseParams	holidayIndex	@(0)	zap-generated/MTRCommandPayloadsObjc.mm:22239
MTRDoorLockClusterGetHolidayScheduleResponseParams	status	@(0)	zap-generated/MTRCommandPayloadsObjc.mm:22241
MTRDoorLockClusterGetHolidayScheduleResponseParams	localStartTime	nil	zap-generated/MTRCommandPayloadsObjc.mm:22243
MTRDoorLockClusterGetHolidayScheduleResponseParams	localEndTime	nil	zap-generated/MTRCommandPayloadsObjc.mm:22245
MTRDoorLockClusterGetHolidayScheduleResponseParams	operatingMode	nil	zap-generated/MTRCommandPayloadsObjc.mm:22247
MTRDoorLockClusterGetHolidayScheduleResponseParams	timedInvokeTimeoutMs	nil	zap-generated/MTRCommandPayloadsObjc.mm:22248
MTRDoorLockClusterClearHolidayScheduleParams	holidayIndex	@(0)	zap-generated/MTRCommandPayloadsObjc.mm:22366
MTRDoorLockClusterClearHolidayScheduleParams	timedInvokeTimeoutMs	nil	zap-generated/MTRCommandPayloadsObjc.mm:22367
MTRDoorLockClusterClearHolidayScheduleParams	serverSideProcessingTimeout	nil	zap-generated/MTRCommandPayloadsObjc.mm:22368
MTRDoorLockClusterSetUserParams	operationType	@(0)	zap-generated/MTRCommandPayloadsObjc.mm:22445
MTRDoorLockClusterSetUserParams	userIndex	@(0)	zap-generated/MTRCommandPayloadsObjc.mm:22447
MTRDoorLockClusterSetUserParams	userName	nil	zap-generated/MTRCommandPayloadsObjc.mm:22449
MTRDoorLockClusterSetUserParams	userUniqueID	nil	zap-generated/MTRCommandPayloadsObjc.mm:22451
MTRDoorLockClusterSetUserParams	userStatus	nil	zap-generated/MTRCommandPayloadsObjc.mm:22453
MTRDoorLockClusterSetUserParams	userType	nil	zap-generated/MTRCommandPayloadsObjc.mm:22455
MTRDoorLockClusterSetUserParams	credentialRule	nil	zap-generated/MTRCommandPayloadsObjc.mm:22457
MTRDoorLockClusterSetUserParams	timedInvokeTimeoutMs	nil	zap-generated/MTRCommandPayloadsObjc.mm:22458
MTRDoorLockClusterSetUserParams	serverSideProcessingTimeout	nil	zap-generated/MTRCommandPayloadsObjc.mm:22459
MTRDoorLockClusterGetUserParams	userIndex	@(0)	zap-generated/MTRCommandPayloadsObjc.mm:22597
MTRDoorLockClusterGetUserParams	timedInvokeTimeoutMs	nil	zap-generated/MTRCommandPayloadsObjc.mm:22598
MTRDoorLockClusterGetUserParams	serverSideProcessingTimeout	nil	zap-generated/MTRCommandPayloadsObjc.mm:22599
MTRDoorLockClusterGetUserResponseParams	userIndex	@(0)	zap-generated/MTRCommandPayloadsObjc.mm:22676
MTRDoorLockClusterGetUserResponseParams	userName	nil	zap-generated/MTRCommandPayloadsObjc.mm:22678
MTRDoorLockClusterGetUserResponseParams	userUniqueID	nil	zap-generated/MTRCommandPayloadsObjc.mm:22680
MTRDoorLockClusterGetUserResponseParams	userStatus	nil	zap-generated/MTRCommandPayloadsObjc.mm:22682
MTRDoorLockClusterGetUserResponseParams	userType	nil	zap-generated/MTRCommandPayloadsObjc.mm:22684
MTRDoorLockClusterGetUserResponseParams	credentialRule	nil	zap-generated/MTRCommandPayloadsObjc.mm:22686
MTRDoorLockClusterGetUserResponseParams	credentials	nil	zap-generated/MTRCommandPayloadsObjc.mm:22688
MTRDoorLockClusterGetUserResponseParams	creatorFabricIndex	nil	zap-generated/MTRCommandPayloadsObjc.mm:22690
MTRDoorLockClusterGetUserResponseParams	lastModifiedFabricIndex	nil	zap-generated/MTRCommandPayloadsObjc.mm:22692
MTRDoorLockClusterGetUserResponseParams	nextUserIndex	nil	zap-generated/MTRCommandPayloadsObjc.mm:22694
MTRDoorLockClusterGetUserResponseParams	timedInvokeTimeoutMs	nil	zap-generated/MTRCommandPayloadsObjc.mm:22695
MTRDoorLockClusterClearUserParams	userIndex	@(0)	zap-generated/MTRCommandPayloadsObjc.mm:22889
MTRDoorLockClusterClearUserParams	timedInvokeTimeoutMs	nil	zap-generated/MTRCommandPayloadsObjc.mm:22890
MTRDoorLockClusterClearUserParams	serverSideProcessingTimeout	nil	zap-generated/MTRCommandPayloadsObjc.mm:22891
MTRDoorLockClusterSetCredentialParams	operationType	@(0)	zap-generated/MTRCommandPayloadsObjc.mm:22968
MTRDoorLockClusterSetCredentialParams	credential	[MTRDoorLockClusterCredentialStruct new]	zap-generated/MTRCommandPayloadsObjc.mm:22970
MTRDoorLockClusterSetCredentialParams	credentialData	[NSData data]	zap-generated/MTRCommandPayloadsObjc.mm:22972
MTRDoorLockClusterSetCredentialParams	userIndex	nil	zap-generated/MTRCommandPayloadsObjc.mm:22974
MTRDoorLockClusterSetCredentialParams	userStatus	nil	zap-generated/MTRCommandPayloadsObjc.mm:22976
MTRDoorLockClusterSetCredentialParams	userType	nil	zap-generated/MTRCommandPayloadsObjc.mm:22978
MTRDoorLockClusterSetCredentialParams	timedInvokeTimeoutMs	nil	zap-generated/MTRCommandPayloadsObjc.mm:22979
MTRDoorLockClusterSetCredentialParams	serverSideProcessingTimeout	nil	zap-generated/MTRCommandPayloadsObjc.mm:22980
MTRDoorLockClusterSetCredentialResponseParams	status	@(0)	zap-generated/MTRCommandPayloadsObjc.mm:23093
MTRDoorLockClusterSetCredentialResponseParams	userIndex	nil	zap-generated/MTRCommandPayloadsObjc.mm:23095
MTRDoorLockClusterSetCredentialResponseParams	nextCredentialIndex	nil	zap-generated/MTRCommandPayloadsObjc.mm:23097
MTRDoorLockClusterSetCredentialResponseParams	timedInvokeTimeoutMs	nil	zap-generated/MTRCommandPayloadsObjc.mm:23098
MTRDoorLockClusterGetCredentialStatusParams	credential	[MTRDoorLockClusterCredentialStruct new]	zap-generated/MTRCommandPayloadsObjc.mm:23204
MTRDoorLockClusterGetCredentialStatusParams	timedInvokeTimeoutMs	nil	zap-generated/MTRCommandPayloadsObjc.mm:23205
MTRDoorLockClusterGetCredentialStatusParams	serverSideProcessingTimeout	nil	zap-generated/MTRCommandPayloadsObjc.mm:23206
MTRDoorLockClusterGetCredentialStatusResponseParams	credentialExists	@(0)	zap-generated/MTRCommandPayloadsObjc.mm:23284
MTRDoorLockClusterGetCredentialStatusResponseParams	userIndex	nil	zap-generated/MTRCommandPayloadsObjc.mm:23286
MTRDoorLockClusterGetCredentialStatusResponseParams	creatorFabricIndex	nil	zap-generated/MTRCommandPayloadsObjc.mm:23288
MTRDoorLockClusterGetCredentialStatusResponseParams	lastModifiedFabricIndex	nil	zap-generated/MTRCommandPayloadsObjc.mm:23290
MTRDoorLockClusterGetCredentialStatusResponseParams	nextCredentialIndex	nil	zap-generated/MTRCommandPayloadsObjc.mm:23292
MTRDoorLockClusterGetCredentialStatusResponseParams	credentialData	nil	zap-generated/MTRCommandPayloadsObjc.mm:23294
MTRDoorLockClusterGetCredentialStatusResponseParams	timedInvokeTimeoutMs	nil	zap-generated/MTRCommandPayloadsObjc.mm:23295
MTRDoorLockClusterClearCredentialParams	credential	nil	zap-generated/MTRCommandPayloadsObjc.mm:23429
MTRDoorLockClusterClearCredentialParams	timedInvokeTimeoutMs	nil	zap-generated/MTRCommandPayloadsObjc.mm:23430
MTRDoorLockClusterClearCredentialParams	serverSideProcessingTimeout	nil	zap-generated/MTRCommandPayloadsObjc.mm:23431
MTRDoorLockClusterUnboltDoorParams	pinCode	nil	zap-generated/MTRCommandPayloadsObjc.mm:23514
MTRDoorLockClusterUnboltDoorParams	timedInvokeTimeoutMs	nil	zap-generated/MTRCommandPayloadsObjc.mm:23515
MTRDoorLockClusterUnboltDoorParams	serverSideProcessingTimeout	nil	zap-generated/MTRCommandPayloadsObjc.mm:23516
MTRDoorLockClusterSetAliroReaderConfigParams	signingKey	[NSData data]	zap-generated/MTRCommandPayloadsObjc.mm:23596
MTRDoorLockClusterSetAliroReaderConfigParams	verificationKey	[NSData data]	zap-generated/MTRCommandPayloadsObjc.mm:23598
MTRDoorLockClusterSetAliroReaderConfigParams	groupIdentifier	[NSData data]	zap-generated/MTRCommandPayloadsObjc.mm:23600
MTRDoorLockClusterSetAliroReaderConfigParams	groupResolvingKey	nil	zap-generated/MTRCommandPayloadsObjc.mm:23602
MTRDoorLockClusterSetAliroReaderConfigParams	timedInvokeTimeoutMs	nil	zap-generated/MTRCommandPayloadsObjc.mm:23603
MTRDoorLockClusterSetAliroReaderConfigParams	serverSideProcessingTimeout	nil	zap-generated/MTRCommandPayloadsObjc.mm:23604
MTRDoorLockClusterClearAliroReaderConfigParams	timedInvokeTimeoutMs	nil	zap-generated/MTRCommandPayloadsObjc.mm:23695
MTRDoorLockClusterClearAliroReaderConfigParams	serverSideProcessingTimeout	nil	zap-generated/MTRCommandPayloadsObjc.mm:23696
MTRWindowCoveringClusterUpOrOpenParams	timedInvokeTimeoutMs	nil	zap-generated/MTRCommandPayloadsObjc.mm:23768
MTRWindowCoveringClusterUpOrOpenParams	serverSideProcessingTimeout	nil	zap-generated/MTRCommandPayloadsObjc.mm:23769
MTRWindowCoveringClusterDownOrCloseParams	timedInvokeTimeoutMs	nil	zap-generated/MTRCommandPayloadsObjc.mm:23841
MTRWindowCoveringClusterDownOrCloseParams	serverSideProcessingTimeout	nil	zap-generated/MTRCommandPayloadsObjc.mm:23842
MTRWindowCoveringClusterStopMotionParams	timedInvokeTimeoutMs	nil	zap-generated/MTRCommandPayloadsObjc.mm:23914
MTRWindowCoveringClusterStopMotionParams	serverSideProcessingTimeout	nil	zap-generated/MTRCommandPayloadsObjc.mm:23915
MTRWindowCoveringClusterGoToLiftValueParams	liftValue	@(0)	zap-generated/MTRCommandPayloadsObjc.mm:23988
MTRWindowCoveringClusterGoToLiftValueParams	timedInvokeTimeoutMs	nil	zap-generated/MTRCommandPayloadsObjc.mm:23989
MTRWindowCoveringClusterGoToLiftValueParams	serverSideProcessingTimeout	nil	zap-generated/MTRCommandPayloadsObjc.mm:23990
MTRWindowCoveringClusterGoToLiftPercentageParams	liftPercent100thsValue	@(0)	zap-generated/MTRCommandPayloadsObjc.mm:24067
MTRWindowCoveringClusterGoToLiftPercentageParams	timedInvokeTimeoutMs	nil	zap-generated/MTRCommandPayloadsObjc.mm:24068
MTRWindowCoveringClusterGoToLiftPercentageParams	serverSideProcessingTimeout	nil	zap-generated/MTRCommandPayloadsObjc.mm:24069
MTRWindowCoveringClusterGoToTiltValueParams	tiltValue	@(0)	zap-generated/MTRCommandPayloadsObjc.mm:24146
MTRWindowCoveringClusterGoToTiltValueParams	timedInvokeTimeoutMs	nil	zap-generated/MTRCommandPayloadsObjc.mm:24147
MTRWindowCoveringClusterGoToTiltValueParams	serverSideProcessingTimeout	nil	zap-generated/MTRCommandPayloadsObjc.mm:24148
MTRWindowCoveringClusterGoToTiltPercentageParams	tiltPercent100thsValue	@(0)	zap-generated/MTRCommandPayloadsObjc.mm:24225
MTRWindowCoveringClusterGoToTiltPercentageParams	timedInvokeTimeoutMs	nil	zap-generated/MTRCommandPayloadsObjc.mm:24226
MTRWindowCoveringClusterGoToTiltPercentageParams	serverSideProcessingTimeout	nil	zap-generated/MTRCommandPayloadsObjc.mm:24227
MTRClosureControlClusterStopParams	timedInvokeTimeoutMs	nil	zap-generated/MTRCommandPayloadsObjc.mm:24303
MTRClosureControlClusterStopParams	serverSideProcessingTimeout	nil	zap-generated/MTRCommandPayloadsObjc.mm:24304
MTRClosureControlClusterMoveToParams	position	nil	zap-generated/MTRCommandPayloadsObjc.mm:24377
MTRClosureControlClusterMoveToParams	latch	nil	zap-generated/MTRCommandPayloadsObjc.mm:24379
MTRClosureControlClusterMoveToParams	speed	nil	zap-generated/MTRCommandPayloadsObjc.mm:24381
MTRClosureControlClusterMoveToParams	timedInvokeTimeoutMs	nil	zap-generated/MTRCommandPayloadsObjc.mm:24382
MTRClosureControlClusterMoveToParams	serverSideProcessingTimeout	nil	zap-generated/MTRCommandPayloadsObjc.mm:24383
MTRClosureControlClusterCalibrateParams	timedInvokeTimeoutMs	nil	zap-generated/MTRCommandPayloadsObjc.mm:24476
MTRClosureControlClusterCalibrateParams	serverSideProcessingTimeout	nil	zap-generated/MTRCommandPayloadsObjc.mm:24477
MTRClosureControlClusterGroupedMoveToParams	position	nil	zap-generated/MTRCommandPayloadsObjc.mm:24550
MTRClosureControlClusterGroupedMoveToParams	latch	nil	zap-generated/MTRCommandPayloadsObjc.mm:24552
MTRClosureControlClusterGroupedMoveToParams	speed	nil	zap-generated/MTRCommandPayloadsObjc.mm:24554
MTRClosureControlClusterGroupedMoveToParams	timedInvokeTimeoutMs	nil	zap-generated/MTRCommandPayloadsObjc.mm:24555
MTRClosureControlClusterGroupedMoveToParams	serverSideProcessingTimeout	nil	zap-generated/MTRCommandPayloadsObjc.mm:24556
MTRClosureDimensionClusterSetTargetParams	position	nil	zap-generated/MTRCommandPayloadsObjc.mm:24650
MTRClosureDimensionClusterSetTargetParams	latch	nil	zap-generated/MTRCommandPayloadsObjc.mm:24652
MTRClosureDimensionClusterSetTargetParams	speed	nil	zap-generated/MTRCommandPayloadsObjc.mm:24654
MTRClosureDimensionClusterSetTargetParams	timedInvokeTimeoutMs	nil	zap-generated/MTRCommandPayloadsObjc.mm:24655
MTRClosureDimensionClusterSetTargetParams	serverSideProcessingTimeout	nil	zap-generated/MTRCommandPayloadsObjc.mm:24656
MTRClosureDimensionClusterStepParams	direction	@(0)	zap-generated/MTRCommandPayloadsObjc.mm:24750
MTRClosureDimensionClusterStepParams	numberOfSteps	@(0)	zap-generated/MTRCommandPayloadsObjc.mm:24752
MTRClosureDimensionClusterStepParams	speed	nil	zap-generated/MTRCommandPayloadsObjc.mm:24754
MTRClosureDimensionClusterStepParams	timedInvokeTimeoutMs	nil	zap-generated/MTRCommandPayloadsObjc.mm:24755
MTRClosureDimensionClusterStepParams	serverSideProcessingTimeout	nil	zap-generated/MTRCommandPayloadsObjc.mm:24756
MTRClosureDimensionClusterGroupedSetTargetParams	position	nil	zap-generated/MTRCommandPayloadsObjc.mm:24844
MTRClosureDimensionClusterGroupedSetTargetParams	latch	nil	zap-generated/MTRCommandPayloadsObjc.mm:24846
MTRClosureDimensionClusterGroupedSetTargetParams	speed	nil	zap-generated/MTRCommandPayloadsObjc.mm:24848
MTRClosureDimensionClusterGroupedSetTargetParams	timedInvokeTimeoutMs	nil	zap-generated/MTRCommandPayloadsObjc.mm:24849
MTRClosureDimensionClusterGroupedSetTargetParams	serverSideProcessingTimeout	nil	zap-generated/MTRCommandPayloadsObjc.mm:24850
MTRClosureDimensionClusterGroupedStepParams	direction	@(0)	zap-generated/MTRCommandPayloadsObjc.mm:24944
MTRClosureDimensionClusterGroupedStepParams	numberOfSteps	@(0)	zap-generated/MTRCommandPayloadsObjc.mm:24946
MTRClosureDimensionClusterGroupedStepParams	speed	nil	zap-generated/MTRCommandPayloadsObjc.mm:24948
MTRClosureDimensionClusterGroupedStepParams	timedInvokeTimeoutMs	nil	zap-generated/MTRCommandPayloadsObjc.mm:24949
MTRClosureDimensionClusterGroupedStepParams	serverSideProcessingTimeout	nil	zap-generated/MTRCommandPayloadsObjc.mm:24950
MTRServiceAreaClusterSelectAreasParams	newAreas	[NSArray array]	zap-generated/MTRCommandPayloadsObjc.mm:25038
MTRServiceAreaClusterSelectAreasParams	timedInvokeTimeoutMs	nil	zap-generated/MTRCommandPayloadsObjc.mm:25039
MTRServiceAreaClusterSelectAreasParams	serverSideProcessingTimeout	nil	zap-generated/MTRCommandPayloadsObjc.mm:25040
MTRServiceAreaClusterSelectAreasResponseParams	status	@(0)	zap-generated/MTRCommandPayloadsObjc.mm:25139
MTRServiceAreaClusterSelectAreasResponseParams	statusText	@""	zap-generated/MTRCommandPayloadsObjc.mm:25141
MTRServiceAreaClusterSkipAreaParams	skippedArea	@(0)	zap-generated/MTRCommandPayloadsObjc.mm:25238
MTRServiceAreaClusterSkipAreaParams	timedInvokeTimeoutMs	nil	zap-generated/MTRCommandPayloadsObjc.mm:25239
MTRServiceAreaClusterSkipAreaParams	serverSideProcessingTimeout	nil	zap-generated/MTRCommandPayloadsObjc.mm:25240
MTRServiceAreaClusterSkipAreaResponseParams	status	@(0)	zap-generated/MTRCommandPayloadsObjc.mm:25317
MTRServiceAreaClusterSkipAreaResponseParams	statusText	@""	zap-generated/MTRCommandPayloadsObjc.mm:25319
MTRThermostatClusterSetpointRaiseLowerParams	mode	@(0)	zap-generated/MTRCommandPayloadsObjc.mm:25416
MTRThermostatClusterSetpointRaiseLowerParams	amount	@(0)	zap-generated/MTRCommandPayloadsObjc.mm:25418
MTRThermostatClusterSetpointRaiseLowerParams	timedInvokeTimeoutMs	nil	zap-generated/MTRCommandPayloadsObjc.mm:25419
MTRThermostatClusterSetpointRaiseLowerParams	serverSideProcessingTimeout	nil	zap-generated/MTRCommandPayloadsObjc.mm:25420
MTRThermostatClusterGetWeeklyScheduleResponseParams	numberOfTransitionsForSequence	@(0)	zap-generated/MTRCommandPayloadsObjc.mm:25501
MTRThermostatClusterGetWeeklyScheduleResponseParams	dayOfWeekForSequence	@(0)	zap-generated/MTRCommandPayloadsObjc.mm:25503
MTRThermostatClusterGetWeeklyScheduleResponseParams	modeForSequence	@(0)	zap-generated/MTRCommandPayloadsObjc.mm:25505
MTRThermostatClusterGetWeeklyScheduleResponseParams	transitions	[NSArray array]	zap-generated/MTRCommandPayloadsObjc.mm:25507
MTRThermostatClusterGetWeeklyScheduleResponseParams	timedInvokeTimeoutMs	nil	zap-generated/MTRCommandPayloadsObjc.mm:25508
MTRThermostatClusterSetWeeklyScheduleParams	numberOfTransitionsForSequence	@(0)	zap-generated/MTRCommandPayloadsObjc.mm:25635
MTRThermostatClusterSetWeeklyScheduleParams	dayOfWeekForSequence	@(0)	zap-generated/MTRCommandPayloadsObjc.mm:25637
MTRThermostatClusterSetWeeklyScheduleParams	modeForSequence	@(0)	zap-generated/MTRCommandPayloadsObjc.mm:25639
MTRThermostatClusterSetWeeklyScheduleParams	transitions	[NSArray array]	zap-generated/MTRCommandPayloadsObjc.mm:25641
MTRThermostatClusterSetWeeklyScheduleParams	timedInvokeTimeoutMs	nil	zap-generated/MTRCommandPayloadsObjc.mm:25642
MTRThermostatClusterSetWeeklyScheduleParams	serverSideProcessingTimeout	nil	zap-generated/MTRCommandPayloadsObjc.mm:25643
MTRThermostatClusterGetWeeklyScheduleParams	daysToReturn	@(0)	zap-generated/MTRCommandPayloadsObjc.mm:25766
MTRThermostatClusterGetWeeklyScheduleParams	modeToReturn	@(0)	zap-generated/MTRCommandPayloadsObjc.mm:25768
MTRThermostatClusterGetWeeklyScheduleParams	timedInvokeTimeoutMs	nil	zap-generated/MTRCommandPayloadsObjc.mm:25769
MTRThermostatClusterGetWeeklyScheduleParams	serverSideProcessingTimeout	nil	zap-generated/MTRCommandPayloadsObjc.mm:25770
MTRThermostatClusterAddThermostatSuggestionResponseParams	uniqueID	@(0)	zap-generated/MTRCommandPayloadsObjc.mm:25851
MTRThermostatClusterClearWeeklyScheduleParams	timedInvokeTimeoutMs	nil	zap-generated/MTRCommandPayloadsObjc.mm:25939
MTRThermostatClusterClearWeeklyScheduleParams	serverSideProcessingTimeout	nil	zap-generated/MTRCommandPayloadsObjc.mm:25940
MTRThermostatClusterSetActiveScheduleRequestParams	scheduleHandle	[NSData data]	zap-generated/MTRCommandPayloadsObjc.mm:26013
MTRThermostatClusterSetActiveScheduleRequestParams	timedInvokeTimeoutMs	nil	zap-generated/MTRCommandPayloadsObjc.mm:26014
MTRThermostatClusterSetActiveScheduleRequestParams	serverSideProcessingTimeout	nil	zap-generated/MTRCommandPayloadsObjc.mm:26015
MTRThermostatClusterSetActivePresetRequestParams	presetHandle	nil	zap-generated/MTRCommandPayloadsObjc.mm:26092
MTRThermostatClusterSetActivePresetRequestParams	timedInvokeTimeoutMs	nil	zap-generated/MTRCommandPayloadsObjc.mm:26093
MTRThermostatClusterSetActivePresetRequestParams	serverSideProcessingTimeout	nil	zap-generated/MTRCommandPayloadsObjc.mm:26094
MTRThermostatClusterAddThermostatSuggestionParams	presetHandle	[NSData data]	zap-generated/MTRCommandPayloadsObjc.mm:26176
MTRThermostatClusterAddThermostatSuggestionParams	effectiveTime	nil	zap-generated/MTRCommandPayloadsObjc.mm:26178
MTRThermostatClusterAddThermostatSuggestionParams	expirationInMinutes	@(0)	zap-generated/MTRCommandPayloadsObjc.mm:26180
MTRThermostatClusterAddThermostatSuggestionParams	timedInvokeTimeoutMs	nil	zap-generated/MTRCommandPayloadsObjc.mm:26181
MTRThermostatClusterAddThermostatSuggestionParams	serverSideProcessingTimeout	nil	zap-generated/MTRCommandPayloadsObjc.mm:26182
MTRThermostatClusterRemoveThermostatSuggestionParams	uniqueID	@(0)	zap-generated/MTRCommandPayloadsObjc.mm:26272
MTRThermostatClusterRemoveThermostatSuggestionParams	timedInvokeTimeoutMs	nil	zap-generated/MTRCommandPayloadsObjc.mm:26273
MTRThermostatClusterRemoveThermostatSuggestionParams	serverSideProcessingTimeout	nil	zap-generated/MTRCommandPayloadsObjc.mm:26274
MTRThermostatClusterAtomicResponseParams	statusCode	@(0)	zap-generated/MTRCommandPayloadsObjc.mm:26351
MTRThermostatClusterAtomicResponseParams	attributeStatus	[NSArray array]	zap-generated/MTRCommandPayloadsObjc.mm:26353
MTRThermostatClusterAtomicResponseParams	timeout	nil	zap-generated/MTRCommandPayloadsObjc.mm:26355
MTRThermostatClusterAtomicRequestParams	requestType	@(0)	zap-generated/MTRCommandPayloadsObjc.mm:26472
MTRThermostatClusterAtomicRequestParams	attributeRequests	[NSArray array]	zap-generated/MTRCommandPayloadsObjc.mm:26474
MTRThermostatClusterAtomicRequestParams	timeout	nil	zap-generated/MTRCommandPayloadsObjc.mm:26476
MTRThermostatClusterAtomicRequestParams	timedInvokeTimeoutMs	nil	zap-generated/MTRCommandPayloadsObjc.mm:26477
MTRThermostatClusterAtomicRequestParams	serverSideProcessingTimeout	nil	zap-generated/MTRCommandPayloadsObjc.mm:26478
MTRFanControlClusterStepParams	direction	@(0)	zap-generated/MTRCommandPayloadsObjc.mm:26588
MTRFanControlClusterStepParams	wrap	nil	zap-generated/MTRCommandPayloadsObjc.mm:26590
MTRFanControlClusterStepParams	lowestOff	nil	zap-generated/MTRCommandPayloadsObjc.mm:26592
MTRFanControlClusterStepParams	timedInvokeTimeoutMs	nil	zap-generated/MTRCommandPayloadsObjc.mm:26593
MTRFanControlClusterStepParams	serverSideProcessingTimeout	nil	zap-generated/MTRCommandPayloadsObjc.mm:26594
MTRHumidistatClusterSetSettingsParams	userSetpoint	nil	zap-generated/MTRCommandPayloadsObjc.mm:26685
MTRHumidistatClusterSetSettingsParams	mode	nil	zap-generated/MTRCommandPayloadsObjc.mm:26687
MTRHumidistatClusterSetSettingsParams	mistType	nil	zap-generated/MTRCommandPayloadsObjc.mm:26689
MTRHumidistatClusterSetSettingsParams	continuous	nil	zap-generated/MTRCommandPayloadsObjc.mm:26691
MTRHumidistatClusterSetSettingsParams	sleep	nil	zap-generated/MTRCommandPayloadsObjc.mm:26693
MTRHumidistatClusterSetSettingsParams	optimal	nil	zap-generated/MTRCommandPayloadsObjc.mm:26695
MTRHumidistatClusterSetSettingsParams	timedInvokeTimeoutMs	nil	zap-generated/MTRCommandPayloadsObjc.mm:26696
MTRHumidistatClusterSetSettingsParams	serverSideProcessingTimeout	nil	zap-generated/MTRCommandPayloadsObjc.mm:26697
MTRColorControlClusterMoveToHueParams	hue	@(0)	zap-generated/MTRCommandPayloadsObjc.mm:26812
MTRColorControlClusterMoveToHueParams	direction	@(0)	zap-generated/MTRCommandPayloadsObjc.mm:26814
MTRColorControlClusterMoveToHueParams	transitionTime	@(0)	zap-generated/MTRCommandPayloadsObjc.mm:26816
MTRColorControlClusterMoveToHueParams	optionsMask	@(0)	zap-generated/MTRCommandPayloadsObjc.mm:26818
MTRColorControlClusterMoveToHueParams	optionsOverride	@(0)	zap-generated/MTRCommandPayloadsObjc.mm:26820
MTRColorControlClusterMoveToHueParams	timedInvokeTimeoutMs	nil	zap-generated/MTRCommandPayloadsObjc.mm:26821
MTRColorControlClusterMoveToHueParams	serverSideProcessingTimeout	nil	zap-generated/MTRCommandPayloadsObjc.mm:26822
MTRColorControlClusterMoveHueParams	moveMode	@(0)	zap-generated/MTRCommandPayloadsObjc.mm:26915
MTRColorControlClusterMoveHueParams	rate	@(0)	zap-generated/MTRCommandPayloadsObjc.mm:26917
MTRColorControlClusterMoveHueParams	optionsMask	@(0)	zap-generated/MTRCommandPayloadsObjc.mm:26919
MTRColorControlClusterMoveHueParams	optionsOverride	@(0)	zap-generated/MTRCommandPayloadsObjc.mm:26921
MTRColorControlClusterMoveHueParams	timedInvokeTimeoutMs	nil	zap-generated/MTRCommandPayloadsObjc.mm:26922
MTRColorControlClusterMoveHueParams	serverSideProcessingTimeout	nil	zap-generated/MTRCommandPayloadsObjc.mm:26923
MTRColorControlClusterStepHueParams	stepMode	@(0)	zap-generated/MTRCommandPayloadsObjc.mm:27012
MTRColorControlClusterStepHueParams	stepSize	@(0)	zap-generated/MTRCommandPayloadsObjc.mm:27014
MTRColorControlClusterStepHueParams	transitionTime	@(0)	zap-generated/MTRCommandPayloadsObjc.mm:27016
MTRColorControlClusterStepHueParams	optionsMask	@(0)	zap-generated/MTRCommandPayloadsObjc.mm:27018
MTRColorControlClusterStepHueParams	optionsOverride	@(0)	zap-generated/MTRCommandPayloadsObjc.mm:27020
MTRColorControlClusterStepHueParams	timedInvokeTimeoutMs	nil	zap-generated/MTRCommandPayloadsObjc.mm:27021
MTRColorControlClusterStepHueParams	serverSideProcessingTimeout	nil	zap-generated/MTRCommandPayloadsObjc.mm:27022
MTRColorControlClusterMoveToSaturationParams	saturation	@(0)	zap-generated/MTRCommandPayloadsObjc.mm:27115
MTRColorControlClusterMoveToSaturationParams	transitionTime	@(0)	zap-generated/MTRCommandPayloadsObjc.mm:27117
MTRColorControlClusterMoveToSaturationParams	optionsMask	@(0)	zap-generated/MTRCommandPayloadsObjc.mm:27119
MTRColorControlClusterMoveToSaturationParams	optionsOverride	@(0)	zap-generated/MTRCommandPayloadsObjc.mm:27121
MTRColorControlClusterMoveToSaturationParams	timedInvokeTimeoutMs	nil	zap-generated/MTRCommandPayloadsObjc.mm:27122
MTRColorControlClusterMoveToSaturationParams	serverSideProcessingTimeout	nil	zap-generated/MTRCommandPayloadsObjc.mm:27123
MTRColorControlClusterMoveSaturationParams	moveMode	@(0)	zap-generated/MTRCommandPayloadsObjc.mm:27212
MTRColorControlClusterMoveSaturationParams	rate	@(0)	zap-generated/MTRCommandPayloadsObjc.mm:27214
MTRColorControlClusterMoveSaturationParams	optionsMask	@(0)	zap-generated/MTRCommandPayloadsObjc.mm:27216
MTRColorControlClusterMoveSaturationParams	optionsOverride	@(0)	zap-generated/MTRCommandPayloadsObjc.mm:27218
MTRColorControlClusterMoveSaturationParams	timedInvokeTimeoutMs	nil	zap-generated/MTRCommandPayloadsObjc.mm:27219
MTRColorControlClusterMoveSaturationParams	serverSideProcessingTimeout	nil	zap-generated/MTRCommandPayloadsObjc.mm:27220
MTRColorControlClusterStepSaturationParams	stepMode	@(0)	zap-generated/MTRCommandPayloadsObjc.mm:27309
MTRColorControlClusterStepSaturationParams	stepSize	@(0)	zap-generated/MTRCommandPayloadsObjc.mm:27311
MTRColorControlClusterStepSaturationParams	transitionTime	@(0)	zap-generated/MTRCommandPayloadsObjc.mm:27313
MTRColorControlClusterStepSaturationParams	optionsMask	@(0)	zap-generated/MTRCommandPayloadsObjc.mm:27315
MTRColorControlClusterStepSaturationParams	optionsOverride	@(0)	zap-generated/MTRCommandPayloadsObjc.mm:27317
MTRColorControlClusterStepSaturationParams	timedInvokeTimeoutMs	nil	zap-generated/MTRCommandPayloadsObjc.mm:27318
MTRColorControlClusterStepSaturationParams	serverSideProcessingTimeout	nil	zap-generated/MTRCommandPayloadsObjc.mm:27319
MTRColorControlClusterMoveToHueAndSaturationParams	hue	@(0)	zap-generated/MTRCommandPayloadsObjc.mm:27412
MTRColorControlClusterMoveToHueAndSaturationParams	saturation	@(0)	zap-generated/MTRCommandPayloadsObjc.mm:27414
MTRColorControlClusterMoveToHueAndSaturationParams	transitionTime	@(0)	zap-generated/MTRCommandPayloadsObjc.mm:27416
MTRColorControlClusterMoveToHueAndSaturationParams	optionsMask	@(0)	zap-generated/MTRCommandPayloadsObjc.mm:27418
MTRColorControlClusterMoveToHueAndSaturationParams	optionsOverride	@(0)	zap-generated/MTRCommandPayloadsObjc.mm:27420
MTRColorControlClusterMoveToHueAndSaturationParams	timedInvokeTimeoutMs	nil	zap-generated/MTRCommandPayloadsObjc.mm:27421
MTRColorControlClusterMoveToHueAndSaturationParams	serverSideProcessingTimeout	nil	zap-generated/MTRCommandPayloadsObjc.mm:27422
MTRColorControlClusterMoveToColorParams	colorX	@(0)	zap-generated/MTRCommandPayloadsObjc.mm:27515
MTRColorControlClusterMoveToColorParams	colorY	@(0)	zap-generated/MTRCommandPayloadsObjc.mm:27517
MTRColorControlClusterMoveToColorParams	transitionTime	@(0)	zap-generated/MTRCommandPayloadsObjc.mm:27519
MTRColorControlClusterMoveToColorParams	optionsMask	@(0)	zap-generated/MTRCommandPayloadsObjc.mm:27521
MTRColorControlClusterMoveToColorParams	optionsOverride	@(0)	zap-generated/MTRCommandPayloadsObjc.mm:27523
MTRColorControlClusterMoveToColorParams	timedInvokeTimeoutMs	nil	zap-generated/MTRCommandPayloadsObjc.mm:27524
MTRColorControlClusterMoveToColorParams	serverSideProcessingTimeout	nil	zap-generated/MTRCommandPayloadsObjc.mm:27525
MTRColorControlClusterMoveColorParams	rateX	@(0)	zap-generated/MTRCommandPayloadsObjc.mm:27618
MTRColorControlClusterMoveColorParams	rateY	@(0)	zap-generated/MTRCommandPayloadsObjc.mm:27620
MTRColorControlClusterMoveColorParams	optionsMask	@(0)	zap-generated/MTRCommandPayloadsObjc.mm:27622
MTRColorControlClusterMoveColorParams	optionsOverride	@(0)	zap-generated/MTRCommandPayloadsObjc.mm:27624
MTRColorControlClusterMoveColorParams	timedInvokeTimeoutMs	nil	zap-generated/MTRCommandPayloadsObjc.mm:27625
MTRColorControlClusterMoveColorParams	serverSideProcessingTimeout	nil	zap-generated/MTRCommandPayloadsObjc.mm:27626
MTRColorControlClusterStepColorParams	stepX	@(0)	zap-generated/MTRCommandPayloadsObjc.mm:27715
MTRColorControlClusterStepColorParams	stepY	@(0)	zap-generated/MTRCommandPayloadsObjc.mm:27717
MTRColorControlClusterStepColorParams	transitionTime	@(0)	zap-generated/MTRCommandPayloadsObjc.mm:27719
MTRColorControlClusterStepColorParams	optionsMask	@(0)	zap-generated/MTRCommandPayloadsObjc.mm:27721
MTRColorControlClusterStepColorParams	optionsOverride	@(0)	zap-generated/MTRCommandPayloadsObjc.mm:27723
MTRColorControlClusterStepColorParams	timedInvokeTimeoutMs	nil	zap-generated/MTRCommandPayloadsObjc.mm:27724
MTRColorControlClusterStepColorParams	serverSideProcessingTimeout	nil	zap-generated/MTRCommandPayloadsObjc.mm:27725
MTRColorControlClusterMoveToColorTemperatureParams	colorTemperatureMireds	@(0)	zap-generated/MTRCommandPayloadsObjc.mm:27818
MTRColorControlClusterMoveToColorTemperatureParams	transitionTime	@(0)	zap-generated/MTRCommandPayloadsObjc.mm:27820
MTRColorControlClusterMoveToColorTemperatureParams	optionsMask	@(0)	zap-generated/MTRCommandPayloadsObjc.mm:27822
MTRColorControlClusterMoveToColorTemperatureParams	optionsOverride	@(0)	zap-generated/MTRCommandPayloadsObjc.mm:27824
MTRColorControlClusterMoveToColorTemperatureParams	timedInvokeTimeoutMs	nil	zap-generated/MTRCommandPayloadsObjc.mm:27825
MTRColorControlClusterMoveToColorTemperatureParams	serverSideProcessingTimeout	nil	zap-generated/MTRCommandPayloadsObjc.mm:27826
MTRColorControlClusterEnhancedMoveToHueParams	enhancedHue	@(0)	zap-generated/MTRCommandPayloadsObjc.mm:27927
MTRColorControlClusterEnhancedMoveToHueParams	direction	@(0)	zap-generated/MTRCommandPayloadsObjc.mm:27929
MTRColorControlClusterEnhancedMoveToHueParams	transitionTime	@(0)	zap-generated/MTRCommandPayloadsObjc.mm:27931
MTRColorControlClusterEnhancedMoveToHueParams	optionsMask	@(0)	zap-generated/MTRCommandPayloadsObjc.mm:27933
MTRColorControlClusterEnhancedMoveToHueParams	optionsOverride	@(0)	zap-generated/MTRCommandPayloadsObjc.mm:27935
MTRColorControlClusterEnhancedMoveToHueParams	timedInvokeTimeoutMs	nil	zap-generated/MTRCommandPayloadsObjc.mm:27936
MTRColorControlClusterEnhancedMoveToHueParams	serverSideProcessingTimeout	nil	zap-generated/MTRCommandPayloadsObjc.mm:27937
MTRColorControlClusterEnhancedMoveHueParams	moveMode	@(0)	zap-generated/MTRCommandPayloadsObjc.mm:28030
MTRColorControlClusterEnhancedMoveHueParams	rate	@(0)	zap-generated/MTRCommandPayloadsObjc.mm:28032
MTRColorControlClusterEnhancedMoveHueParams	optionsMask	@(0)	zap-generated/MTRCommandPayloadsObjc.mm:28034
MTRColorControlClusterEnhancedMoveHueParams	optionsOverride	@(0)	zap-generated/MTRCommandPayloadsObjc.mm:28036
MTRColorControlClusterEnhancedMoveHueParams	timedInvokeTimeoutMs	nil	zap-generated/MTRCommandPayloadsObjc.mm:28037
MTRColorControlClusterEnhancedMoveHueParams	serverSideProcessingTimeout	nil	zap-generated/MTRCommandPayloadsObjc.mm:28038
MTRColorControlClusterEnhancedStepHueParams	stepMode	@(0)	zap-generated/MTRCommandPayloadsObjc.mm:28127
MTRColorControlClusterEnhancedStepHueParams	stepSize	@(0)	zap-generated/MTRCommandPayloadsObjc.mm:28129
MTRColorControlClusterEnhancedStepHueParams	transitionTime	@(0)	zap-generated/MTRCommandPayloadsObjc.mm:28131
MTRColorControlClusterEnhancedStepHueParams	optionsMask	@(0)	zap-generated/MTRCommandPayloadsObjc.mm:28133
MTRColorControlClusterEnhancedStepHueParams	optionsOverride	@(0)	zap-generated/MTRCommandPayloadsObjc.mm:28135
MTRColorControlClusterEnhancedStepHueParams	timedInvokeTimeoutMs	nil	zap-generated/MTRCommandPayloadsObjc.mm:28136
MTRColorControlClusterEnhancedStepHueParams	serverSideProcessingTimeout	nil	zap-generated/MTRCommandPayloadsObjc.mm:28137
MTRColorControlClusterEnhancedMoveToHueAndSaturationParams	enhancedHue	@(0)	zap-generated/MTRCommandPayloadsObjc.mm:28230
MTRColorControlClusterEnhancedMoveToHueAndSaturationParams	saturation	@(0)	zap-generated/MTRCommandPayloadsObjc.mm:28232
MTRColorControlClusterEnhancedMoveToHueAndSaturationParams	transitionTime	@(0)	zap-generated/MTRCommandPayloadsObjc.mm:28234
MTRColorControlClusterEnhancedMoveToHueAndSaturationParams	optionsMask	@(0)	zap-generated/MTRCommandPayloadsObjc.mm:28236
MTRColorControlClusterEnhancedMoveToHueAndSaturationParams	optionsOverride	@(0)	zap-generated/MTRCommandPayloadsObjc.mm:28238
MTRColorControlClusterEnhancedMoveToHueAndSaturationParams	timedInvokeTimeoutMs	nil	zap-generated/MTRCommandPayloadsObjc.mm:28239
MTRColorControlClusterEnhancedMoveToHueAndSaturationParams	serverSideProcessingTimeout	nil	zap-generated/MTRCommandPayloadsObjc.mm:28240
MTRColorControlClusterColorLoopSetParams	updateFlags	@(0)	zap-generated/MTRCommandPayloadsObjc.mm:28333
MTRColorControlClusterColorLoopSetParams	action	@(0)	zap-generated/MTRCommandPayloadsObjc.mm:28335
MTRColorControlClusterColorLoopSetParams	direction	@(0)	zap-generated/MTRCommandPayloadsObjc.mm:28337
MTRColorControlClusterColorLoopSetParams	time	@(0)	zap-generated/MTRCommandPayloadsObjc.mm:28339
MTRColorControlClusterColorLoopSetParams	startHue	@(0)	zap-generated/MTRCommandPayloadsObjc.mm:28341
MTRColorControlClusterColorLoopSetParams	optionsMask	@(0)	zap-generated/MTRCommandPayloadsObjc.mm:28343
MTRColorControlClusterColorLoopSetParams	optionsOverride	@(0)	zap-generated/MTRCommandPayloadsObjc.mm:28345
MTRColorControlClusterColorLoopSetParams	timedInvokeTimeoutMs	nil	zap-generated/MTRCommandPayloadsObjc.mm:28346
MTRColorControlClusterColorLoopSetParams	serverSideProcessingTimeout	nil	zap-generated/MTRCommandPayloadsObjc.mm:28347
MTRColorControlClusterStopMoveStepParams	optionsMask	@(0)	zap-generated/MTRCommandPayloadsObjc.mm:28448
MTRColorControlClusterStopMoveStepParams	optionsOverride	@(0)	zap-generated/MTRCommandPayloadsObjc.mm:28450
MTRColorControlClusterStopMoveStepParams	timedInvokeTimeoutMs	nil	zap-generated/MTRCommandPayloadsObjc.mm:28451
MTRColorControlClusterStopMoveStepParams	serverSideProcessingTimeout	nil	zap-generated/MTRCommandPayloadsObjc.mm:28452
MTRColorControlClusterMoveColorTemperatureParams	moveMode	@(0)	zap-generated/MTRCommandPayloadsObjc.mm:28533
MTRColorControlClusterMoveColorTemperatureParams	rate	@(0)	zap-generated/MTRCommandPayloadsObjc.mm:28535
MTRColorControlClusterMoveColorTemperatureParams	colorTemperatureMinimumMireds	@(0)	zap-generated/MTRCommandPayloadsObjc.mm:28537
MTRColorControlClusterMoveColorTemperatureParams	colorTemperatureMaximumMireds	@(0)	zap-generated/MTRCommandPayloadsObjc.mm:28539
MTRColorControlClusterMoveColorTemperatureParams	optionsMask	@(0)	zap-generated/MTRCommandPayloadsObjc.mm:28541
MTRColorControlClusterMoveColorTemperatureParams	optionsOverride	@(0)	zap-generated/MTRCommandPayloadsObjc.mm:28543
MTRColorControlClusterMoveColorTemperatureParams	timedInvokeTimeoutMs	nil	zap-generated/MTRCommandPayloadsObjc.mm:28544
MTRColorControlClusterMoveColorTemperatureParams	serverSideProcessingTimeout	nil	zap-generated/MTRCommandPayloadsObjc.mm:28545
MTRColorControlClusterStepColorTemperatureParams	stepMode	@(0)	zap-generated/MTRCommandPayloadsObjc.mm:28642
MTRColorControlClusterStepColorTemperatureParams	stepSize	@(0)	zap-generated/MTRCommandPayloadsObjc.mm:28644
MTRColorControlClusterStepColorTemperatureParams	transitionTime	@(0)	zap-generated/MTRCommandPayloadsObjc.mm:28646
MTRColorControlClusterStepColorTemperatureParams	colorTemperatureMinimumMireds	@(0)	zap-generated/MTRCommandPayloadsObjc.mm:28648
MTRColorControlClusterStepColorTemperatureParams	colorTemperatureMaximumMireds	@(0)	zap-generated/MTRCommandPayloadsObjc.mm:28650
MTRColorControlClusterStepColorTemperatureParams	optionsMask	@(0)	zap-generated/MTRCommandPayloadsObjc.mm:28652
MTRColorControlClusterStepColorTemperatureParams	optionsOverride	@(0)	zap-generated/MTRCommandPayloadsObjc.mm:28654
MTRColorControlClusterStepColorTemperatureParams	timedInvokeTimeoutMs	nil	zap-generated/MTRCommandPayloadsObjc.mm:28655
MTRColorControlClusterStepColorTemperatureParams	serverSideProcessingTimeout	nil	zap-generated/MTRCommandPayloadsObjc.mm:28656
MTRDynamicLightingClusterStartEffectParams	effectID	@(0)	zap-generated/MTRCommandPayloadsObjc.mm:28757
MTRDynamicLightingClusterStartEffectParams	speed	@(0)	zap-generated/MTRCommandPayloadsObjc.mm:28759
MTRDynamicLightingClusterStartEffectParams	colorMode	nil	zap-generated/MTRCommandPayloadsObjc.mm:28761
MTRDynamicLightingClusterStartEffectParams	colorPalette	nil	zap-generated/MTRCommandPayloadsObjc.mm:28763
MTRDynamicLightingClusterStartEffectParams	timedInvokeTimeoutMs	nil	zap-generated/MTRCommandPayloadsObjc.mm:28764
MTRDynamicLightingClusterStartEffectParams	serverSideProcessingTimeout	nil	zap-generated/MTRCommandPayloadsObjc.mm:28765
MTRDynamicLightingClusterStopEffectParams	timedInvokeTimeoutMs	nil	zap-generated/MTRCommandPayloadsObjc.mm:28920
MTRDynamicLightingClusterStopEffectParams	serverSideProcessingTimeout	nil	zap-generated/MTRCommandPayloadsObjc.mm:28921
MTRProximityRangingClusterStartRangingRequestParams	technology	@(0)	zap-generated/MTRCommandPayloadsObjc.mm:28994
MTRProximityRangingClusterStartRangingRequestParams	wiFiRangingDeviceRoleConfig	nil	zap-generated/MTRCommandPayloadsObjc.mm:28996
MTRProximityRangingClusterStartRangingRequestParams	bleRangingDeviceRoleConfig	nil	zap-generated/MTRCommandPayloadsObjc.mm:28998
MTRProximityRangingClusterStartRangingRequestParams	bltChannelSoundingDeviceRoleConfig	nil	zap-generated/MTRCommandPayloadsObjc.mm:29000
MTRProximityRangingClusterStartRangingRequestParams	frequencyBand	nil	zap-generated/MTRCommandPayloadsObjc.mm:29002
MTRProximityRangingClusterStartRangingRequestParams	bandwidth	nil	zap-generated/MTRCommandPayloadsObjc.mm:29004
MTRProximityRangingClusterStartRangingRequestParams	trigger	[MTRProximityRangingClusterRangingTriggerConditionStruct new]	zap-generated/MTRCommandPayloadsObjc.mm:29006
MTRProximityRangingClusterStartRangingRequestParams	reportingCondition	nil	zap-generated/MTRCommandPayloadsObjc.mm:29008
MTRProximityRangingClusterStartRangingRequestParams	timedInvokeTimeoutMs	nil	zap-generated/MTRCommandPayloadsObjc.mm:29009
MTRProximityRangingClusterStartRangingRequestParams	serverSideProcessingTimeout	nil	zap-generated/MTRCommandPayloadsObjc.mm:29010
MTRProximityRangingClusterStartRangingResponseParams	sessionID	@(0)	zap-generated/MTRCommandPayloadsObjc.mm:29164
MTRProximityRangingClusterStopRangingRequestParams	sessionID	@(0)	zap-generated/MTRCommandPayloadsObjc.mm:29253
MTRProximityRangingClusterStopRangingRequestParams	timedInvokeTimeoutMs	nil	zap-generated/MTRCommandPayloadsObjc.mm:29254
MTRProximityRangingClusterStopRangingRequestParams	serverSideProcessingTimeout	nil	zap-generated/MTRCommandPayloadsObjc.mm:29255
MTRNetworkIdentityManagementClusterAddClientParams	clientIdentity	[NSData data]	zap-generated/MTRCommandPayloadsObjc.mm:29332
MTRNetworkIdentityManagementClusterAddClientParams	timedInvokeTimeoutMs	nil	zap-generated/MTRCommandPayloadsObjc.mm:29333
MTRNetworkIdentityManagementClusterAddClientParams	serverSideProcessingTimeout	nil	zap-generated/MTRCommandPayloadsObjc.mm:29334
MTRNetworkIdentityManagementClusterAddClientResponseParams	clientIndex	@(0)	zap-generated/MTRCommandPayloadsObjc.mm:29411
MTRNetworkIdentityManagementClusterRemoveClientParams	clientIndex	nil	zap-generated/MTRCommandPayloadsObjc.mm:29500
MTRNetworkIdentityManagementClusterRemoveClientParams	clientIdentifier	nil	zap-generated/MTRCommandPayloadsObjc.mm:29502
MTRNetworkIdentityManagementClusterRemoveClientParams	timedInvokeTimeoutMs	nil	zap-generated/MTRCommandPayloadsObjc.mm:29503
MTRNetworkIdentityManagementClusterRemoveClientParams	serverSideProcessingTimeout	nil	zap-generated/MTRCommandPayloadsObjc.mm:29504
MTRNetworkIdentityManagementClusterQueryIdentityParams	networkIdentityIndex	nil	zap-generated/MTRCommandPayloadsObjc.mm:29591
MTRNetworkIdentityManagementClusterQueryIdentityParams	networkIdentityType	nil	zap-generated/MTRCommandPayloadsObjc.mm:29593
MTRNetworkIdentityManagementClusterQueryIdentityParams	clientIndex	nil	zap-generated/MTRCommandPayloadsObjc.mm:29595
MTRNetworkIdentityManagementClusterQueryIdentityParams	identifier	nil	zap-generated/MTRCommandPayloadsObjc.mm:29597
MTRNetworkIdentityManagementClusterQueryIdentityParams	timedInvokeTimeoutMs	nil	zap-generated/MTRCommandPayloadsObjc.mm:29598
MTRNetworkIdentityManagementClusterQueryIdentityParams	serverSideProcessingTimeout	nil	zap-generated/MTRCommandPayloadsObjc.mm:29599
MTRNetworkIdentityManagementClusterQueryIdentityResponseParams	identity	[NSData data]	zap-generated/MTRCommandPayloadsObjc.mm:29700
MTRNetworkIdentityManagementClusterImportAdminSecretParams	networkAdministratorSharedSecret	[NSData data]	zap-generated/MTRCommandPayloadsObjc.mm:29789
MTRNetworkIdentityManagementClusterImportAdminSecretParams	timedInvokeTimeoutMs	nil	zap-generated/MTRCommandPayloadsObjc.mm:29790
MTRNetworkIdentityManagementClusterImportAdminSecretParams	serverSideProcessingTimeout	nil	zap-generated/MTRCommandPayloadsObjc.mm:29791
MTRNetworkIdentityManagementClusterExportAdminSecretParams	timedInvokeTimeoutMs	nil	zap-generated/MTRCommandPayloadsObjc.mm:29867
MTRNetworkIdentityManagementClusterExportAdminSecretParams	serverSideProcessingTimeout	nil	zap-generated/MTRCommandPayloadsObjc.mm:29868
MTRNetworkIdentityManagementClusterExportAdminSecretResponseParams	networkAdministratorSharedSecret	[NSData data]	zap-generated/MTRCommandPayloadsObjc.mm:29941
MTRWiFiNetworkManagementClusterNetworkPassphraseRequestParams	timedInvokeTimeoutMs	nil	zap-generated/MTRCommandPayloadsObjc.mm:30029
MTRWiFiNetworkManagementClusterNetworkPassphraseRequestParams	serverSideProcessingTimeout	nil	zap-generated/MTRCommandPayloadsObjc.mm:30030
MTRWiFiNetworkManagementClusterNetworkPassphraseResponseParams	passphrase	[NSData data]	zap-generated/MTRCommandPayloadsObjc.mm:30103
MTRThreadBorderRouterManagementClusterGetActiveDatasetRequestParams	timedInvokeTimeoutMs	nil	zap-generated/MTRCommandPayloadsObjc.mm:30191
MTRThreadBorderRouterManagementClusterGetActiveDatasetRequestParams	serverSideProcessingTimeout	nil	zap-generated/MTRCommandPayloadsObjc.mm:30192
MTRThreadBorderRouterManagementClusterGetPendingDatasetRequestParams	timedInvokeTimeoutMs	nil	zap-generated/MTRCommandPayloadsObjc.mm:30264
MTRThreadBorderRouterManagementClusterGetPendingDatasetRequestParams	serverSideProcessingTimeout	nil	zap-generated/MTRCommandPayloadsObjc.mm:30265
MTRThreadBorderRouterManagementClusterDatasetResponseParams	dataset	[NSData data]	zap-generated/MTRCommandPayloadsObjc.mm:30338
MTRThreadBorderRouterManagementClusterSetActiveDatasetRequestParams	activeDataset	[NSData data]	zap-generated/MTRCommandPayloadsObjc.mm:30427
MTRThreadBorderRouterManagementClusterSetActiveDatasetRequestParams	breadcrumb	nil	zap-generated/MTRCommandPayloadsObjc.mm:30429
MTRThreadBorderRouterManagementClusterSetActiveDatasetRequestParams	timedInvokeTimeoutMs	nil	zap-generated/MTRCommandPayloadsObjc.mm:30430
MTRThreadBorderRouterManagementClusterSetActiveDatasetRequestParams	serverSideProcessingTimeout	nil	zap-generated/MTRCommandPayloadsObjc.mm:30431
MTRThreadBorderRouterManagementClusterSetPendingDatasetRequestParams	pendingDataset	[NSData data]	zap-generated/MTRCommandPayloadsObjc.mm:30515
MTRThreadBorderRouterManagementClusterSetPendingDatasetRequestParams	timedInvokeTimeoutMs	nil	zap-generated/MTRCommandPayloadsObjc.mm:30516
MTRThreadBorderRouterManagementClusterSetPendingDatasetRequestParams	serverSideProcessingTimeout	nil	zap-generated/MTRCommandPayloadsObjc.mm:30517
MTRThreadNetworkDirectoryClusterAddNetworkParams	operationalDataset	[NSData data]	zap-generated/MTRCommandPayloadsObjc.mm:30594
MTRThreadNetworkDirectoryClusterAddNetworkParams	timedInvokeTimeoutMs	nil	zap-generated/MTRCommandPayloadsObjc.mm:30595
MTRThreadNetworkDirectoryClusterAddNetworkParams	serverSideProcessingTimeout	nil	zap-generated/MTRCommandPayloadsObjc.mm:30596
MTRThreadNetworkDirectoryClusterRemoveNetworkParams	extendedPanID	[NSData data]	zap-generated/MTRCommandPayloadsObjc.mm:30673
MTRThreadNetworkDirectoryClusterRemoveNetworkParams	timedInvokeTimeoutMs	nil	zap-generated/MTRCommandPayloadsObjc.mm:30674
MTRThreadNetworkDirectoryClusterRemoveNetworkParams	serverSideProcessingTimeout	nil	zap-generated/MTRCommandPayloadsObjc.mm:30675
MTRThreadNetworkDirectoryClusterGetOperationalDatasetParams	extendedPanID	[NSData data]	zap-generated/MTRCommandPayloadsObjc.mm:30752
MTRThreadNetworkDirectoryClusterGetOperationalDatasetParams	timedInvokeTimeoutMs	nil	zap-generated/MTRCommandPayloadsObjc.mm:30753
MTRThreadNetworkDirectoryClusterGetOperationalDatasetParams	serverSideProcessingTimeout	nil	zap-generated/MTRCommandPayloadsObjc.mm:30754
MTRThreadNetworkDirectoryClusterOperationalDatasetResponseParams	operationalDataset	[NSData data]	zap-generated/MTRCommandPayloadsObjc.mm:30831
MTRCommissioningProxyClusterProxyConnectRequestParams	address	nil	zap-generated/MTRCommandPayloadsObjc.mm:30920
MTRCommissioningProxyClusterProxyConnectRequestParams	transport	@(0)	zap-generated/MTRCommandPayloadsObjc.mm:30922
MTRCommissioningProxyClusterProxyConnectRequestParams	discriminator	@(0)	zap-generated/MTRCommandPayloadsObjc.mm:30924
MTRCommissioningProxyClusterProxyConnectRequestParams	vendorID	@(0)	zap-generated/MTRCommandPayloadsObjc.mm:30926
MTRCommissioningProxyClusterProxyConnectRequestParams	productID	@(0)	zap-generated/MTRCommandPayloadsObjc.mm:30928
MTRCommissioningProxyClusterProxyConnectRequestParams	timeout	@(0)	zap-generated/MTRCommandPayloadsObjc.mm:30930
MTRCommissioningProxyClusterProxyConnectRequestParams	wiFiBand	nil	zap-generated/MTRCommandPayloadsObjc.mm:30932
MTRCommissioningProxyClusterProxyConnectRequestParams	timedInvokeTimeoutMs	nil	zap-generated/MTRCommandPayloadsObjc.mm:30933
MTRCommissioningProxyClusterProxyConnectRequestParams	serverSideProcessingTimeout	nil	zap-generated/MTRCommandPayloadsObjc.mm:30934
MTRCommissioningProxyClusterProxyConnectResponseParams	sessionID	@(0)	zap-generated/MTRCommandPayloadsObjc.mm:31043
MTRCommissioningProxyClusterProxyDisconnectRequestParams	sessionID	nil	zap-generated/MTRCommandPayloadsObjc.mm:31132
MTRCommissioningProxyClusterProxyDisconnectRequestParams	timedInvokeTimeoutMs	nil	zap-generated/MTRCommandPayloadsObjc.mm:31133
MTRCommissioningProxyClusterProxyDisconnectRequestParams	serverSideProcessingTimeout	nil	zap-generated/MTRCommandPayloadsObjc.mm:31134
MTRCommissioningProxyClusterProxyScanRequestParams	transport	@(0)	zap-generated/MTRCommandPayloadsObjc.mm:31216
MTRCommissioningProxyClusterProxyScanRequestParams	wiFiBands	nil	zap-generated/MTRCommandPayloadsObjc.mm:31218
MTRCommissioningProxyClusterProxyScanRequestParams	timedInvokeTimeoutMs	nil	zap-generated/MTRCommandPayloadsObjc.mm:31219
MTRCommissioningProxyClusterProxyScanRequestParams	serverSideProcessingTimeout	nil	zap-generated/MTRCommandPayloadsObjc.mm:31220
MTRCommissioningProxyClusterProxyScanResponseParams	numberOfResults	@(0)	zap-generated/MTRCommandPayloadsObjc.mm:31304
MTRCommissioningProxyClusterProxyScanResponseParams	proxyScanResult	[NSArray array]	zap-generated/MTRCommandPayloadsObjc.mm:31306
MTRCommissioningProxyClusterProxyBackGroundScanStartRequestParams	transport	@(0)	zap-generated/MTRCommandPayloadsObjc.mm:31432
MTRCommissioningProxyClusterProxyBackGroundScanStartRequestParams	timeout	@(0)	zap-generated/MTRCommandPayloadsObjc.mm:31434
MTRCommissioningProxyClusterProxyBackGroundScanStartRequestParams	wiFiBands	nil	zap-generated/MTRCommandPayloadsObjc.mm:31436
MTRCommissioningProxyClusterProxyBackGroundScanStartRequestParams	timedInvokeTimeoutMs	nil	zap-generated/MTRCommandPayloadsObjc.mm:31437
MTRCommissioningProxyClusterProxyBackGroundScanStartRequestParams	serverSideProcessingTimeout	nil	zap-generated/MTRCommandPayloadsObjc.mm:31438
MTRCommissioningProxyClusterProxyBackGroundScanStopRequestParams	transport	@(0)	zap-generated/MTRCommandPayloadsObjc.mm:31526
MTRCommissioningProxyClusterProxyBackGroundScanStopRequestParams	wiFiBands	nil	zap-generated/MTRCommandPayloadsObjc.mm:31528
MTRCommissioningProxyClusterProxyBackGroundScanStopRequestParams	timedInvokeTimeoutMs	nil	zap-generated/MTRCommandPayloadsObjc.mm:31529
MTRCommissioningProxyClusterProxyBackGroundScanStopRequestParams	serverSideProcessingTimeout	nil	zap-generated/MTRCommandPayloadsObjc.mm:31530
MTRCommissioningProxyClusterProxyMessageRequestParams	sessionID	@(0)	zap-generated/MTRCommandPayloadsObjc.mm:31614
MTRCommissioningProxyClusterProxyMessageRequestParams	responseTimeout	@(0)	zap-generated/MTRCommandPayloadsObjc.mm:31616
MTRCommissioningProxyClusterProxyMessageRequestParams	message	nil	zap-generated/MTRCommandPayloadsObjc.mm:31618
MTRCommissioningProxyClusterProxyMessageRequestParams	timedInvokeTimeoutMs	nil	zap-generated/MTRCommandPayloadsObjc.mm:31619
MTRCommissioningProxyClusterProxyMessageRequestParams	serverSideProcessingTimeout	nil	zap-generated/MTRCommandPayloadsObjc.mm:31620
MTRCommissioningProxyClusterProxyMessageResponseParams	sessionID	@(0)	zap-generated/MTRCommandPayloadsObjc.mm:31710
MTRCommissioningProxyClusterProxyMessageResponseParams	message	nil	zap-generated/MTRCommandPayloadsObjc.mm:31712
MTRChannelClusterChangeChannelParams	match	@""	zap-generated/MTRCommandPayloadsObjc.mm:31809
MTRChannelClusterChangeChannelParams	timedInvokeTimeoutMs	nil	zap-generated/MTRCommandPayloadsObjc.mm:31810
MTRChannelClusterChangeChannelParams	serverSideProcessingTimeout	nil	zap-generated/MTRCommandPayloadsObjc.mm:31811
MTRChannelClusterChangeChannelResponseParams	status	@(0)	zap-generated/MTRCommandPayloadsObjc.mm:31888
MTRChannelClusterChangeChannelResponseParams	data	nil	zap-generated/MTRCommandPayloadsObjc.mm:31890
MTRChannelClusterChangeChannelResponseParams	timedInvokeTimeoutMs	nil	zap-generated/MTRCommandPayloadsObjc.mm:31891
MTRChannelClusterChangeChannelByNumberParams	majorNumber	@(0)	zap-generated/MTRCommandPayloadsObjc.mm:31993
MTRChannelClusterChangeChannelByNumberParams	minorNumber	@(0)	zap-generated/MTRCommandPayloadsObjc.mm:31995
MTRChannelClusterChangeChannelByNumberParams	timedInvokeTimeoutMs	nil	zap-generated/MTRCommandPayloadsObjc.mm:31996
MTRChannelClusterChangeChannelByNumberParams	serverSideProcessingTimeout	nil	zap-generated/MTRCommandPayloadsObjc.mm:31997
MTRChannelClusterSkipChannelParams	count	@(0)	zap-generated/MTRCommandPayloadsObjc.mm:32078
MTRChannelClusterSkipChannelParams	timedInvokeTimeoutMs	nil	zap-generated/MTRCommandPayloadsObjc.mm:32079
MTRChannelClusterSkipChannelParams	serverSideProcessingTimeout	nil	zap-generated/MTRCommandPayloadsObjc.mm:32080
MTRChannelClusterGetProgramGuideParams	startTime	nil	zap-generated/MTRCommandPayloadsObjc.mm:32157
MTRChannelClusterGetProgramGuideParams	endTime	nil	zap-generated/MTRCommandPayloadsObjc.mm:32159
MTRChannelClusterGetProgramGuideParams	channelList	nil	zap-generated/MTRCommandPayloadsObjc.mm:32161
MTRChannelClusterGetProgramGuideParams	pageToken	nil	zap-generated/MTRCommandPayloadsObjc.mm:32163
MTRChannelClusterGetProgramGuideParams	recordingFlag	nil	zap-generated/MTRCommandPayloadsObjc.mm:32165
MTRChannelClusterGetProgramGuideParams	externalIDList	nil	zap-generated/MTRCommandPayloadsObjc.mm:32167
MTRChannelClusterGetProgramGuideParams	data	nil	zap-generated/MTRCommandPayloadsObjc.mm:32169
MTRChannelClusterGetProgramGuideParams	timedInvokeTimeoutMs	nil	zap-generated/MTRCommandPayloadsObjc.mm:32170
MTRChannelClusterGetProgramGuideParams	serverSideProcessingTimeout	nil	zap-generated/MTRCommandPayloadsObjc.mm:32171
MTRChannelClusterProgramGuideResponseParams	paging	[MTRChannelClusterChannelPagingStruct new]	zap-generated/MTRCommandPayloadsObjc.mm:32370
MTRChannelClusterProgramGuideResponseParams	programList	[NSArray array]	zap-generated/MTRCommandPayloadsObjc.mm:32372
MTRChannelClusterRecordProgramParams	programIdentifier	@""	zap-generated/MTRCommandPayloadsObjc.mm:32823
MTRChannelClusterRecordProgramParams	shouldRecordSeries	@(0)	zap-generated/MTRCommandPayloadsObjc.mm:32825
MTRChannelClusterRecordProgramParams	externalIDList	[NSArray array]	zap-generated/MTRCommandPayloadsObjc.mm:32827
MTRChannelClusterRecordProgramParams	data	[NSData data]	zap-generated/MTRCommandPayloadsObjc.mm:32829
MTRChannelClusterRecordProgramParams	timedInvokeTimeoutMs	nil	zap-generated/MTRCommandPayloadsObjc.mm:32830
MTRChannelClusterRecordProgramParams	serverSideProcessingTimeout	nil	zap-generated/MTRCommandPayloadsObjc.mm:32831
MTRChannelClusterCancelRecordProgramParams	programIdentifier	@""	zap-generated/MTRCommandPayloadsObjc.mm:32943
MTRChannelClusterCancelRecordProgramParams	shouldRecordSeries	@(0)	zap-generated/MTRCommandPayloadsObjc.mm:32945
MTRChannelClusterCancelRecordProgramParams	externalIDList	[NSArray array]	zap-generated/MTRCommandPayloadsObjc.mm:32947
MTRChannelClusterCancelRecordProgramParams	data	[NSData data]	zap-generated/MTRCommandPayloadsObjc.mm:32949
MTRChannelClusterCancelRecordProgramParams	timedInvokeTimeoutMs	nil	zap-generated/MTRCommandPayloadsObjc.mm:32950
MTRChannelClusterCancelRecordProgramParams	serverSideProcessingTimeout	nil	zap-generated/MTRCommandPayloadsObjc.mm:32951
MTRTargetNavigatorClusterNavigateTargetParams	target	@(0)	zap-generated/MTRCommandPayloadsObjc.mm:33063
MTRTargetNavigatorClusterNavigateTargetParams	data	nil	zap-generated/MTRCommandPayloadsObjc.mm:33065
MTRTargetNavigatorClusterNavigateTargetParams	timedInvokeTimeoutMs	nil	zap-generated/MTRCommandPayloadsObjc.mm:33066
MTRTargetNavigatorClusterNavigateTargetParams	serverSideProcessingTimeout	nil	zap-generated/MTRCommandPayloadsObjc.mm:33067
MTRTargetNavigatorClusterNavigateTargetResponseParams	status	@(0)	zap-generated/MTRCommandPayloadsObjc.mm:33151
MTRTargetNavigatorClusterNavigateTargetResponseParams	data	nil	zap-generated/MTRCommandPayloadsObjc.mm:33153
MTRTargetNavigatorClusterNavigateTargetResponseParams	timedInvokeTimeoutMs	nil	zap-generated/MTRCommandPayloadsObjc.mm:33154
MTRMediaPlaybackClusterPlayParams	timedInvokeTimeoutMs	nil	zap-generated/MTRCommandPayloadsObjc.mm:33255
MTRMediaPlaybackClusterPlayParams	serverSideProcessingTimeout	nil	zap-generated/MTRCommandPayloadsObjc.mm:33256
MTRMediaPlaybackClusterPauseParams	timedInvokeTimeoutMs	nil	zap-generated/MTRCommandPayloadsObjc.mm:33328
MTRMediaPlaybackClusterPauseParams	serverSideProcessingTimeout	nil	zap-generated/MTRCommandPayloadsObjc.mm:33329
MTRMediaPlaybackClusterStopParams	timedInvokeTimeoutMs	nil	zap-generated/MTRCommandPayloadsObjc.mm:33401
MTRMediaPlaybackClusterStopParams	serverSideProcessingTimeout	nil	zap-generated/MTRCommandPayloadsObjc.mm:33402
MTRMediaPlaybackClusterStartOverParams	timedInvokeTimeoutMs	nil	zap-generated/MTRCommandPayloadsObjc.mm:33479
MTRMediaPlaybackClusterStartOverParams	serverSideProcessingTimeout	nil	zap-generated/MTRCommandPayloadsObjc.mm:33480
MTRMediaPlaybackClusterPreviousParams	timedInvokeTimeoutMs	nil	zap-generated/MTRCommandPayloadsObjc.mm:33552
MTRMediaPlaybackClusterPreviousParams	serverSideProcessingTimeout	nil	zap-generated/MTRCommandPayloadsObjc.mm:33553
MTRMediaPlaybackClusterNextParams	timedInvokeTimeoutMs	nil	zap-generated/MTRCommandPayloadsObjc.mm:33625
MTRMediaPlaybackClusterNextParams	serverSideProcessingTimeout	nil	zap-generated/MTRCommandPayloadsObjc.mm:33626
MTRMediaPlaybackClusterRewindParams	audioAdvanceUnmuted	nil	zap-generated/MTRCommandPayloadsObjc.mm:33699
MTRMediaPlaybackClusterRewindParams	timedInvokeTimeoutMs	nil	zap-generated/MTRCommandPayloadsObjc.mm:33700
MTRMediaPlaybackClusterRewindParams	serverSideProcessingTimeout	nil	zap-generated/MTRCommandPayloadsObjc.mm:33701
MTRMediaPlaybackClusterFastForwardParams	audioAdvanceUnmuted	nil	zap-generated/MTRCommandPayloadsObjc.mm:33781
MTRMediaPlaybackClusterFastForwardParams	timedInvokeTimeoutMs	nil	zap-generated/MTRCommandPayloadsObjc.mm:33782
MTRMediaPlaybackClusterFastForwardParams	serverSideProcessingTimeout	nil	zap-generated/MTRCommandPayloadsObjc.mm:33783
MTRMediaPlaybackClusterSkipForwardParams	deltaPositionMilliseconds	@(0)	zap-generated/MTRCommandPayloadsObjc.mm:33863
MTRMediaPlaybackClusterSkipForwardParams	timedInvokeTimeoutMs	nil	zap-generated/MTRCommandPayloadsObjc.mm:33864
MTRMediaPlaybackClusterSkipForwardParams	serverSideProcessingTimeout	nil	zap-generated/MTRCommandPayloadsObjc.mm:33865
MTRMediaPlaybackClusterSkipBackwardParams	deltaPositionMilliseconds	@(0)	zap-generated/MTRCommandPayloadsObjc.mm:33942
MTRMediaPlaybackClusterSkipBackwardParams	timedInvokeTimeoutMs	nil	zap-generated/MTRCommandPayloadsObjc.mm:33943
MTRMediaPlaybackClusterSkipBackwardParams	serverSideProcessingTimeout	nil	zap-generated/MTRCommandPayloadsObjc.mm:33944
MTRMediaPlaybackClusterPlaybackResponseParams	status	@(0)	zap-generated/MTRCommandPayloadsObjc.mm:34021
MTRMediaPlaybackClusterPlaybackResponseParams	data	nil	zap-generated/MTRCommandPayloadsObjc.mm:34023
MTRMediaPlaybackClusterPlaybackResponseParams	timedInvokeTimeoutMs	nil	zap-generated/MTRCommandPayloadsObjc.mm:34024
MTRMediaPlaybackClusterSeekParams	position	@(0)	zap-generated/MTRCommandPayloadsObjc.mm:34126
MTRMediaPlaybackClusterSeekParams	timedInvokeTimeoutMs	nil	zap-generated/MTRCommandPayloadsObjc.mm:34127
MTRMediaPlaybackClusterSeekParams	serverSideProcessingTimeout	nil	zap-generated/MTRCommandPayloadsObjc.mm:34128
MTRMediaPlaybackClusterActivateAudioTrackParams	trackID	@""	zap-generated/MTRCommandPayloadsObjc.mm:34205
MTRMediaPlaybackClusterActivateAudioTrackParams	audioOutputIndex	@(0)	zap-generated/MTRCommandPayloadsObjc.mm:34207
MTRMediaPlaybackClusterActivateAudioTrackParams	timedInvokeTimeoutMs	nil	zap-generated/MTRCommandPayloadsObjc.mm:34208
MTRMediaPlaybackClusterActivateAudioTrackParams	serverSideProcessingTimeout	nil	zap-generated/MTRCommandPayloadsObjc.mm:34209
MTRMediaPlaybackClusterActivateTextTrackParams	trackID	@""	zap-generated/MTRCommandPayloadsObjc.mm:34290
MTRMediaPlaybackClusterActivateTextTrackParams	timedInvokeTimeoutMs	nil	zap-generated/MTRCommandPayloadsObjc.mm:34291
MTRMediaPlaybackClusterActivateTextTrackParams	serverSideProcessingTimeout	nil	zap-generated/MTRCommandPayloadsObjc.mm:34292
MTRMediaPlaybackClusterDeactivateTextTrackParams	timedInvokeTimeoutMs	nil	zap-generated/MTRCommandPayloadsObjc.mm:34368
MTRMediaPlaybackClusterDeactivateTextTrackParams	serverSideProcessingTimeout	nil	zap-generated/MTRCommandPayloadsObjc.mm:34369
MTRMediaInputClusterSelectInputParams	index	@(0)	zap-generated/MTRCommandPayloadsObjc.mm:34442
MTRMediaInputClusterSelectInputParams	timedInvokeTimeoutMs	nil	zap-generated/MTRCommandPayloadsObjc.mm:34443
MTRMediaInputClusterSelectInputParams	serverSideProcessingTimeout	nil	zap-generated/MTRCommandPayloadsObjc.mm:34444
MTRMediaInputClusterShowInputStatusParams	timedInvokeTimeoutMs	nil	zap-generated/MTRCommandPayloadsObjc.mm:34520
MTRMediaInputClusterShowInputStatusParams	serverSideProcessingTimeout	nil	zap-generated/MTRCommandPayloadsObjc.mm:34521
MTRMediaInputClusterHideInputStatusParams	timedInvokeTimeoutMs	nil	zap-generated/MTRCommandPayloadsObjc.mm:34593
MTRMediaInputClusterHideInputStatusParams	serverSideProcessingTimeout	nil	zap-generated/MTRCommandPayloadsObjc.mm:34594
MTRMediaInputClusterRenameInputParams	index	@(0)	zap-generated/MTRCommandPayloadsObjc.mm:34667
MTRMediaInputClusterRenameInputParams	name	@""	zap-generated/MTRCommandPayloadsObjc.mm:34669
MTRMediaInputClusterRenameInputParams	timedInvokeTimeoutMs	nil	zap-generated/MTRCommandPayloadsObjc.mm:34670
MTRMediaInputClusterRenameInputParams	serverSideProcessingTimeout	nil	zap-generated/MTRCommandPayloadsObjc.mm:34671
MTRLowPowerClusterSleepParams	timedInvokeTimeoutMs	nil	zap-generated/MTRCommandPayloadsObjc.mm:34751
MTRLowPowerClusterSleepParams	serverSideProcessingTimeout	nil	zap-generated/MTRCommandPayloadsObjc.mm:34752
MTRKeypadInputClusterSendKeyParams	keyCode	@(0)	zap-generated/MTRCommandPayloadsObjc.mm:34825
MTRKeypadInputClusterSendKeyParams	timedInvokeTimeoutMs	nil	zap-generated/MTRCommandPayloadsObjc.mm:34826
MTRKeypadInputClusterSendKeyParams	serverSideProcessingTimeout	nil	zap-generated/MTRCommandPayloadsObjc.mm:34827
MTRKeypadInputClusterSendKeyResponseParams	status	@(0)	zap-generated/MTRCommandPayloadsObjc.mm:34904
MTRKeypadInputClusterSendKeyResponseParams	timedInvokeTimeoutMs	nil	zap-generated/MTRCommandPayloadsObjc.mm:34905
MTRContentLauncherClusterLaunchContentParams	search	[MTRContentLauncherClusterContentSearchStruct new]	zap-generated/MTRCommandPayloadsObjc.mm:34995
MTRContentLauncherClusterLaunchContentParams	autoPlay	@(0)	zap-generated/MTRCommandPayloadsObjc.mm:34997
MTRContentLauncherClusterLaunchContentParams	data	nil	zap-generated/MTRCommandPayloadsObjc.mm:34999
MTRContentLauncherClusterLaunchContentParams	playbackPreferences	nil	zap-generated/MTRCommandPayloadsObjc.mm:35001
MTRContentLauncherClusterLaunchContentParams	useCurrentContext	nil	zap-generated/MTRCommandPayloadsObjc.mm:35003
MTRContentLauncherClusterLaunchContentParams	contentAppVendorID	nil	zap-generated/MTRCommandPayloadsObjc.mm:35005
MTRContentLauncherClusterLaunchContentParams	contentAppProductID	nil	zap-generated/MTRCommandPayloadsObjc.mm:35007
MTRContentLauncherClusterLaunchContentParams	timedInvokeTimeoutMs	nil	zap-generated/MTRCommandPayloadsObjc.mm:35008
MTRContentLauncherClusterLaunchContentParams	serverSideProcessingTimeout	nil	zap-generated/MTRCommandPayloadsObjc.mm:35009
MTRContentLauncherClusterLaunchURLParams	contentURL	@""	zap-generated/MTRCommandPayloadsObjc.mm:35266
MTRContentLauncherClusterLaunchURLParams	displayString	nil	zap-generated/MTRCommandPayloadsObjc.mm:35268
MTRContentLauncherClusterLaunchURLParams	brandingInformation	nil	zap-generated/MTRCommandPayloadsObjc.mm:35270
MTRContentLauncherClusterLaunchURLParams	playbackPreferences	nil	zap-generated/MTRCommandPayloadsObjc.mm:35272
MTRContentLauncherClusterLaunchURLParams	contentType	nil	zap-generated/MTRCommandPayloadsObjc.mm:35274
MTRContentLauncherClusterLaunchURLParams	contentHeaders	nil	zap-generated/MTRCommandPayloadsObjc.mm:35276
MTRContentLauncherClusterLaunchURLParams	offsetMillisecs	nil	zap-generated/MTRCommandPayloadsObjc.mm:35278
MTRContentLauncherClusterLaunchURLParams	queueType	nil	zap-generated/MTRCommandPayloadsObjc.mm:35280
MTRContentLauncherClusterLaunchURLParams	nextUrl	nil	zap-generated/MTRCommandPayloadsObjc.mm:35282
MTRContentLauncherClusterLaunchURLParams	timedInvokeTimeoutMs	nil	zap-generated/MTRCommandPayloadsObjc.mm:35283
MTRContentLauncherClusterLaunchURLParams	serverSideProcessingTimeout	nil	zap-generated/MTRCommandPayloadsObjc.mm:35284
MTRContentLauncherClusterLauncherResponseParams	status	@(0)	zap-generated/MTRCommandPayloadsObjc.mm:35630
MTRContentLauncherClusterLauncherResponseParams	data	nil	zap-generated/MTRCommandPayloadsObjc.mm:35632
MTRContentLauncherClusterLauncherResponseParams	timedInvokeTimeoutMs	nil	zap-generated/MTRCommandPayloadsObjc.mm:35633
MTRContentLauncherClusterContentReplicationRequestParams	timedInvokeTimeoutMs	nil	zap-generated/MTRCommandPayloadsObjc.mm:35740
MTRContentLauncherClusterContentReplicationRequestParams	serverSideProcessingTimeout	nil	zap-generated/MTRCommandPayloadsObjc.mm:35741
MTRContentLauncherClusterContentReplicationResponseParams	status	@(0)	zap-generated/MTRCommandPayloadsObjc.mm:35814
MTRContentLauncherClusterContentReplicationResponseParams	replicationInfo	nil	zap-generated/MTRCommandPayloadsObjc.mm:35816
MTRContentLauncherClusterPlayPresetParams	presetID	@(0)	zap-generated/MTRCommandPayloadsObjc.mm:36031
MTRContentLauncherClusterPlayPresetParams	timedInvokeTimeoutMs	nil	zap-generated/MTRCommandPayloadsObjc.mm:36032
MTRContentLauncherClusterPlayPresetParams	serverSideProcessingTimeout	nil	zap-generated/MTRCommandPayloadsObjc.mm:36033
MTRAudioOutputClusterSelectOutputParams	index	@(0)	zap-generated/MTRCommandPayloadsObjc.mm:36110
MTRAudioOutputClusterSelectOutputParams	timedInvokeTimeoutMs	nil	zap-generated/MTRCommandPayloadsObjc.mm:36111
MTRAudioOutputClusterSelectOutputParams	serverSideProcessingTimeout	nil	zap-generated/MTRCommandPayloadsObjc.mm:36112
MTRAudioOutputClusterRenameOutputParams	index	@(0)	zap-generated/MTRCommandPayloadsObjc.mm:36189
MTRAudioOutputClusterRenameOutputParams	name	@""	zap-generated/MTRCommandPayloadsObjc.mm:36191
MTRAudioOutputClusterRenameOutputParams	timedInvokeTimeoutMs	nil	zap-generated/MTRCommandPayloadsObjc.mm:36192
MTRAudioOutputClusterRenameOutputParams	serverSideProcessingTimeout	nil	zap-generated/MTRCommandPayloadsObjc.mm:36193
MTRApplicationLauncherClusterLaunchAppParams	application	nil	zap-generated/MTRCommandPayloadsObjc.mm:36274
MTRApplicationLauncherClusterLaunchAppParams	data	nil	zap-generated/MTRCommandPayloadsObjc.mm:36276
MTRApplicationLauncherClusterLaunchAppParams	timedInvokeTimeoutMs	nil	zap-generated/MTRCommandPayloadsObjc.mm:36277
MTRApplicationLauncherClusterLaunchAppParams	serverSideProcessingTimeout	nil	zap-generated/MTRCommandPayloadsObjc.mm:36278
MTRApplicationLauncherClusterStopAppParams	application	nil	zap-generated/MTRCommandPayloadsObjc.mm:36366
MTRApplicationLauncherClusterStopAppParams	timedInvokeTimeoutMs	nil	zap-generated/MTRCommandPayloadsObjc.mm:36367
MTRApplicationLauncherClusterStopAppParams	serverSideProcessingTimeout	nil	zap-generated/MTRCommandPayloadsObjc.mm:36368
MTRApplicationLauncherClusterHideAppParams	application	nil	zap-generated/MTRCommandPayloadsObjc.mm:36449
MTRApplicationLauncherClusterHideAppParams	timedInvokeTimeoutMs	nil	zap-generated/MTRCommandPayloadsObjc.mm:36450
MTRApplicationLauncherClusterHideAppParams	serverSideProcessingTimeout	nil	zap-generated/MTRCommandPayloadsObjc.mm:36451
MTRApplicationLauncherClusterLauncherResponseParams	status	@(0)	zap-generated/MTRCommandPayloadsObjc.mm:36532
MTRApplicationLauncherClusterLauncherResponseParams	data	nil	zap-generated/MTRCommandPayloadsObjc.mm:36534
MTRApplicationLauncherClusterLauncherResponseParams	timedInvokeTimeoutMs	nil	zap-generated/MTRCommandPayloadsObjc.mm:36535
MTRAccountLoginClusterGetSetupPINParams	tempAccountIdentifier	@""	zap-generated/MTRCommandPayloadsObjc.mm:36633
MTRAccountLoginClusterGetSetupPINParams	timedInvokeTimeoutMs	nil	zap-generated/MTRCommandPayloadsObjc.mm:36634
MTRAccountLoginClusterGetSetupPINParams	serverSideProcessingTimeout	nil	zap-generated/MTRCommandPayloadsObjc.mm:36635
MTRAccountLoginClusterGetSetupPINResponseParams	setupPIN	@""	zap-generated/MTRCommandPayloadsObjc.mm:36712
MTRAccountLoginClusterGetSetupPINResponseParams	timedInvokeTimeoutMs	nil	zap-generated/MTRCommandPayloadsObjc.mm:36713
MTRAccountLoginClusterLoginParams	tempAccountIdentifier	@""	zap-generated/MTRCommandPayloadsObjc.mm:36807
MTRAccountLoginClusterLoginParams	setupPIN	@""	zap-generated/MTRCommandPayloadsObjc.mm:36809
MTRAccountLoginClusterLoginParams	node	nil	zap-generated/MTRCommandPayloadsObjc.mm:36811
MTRAccountLoginClusterLoginParams	timedInvokeTimeoutMs	nil	zap-generated/MTRCommandPayloadsObjc.mm:36812
MTRAccountLoginClusterLoginParams	serverSideProcessingTimeout	nil	zap-generated/MTRCommandPayloadsObjc.mm:36813
MTRAccountLoginClusterLogoutParams	node	nil	zap-generated/MTRCommandPayloadsObjc.mm:36901
MTRAccountLoginClusterLogoutParams	timedInvokeTimeoutMs	nil	zap-generated/MTRCommandPayloadsObjc.mm:36902
MTRAccountLoginClusterLogoutParams	serverSideProcessingTimeout	nil	zap-generated/MTRCommandPayloadsObjc.mm:36903
MTRAccountLoginClusterGetDeviceAuthURIParams	timedInvokeTimeoutMs	nil	zap-generated/MTRCommandPayloadsObjc.mm:36982
MTRAccountLoginClusterGetDeviceAuthURIParams	serverSideProcessingTimeout	nil	zap-generated/MTRCommandPayloadsObjc.mm:36983
MTRAccountLoginClusterGetDeviceAuthURIResponseParams	userCode	@""	zap-generated/MTRCommandPayloadsObjc.mm:37056
MTRAccountLoginClusterGetDeviceAuthURIResponseParams	verificationURI	@""	zap-generated/MTRCommandPayloadsObjc.mm:37058
MTRAccountLoginClusterGetDeviceAuthURIResponseParams	verificationURIComplete	nil	zap-generated/MTRCommandPayloadsObjc.mm:37060
MTRAccountLoginClusterGetDeviceAuthURIResponseParams	expiresIn	@(0)	zap-generated/MTRCommandPayloadsObjc.mm:37062
MTRAccountLoginClusterGetDeviceAuthURIResponseParams	interval	@(0)	zap-generated/MTRCommandPayloadsObjc.mm:37064
MTRContentControlClusterUpdatePINParams	oldPIN	@""	zap-generated/MTRCommandPayloadsObjc.mm:37185
MTRContentControlClusterUpdatePINParams	newPIN	@""	zap-generated/MTRCommandPayloadsObjc.mm:37187
MTRContentControlClusterUpdatePINParams	timedInvokeTimeoutMs	nil	zap-generated/MTRCommandPayloadsObjc.mm:37188
MTRContentControlClusterUpdatePINParams	serverSideProcessingTimeout	nil	zap-generated/MTRCommandPayloadsObjc.mm:37189
MTRContentControlClusterResetPINParams	timedInvokeTimeoutMs	nil	zap-generated/MTRCommandPayloadsObjc.mm:37269
MTRContentControlClusterResetPINParams	serverSideProcessingTimeout	nil	zap-generated/MTRCommandPayloadsObjc.mm:37270
MTRContentControlClusterResetPINResponseParams	pinCode	@""	zap-generated/MTRCommandPayloadsObjc.mm:37343
MTRContentControlClusterEnableParams	timedInvokeTimeoutMs	nil	zap-generated/MTRCommandPayloadsObjc.mm:37435
MTRContentControlClusterEnableParams	serverSideProcessingTimeout	nil	zap-generated/MTRCommandPayloadsObjc.mm:37436
MTRContentControlClusterDisableParams	timedInvokeTimeoutMs	nil	zap-generated/MTRCommandPayloadsObjc.mm:37508
MTRContentControlClusterDisableParams	serverSideProcessingTimeout	nil	zap-generated/MTRCommandPayloadsObjc.mm:37509
MTRContentControlClusterAddBonusTimeParams	pinCode	nil	zap-generated/MTRCommandPayloadsObjc.mm:37582
MTRContentControlClusterAddBonusTimeParams	bonusTime	@(0)	zap-generated/MTRCommandPayloadsObjc.mm:37584
MTRContentControlClusterAddBonusTimeParams	timedInvokeTimeoutMs	nil	zap-generated/MTRCommandPayloadsObjc.mm:37585
MTRContentControlClusterAddBonusTimeParams	serverSideProcessingTimeout	nil	zap-generated/MTRCommandPayloadsObjc.mm:37586
MTRContentControlClusterSetScreenDailyTimeParams	screenTime	@(0)	zap-generated/MTRCommandPayloadsObjc.mm:37670
MTRContentControlClusterSetScreenDailyTimeParams	timedInvokeTimeoutMs	nil	zap-generated/MTRCommandPayloadsObjc.mm:37671
MTRContentControlClusterSetScreenDailyTimeParams	serverSideProcessingTimeout	nil	zap-generated/MTRCommandPayloadsObjc.mm:37672
MTRContentControlClusterBlockUnratedContentParams	timedInvokeTimeoutMs	nil	zap-generated/MTRCommandPayloadsObjc.mm:37748
MTRContentControlClusterBlockUnratedContentParams	serverSideProcessingTimeout	nil	zap-generated/MTRCommandPayloadsObjc.mm:37749
MTRContentControlClusterUnblockUnratedContentParams	timedInvokeTimeoutMs	nil	zap-generated/MTRCommandPayloadsObjc.mm:37821
MTRContentControlClusterUnblockUnratedContentParams	serverSideProcessingTimeout	nil	zap-generated/MTRCommandPayloadsObjc.mm:37822
MTRContentControlClusterSetOnDemandRatingThresholdParams	rating	@""	zap-generated/MTRCommandPayloadsObjc.mm:37895
MTRContentControlClusterSetOnDemandRatingThresholdParams	timedInvokeTimeoutMs	nil	zap-generated/MTRCommandPayloadsObjc.mm:37896
MTRContentControlClusterSetOnDemandRatingThresholdParams	serverSideProcessingTimeout	nil	zap-generated/MTRCommandPayloadsObjc.mm:37897
MTRContentControlClusterSetScheduledContentRatingThresholdParams	rating	@""	zap-generated/MTRCommandPayloadsObjc.mm:37974
MTRContentControlClusterSetScheduledContentRatingThresholdParams	timedInvokeTimeoutMs	nil	zap-generated/MTRCommandPayloadsObjc.mm:37975
MTRContentControlClusterSetScheduledContentRatingThresholdParams	serverSideProcessingTimeout	nil	zap-generated/MTRCommandPayloadsObjc.mm:37976
MTRContentControlClusterAddBlockChannelsParams	channels	[NSArray array]	zap-generated/MTRCommandPayloadsObjc.mm:38053
MTRContentControlClusterAddBlockChannelsParams	timedInvokeTimeoutMs	nil	zap-generated/MTRCommandPayloadsObjc.mm:38054
MTRContentControlClusterAddBlockChannelsParams	serverSideProcessingTimeout	nil	zap-generated/MTRCommandPayloadsObjc.mm:38055
MTRContentControlClusterRemoveBlockChannelsParams	channelIndexes	[NSArray array]	zap-generated/MTRCommandPayloadsObjc.mm:38165
MTRContentControlClusterRemoveBlockChannelsParams	timedInvokeTimeoutMs	nil	zap-generated/MTRCommandPayloadsObjc.mm:38166
MTRContentControlClusterRemoveBlockChannelsParams	serverSideProcessingTimeout	nil	zap-generated/MTRCommandPayloadsObjc.mm:38167
MTRContentControlClusterAddBlockApplicationsParams	applications	[NSArray array]	zap-generated/MTRCommandPayloadsObjc.mm:38266
MTRContentControlClusterAddBlockApplicationsParams	timedInvokeTimeoutMs	nil	zap-generated/MTRCommandPayloadsObjc.mm:38267
MTRContentControlClusterAddBlockApplicationsParams	serverSideProcessingTimeout	nil	zap-generated/MTRCommandPayloadsObjc.mm:38268
MTRContentControlClusterRemoveBlockApplicationsParams	applications	[NSArray array]	zap-generated/MTRCommandPayloadsObjc.mm:38368
MTRContentControlClusterRemoveBlockApplicationsParams	timedInvokeTimeoutMs	nil	zap-generated/MTRCommandPayloadsObjc.mm:38369
MTRContentControlClusterRemoveBlockApplicationsParams	serverSideProcessingTimeout	nil	zap-generated/MTRCommandPayloadsObjc.mm:38370
MTRContentControlClusterSetBlockContentTimeWindowParams	timeWindow	[MTRContentControlClusterTimeWindowStruct new]	zap-generated/MTRCommandPayloadsObjc.mm:38470
MTRContentControlClusterSetBlockContentTimeWindowParams	timedInvokeTimeoutMs	nil	zap-generated/MTRCommandPayloadsObjc.mm:38471
MTRContentControlClusterSetBlockContentTimeWindowParams	serverSideProcessingTimeout	nil	zap-generated/MTRCommandPayloadsObjc.mm:38472
MTRContentControlClusterRemoveBlockContentTimeWindowParams	timeWindowIndexes	[NSArray array]	zap-generated/MTRCommandPayloadsObjc.mm:38581
MTRContentControlClusterRemoveBlockContentTimeWindowParams	timedInvokeTimeoutMs	nil	zap-generated/MTRCommandPayloadsObjc.mm:38582
MTRContentControlClusterRemoveBlockContentTimeWindowParams	serverSideProcessingTimeout	nil	zap-generated/MTRCommandPayloadsObjc.mm:38583
MTRContentAppObserverClusterContentAppMessageParams	data	nil	zap-generated/MTRCommandPayloadsObjc.mm:38682
MTRContentAppObserverClusterContentAppMessageParams	encodingHint	@""	zap-generated/MTRCommandPayloadsObjc.mm:38684
MTRContentAppObserverClusterContentAppMessageParams	timedInvokeTimeoutMs	nil	zap-generated/MTRCommandPayloadsObjc.mm:38685
MTRContentAppObserverClusterContentAppMessageParams	serverSideProcessingTimeout	nil	zap-generated/MTRCommandPayloadsObjc.mm:38686
MTRContentAppObserverClusterContentAppMessageResponseParams	status	@(0)	zap-generated/MTRCommandPayloadsObjc.mm:38770
MTRContentAppObserverClusterContentAppMessageResponseParams	data	nil	zap-generated/MTRCommandPayloadsObjc.mm:38772
MTRContentAppObserverClusterContentAppMessageResponseParams	encodingHint	nil	zap-generated/MTRCommandPayloadsObjc.mm:38774
MTRMediaFileManagementClusterAddFileParams	name	@""	zap-generated/MTRCommandPayloadsObjc.mm:38887
MTRMediaFileManagementClusterAddFileParams	size	@(0)	zap-generated/MTRCommandPayloadsObjc.mm:38889
MTRMediaFileManagementClusterAddFileParams	mimeType	@""	zap-generated/MTRCommandPayloadsObjc.mm:38891
MTRMediaFileManagementClusterAddFileParams	imageUri	@""	zap-generated/MTRCommandPayloadsObjc.mm:38893
MTRMediaFileManagementClusterAddFileParams	timedInvokeTimeoutMs	nil	zap-generated/MTRCommandPayloadsObjc.mm:38894
MTRMediaFileManagementClusterAddFileParams	serverSideProcessingTimeout	nil	zap-generated/MTRCommandPayloadsObjc.mm:38895
MTRMediaFileManagementClusterAddFileResponseParams	status	@(0)	zap-generated/MTRCommandPayloadsObjc.mm:38984
MTRMediaFileManagementClusterAddFileResponseParams	fileID	nil	zap-generated/MTRCommandPayloadsObjc.mm:38986
MTRMediaFileManagementClusterDeleteFileParams	fileID	@(0)	zap-generated/MTRCommandPayloadsObjc.mm:39083
MTRMediaFileManagementClusterDeleteFileParams	timedInvokeTimeoutMs	nil	zap-generated/MTRCommandPayloadsObjc.mm:39084
MTRMediaFileManagementClusterDeleteFileParams	serverSideProcessingTimeout	nil	zap-generated/MTRCommandPayloadsObjc.mm:39085
MTRMediaFileManagementClusterRequestSharedFilesParams	clientName	@""	zap-generated/MTRCommandPayloadsObjc.mm:39162
MTRMediaFileManagementClusterRequestSharedFilesParams	requestID	@(0)	zap-generated/MTRCommandPayloadsObjc.mm:39164
MTRMediaFileManagementClusterRequestSharedFilesParams	supportedMimeTypes	nil	zap-generated/MTRCommandPayloadsObjc.mm:39166
MTRMediaFileManagementClusterRequestSharedFilesParams	timedInvokeTimeoutMs	nil	zap-generated/MTRCommandPayloadsObjc.mm:39167
MTRMediaFileManagementClusterRequestSharedFilesParams	serverSideProcessingTimeout	nil	zap-generated/MTRCommandPayloadsObjc.mm:39168
MTRMediaFileManagementClusterGetSharedFileParams	responseID	@(0)	zap-generated/MTRCommandPayloadsObjc.mm:39283
MTRMediaFileManagementClusterGetSharedFileParams	timedInvokeTimeoutMs	nil	zap-generated/MTRCommandPayloadsObjc.mm:39284
MTRMediaFileManagementClusterGetSharedFileParams	serverSideProcessingTimeout	nil	zap-generated/MTRCommandPayloadsObjc.mm:39285
MTRMediaFileManagementClusterGetSharedFileResponseParams	status	@(0)	zap-generated/MTRCommandPayloadsObjc.mm:39362
MTRMediaFileManagementClusterGetSharedFileResponseParams	fileDescription	nil	zap-generated/MTRCommandPayloadsObjc.mm:39364
MTRMediaFileManagementClusterOfferFileParams	clientName	@""	zap-generated/MTRCommandPayloadsObjc.mm:39482
MTRMediaFileManagementClusterOfferFileParams	name	@""	zap-generated/MTRCommandPayloadsObjc.mm:39484
MTRMediaFileManagementClusterOfferFileParams	size	@(0)	zap-generated/MTRCommandPayloadsObjc.mm:39486
MTRMediaFileManagementClusterOfferFileParams	mimeType	@""	zap-generated/MTRCommandPayloadsObjc.mm:39488
MTRMediaFileManagementClusterOfferFileParams	imageUri	@""	zap-generated/MTRCommandPayloadsObjc.mm:39490
MTRMediaFileManagementClusterOfferFileParams	timedInvokeTimeoutMs	nil	zap-generated/MTRCommandPayloadsObjc.mm:39491
MTRMediaFileManagementClusterOfferFileParams	serverSideProcessingTimeout	nil	zap-generated/MTRCommandPayloadsObjc.mm:39492
MTRAudioControlClusterMuteParams	timedInvokeTimeoutMs	nil	zap-generated/MTRCommandPayloadsObjc.mm:39584
MTRAudioControlClusterMuteParams	serverSideProcessingTimeout	nil	zap-generated/MTRCommandPayloadsObjc.mm:39585
MTRAudioControlClusterUnmuteParams	timedInvokeTimeoutMs	nil	zap-generated/MTRCommandPayloadsObjc.mm:39657
MTRAudioControlClusterUnmuteParams	serverSideProcessingTimeout	nil	zap-generated/MTRCommandPayloadsObjc.mm:39658
MTRAudioControlClusterToggleMutedParams	timedInvokeTimeoutMs	nil	zap-generated/MTRCommandPayloadsObjc.mm:39730
MTRAudioControlClusterToggleMutedParams	serverSideProcessingTimeout	nil	zap-generated/MTRCommandPayloadsObjc.mm:39731
MTRAudioControlClusterSetVolumeParams	newVolume	@(0)	zap-generated/MTRCommandPayloadsObjc.mm:39804
MTRAudioControlClusterSetVolumeParams	unmutePolicy	nil	zap-generated/MTRCommandPayloadsObjc.mm:39806
MTRAudioControlClusterSetVolumeParams	timedInvokeTimeoutMs	nil	zap-generated/MTRCommandPayloadsObjc.mm:39807
MTRAudioControlClusterSetVolumeParams	serverSideProcessingTimeout	nil	zap-generated/MTRCommandPayloadsObjc.mm:39808
MTRAudioControlClusterIncreaseVolumeParams	stepSize	nil	zap-generated/MTRCommandPayloadsObjc.mm:39892
MTRAudioControlClusterIncreaseVolumeParams	unmutePolicy	nil	zap-generated/MTRCommandPayloadsObjc.mm:39894
MTRAudioControlClusterIncreaseVolumeParams	unmuteVolume	nil	zap-generated/MTRCommandPayloadsObjc.mm:39896
MTRAudioControlClusterIncreaseVolumeParams	timedInvokeTimeoutMs	nil	zap-generated/MTRCommandPayloadsObjc.mm:39897
MTRAudioControlClusterIncreaseVolumeParams	serverSideProcessingTimeout	nil	zap-generated/MTRCommandPayloadsObjc.mm:39898
MTRAudioControlClusterDecreaseVolumeParams	stepSize	nil	zap-generated/MTRCommandPayloadsObjc.mm:39992
MTRAudioControlClusterDecreaseVolumeParams	unmutePolicy	nil	zap-generated/MTRCommandPayloadsObjc.mm:39994
MTRAudioControlClusterDecreaseVolumeParams	timedInvokeTimeoutMs	nil	zap-generated/MTRCommandPayloadsObjc.mm:39995
MTRAudioControlClusterDecreaseVolumeParams	serverSideProcessingTimeout	nil	zap-generated/MTRCommandPayloadsObjc.mm:39996
MTRZoneManagementClusterCreateTwoDCartesianZoneParams	zone	[MTRZoneManagementClusterTwoDCartesianZoneStruct new]	zap-generated/MTRCommandPayloadsObjc.mm:40083
MTRZoneManagementClusterCreateTwoDCartesianZoneParams	nodeID	nil	zap-generated/MTRCommandPayloadsObjc.mm:40085
MTRZoneManagementClusterCreateTwoDCartesianZoneParams	endpointID	nil	zap-generated/MTRCommandPayloadsObjc.mm:40087
MTRZoneManagementClusterCreateTwoDCartesianZoneParams	timedInvokeTimeoutMs	nil	zap-generated/MTRCommandPayloadsObjc.mm:40088
MTRZoneManagementClusterCreateTwoDCartesianZoneParams	serverSideProcessingTimeout	nil	zap-generated/MTRCommandPayloadsObjc.mm:40089
MTRZoneManagementClusterCreateTwoDCartesianZoneResponseParams	zoneID	@(0)	zap-generated/MTRCommandPayloadsObjc.mm:40219
MTRZoneManagementClusterUpdateTwoDCartesianZoneParams	zoneID	@(0)	zap-generated/MTRCommandPayloadsObjc.mm:40308
MTRZoneManagementClusterUpdateTwoDCartesianZoneParams	zone	[MTRZoneManagementClusterTwoDCartesianZoneStruct new]	zap-generated/MTRCommandPayloadsObjc.mm:40310
MTRZoneManagementClusterUpdateTwoDCartesianZoneParams	nodeID	nil	zap-generated/MTRCommandPayloadsObjc.mm:40312
MTRZoneManagementClusterUpdateTwoDCartesianZoneParams	endpointID	nil	zap-generated/MTRCommandPayloadsObjc.mm:40314
MTRZoneManagementClusterUpdateTwoDCartesianZoneParams	timedInvokeTimeoutMs	nil	zap-generated/MTRCommandPayloadsObjc.mm:40315
MTRZoneManagementClusterUpdateTwoDCartesianZoneParams	serverSideProcessingTimeout	nil	zap-generated/MTRCommandPayloadsObjc.mm:40316
MTRZoneManagementClusterRemoveZoneParams	zoneID	@(0)	zap-generated/MTRCommandPayloadsObjc.mm:40450
MTRZoneManagementClusterRemoveZoneParams	timedInvokeTimeoutMs	nil	zap-generated/MTRCommandPayloadsObjc.mm:40451
MTRZoneManagementClusterRemoveZoneParams	serverSideProcessingTimeout	nil	zap-generated/MTRCommandPayloadsObjc.mm:40452
MTRZoneManagementClusterCreateOrUpdateTriggerParams	trigger	[MTRZoneManagementClusterZoneTriggerControlStruct new]	zap-generated/MTRCommandPayloadsObjc.mm:40529
MTRZoneManagementClusterCreateOrUpdateTriggerParams	timedInvokeTimeoutMs	nil	zap-generated/MTRCommandPayloadsObjc.mm:40530
MTRZoneManagementClusterCreateOrUpdateTriggerParams	serverSideProcessingTimeout	nil	zap-generated/MTRCommandPayloadsObjc.mm:40531
MTRZoneManagementClusterRemoveTriggerParams	zoneID	@(0)	zap-generated/MTRCommandPayloadsObjc.mm:40616
MTRZoneManagementClusterRemoveTriggerParams	timedInvokeTimeoutMs	nil	zap-generated/MTRCommandPayloadsObjc.mm:40617
MTRZoneManagementClusterRemoveTriggerParams	serverSideProcessingTimeout	nil	zap-generated/MTRCommandPayloadsObjc.mm:40618
MTRCameraAVStreamManagementClusterAudioStreamAllocateParams	streamUsage	@(0)	zap-generated/MTRCommandPayloadsObjc.mm:40695
MTRCameraAVStreamManagementClusterAudioStreamAllocateParams	audioCodec	@(0)	zap-generated/MTRCommandPayloadsObjc.mm:40697
MTRCameraAVStreamManagementClusterAudioStreamAllocateParams	channelCount	@(0)	zap-generated/MTRCommandPayloadsObjc.mm:40699
MTRCameraAVStreamManagementClusterAudioStreamAllocateParams	sampleRate	@(0)	zap-generated/MTRCommandPayloadsObjc.mm:40701
MTRCameraAVStreamManagementClusterAudioStreamAllocateParams	bitRate	@(0)	zap-generated/MTRCommandPayloadsObjc.mm:40703
MTRCameraAVStreamManagementClusterAudioStreamAllocateParams	bitDepth	@(0)	zap-generated/MTRCommandPayloadsObjc.mm:40705
MTRCameraAVStreamManagementClusterAudioStreamAllocateParams	timedInvokeTimeoutMs	nil	zap-generated/MTRCommandPayloadsObjc.mm:40706
MTRCameraAVStreamManagementClusterAudioStreamAllocateParams	serverSideProcessingTimeout	nil	zap-generated/MTRCommandPayloadsObjc.mm:40707
MTRCameraAVStreamManagementClusterAudioStreamAllocateResponseParams	audioStreamID	@(0)	zap-generated/MTRCommandPayloadsObjc.mm:40804
MTRCameraAVStreamManagementClusterAudioStreamDeallocateParams	audioStreamID	@(0)	zap-generated/MTRCommandPayloadsObjc.mm:40893
MTRCameraAVStreamManagementClusterAudioStreamDeallocateParams	timedInvokeTimeoutMs	nil	zap-generated/MTRCommandPayloadsObjc.mm:40894
MTRCameraAVStreamManagementClusterAudioStreamDeallocateParams	serverSideProcessingTimeout	nil	zap-generated/MTRCommandPayloadsObjc.mm:40895
MTRCameraAVStreamManagementClusterVideoStreamAllocateParams	streamUsage	@(0)	zap-generated/MTRCommandPayloadsObjc.mm:40972
MTRCameraAVStreamManagementClusterVideoStreamAllocateParams	videoCodec	@(0)	zap-generated/MTRCommandPayloadsObjc.mm:40974
MTRCameraAVStreamManagementClusterVideoStreamAllocateParams	minFrameRate	@(0)	zap-generated/MTRCommandPayloadsObjc.mm:40976
MTRCameraAVStreamManagementClusterVideoStreamAllocateParams	maxFrameRate	@(0)	zap-generated/MTRCommandPayloadsObjc.mm:40978
MTRCameraAVStreamManagementClusterVideoStreamAllocateParams	minResolution	[MTRCameraAVStreamManagementClusterVideoResolutionStruct new]	zap-generated/MTRCommandPayloadsObjc.mm:40980
MTRCameraAVStreamManagementClusterVideoStreamAllocateParams	maxResolution	[MTRCameraAVStreamManagementClusterVideoResolutionStruct new]	zap-generated/MTRCommandPayloadsObjc.mm:40982
MTRCameraAVStreamManagementClusterVideoStreamAllocateParams	minBitRate	@(0)	zap-generated/MTRCommandPayloadsObjc.mm:40984
MTRCameraAVStreamManagementClusterVideoStreamAllocateParams	maxBitRate	@(0)	zap-generated/MTRCommandPayloadsObjc.mm:40986
MTRCameraAVStreamManagementClusterVideoStreamAllocateParams	keyFrameInterval	@(0)	zap-generated/MTRCommandPayloadsObjc.mm:40988
MTRCameraAVStreamManagementClusterVideoStreamAllocateParams	watermarkEnabled	nil	zap-generated/MTRCommandPayloadsObjc.mm:40990
MTRCameraAVStreamManagementClusterVideoStreamAllocateParams	osdEnabled	nil	zap-generated/MTRCommandPayloadsObjc.mm:40992
MTRCameraAVStreamManagementClusterVideoStreamAllocateParams	timedInvokeTimeoutMs	nil	zap-generated/MTRCommandPayloadsObjc.mm:40993
MTRCameraAVStreamManagementClusterVideoStreamAllocateParams	serverSideProcessingTimeout	nil	zap-generated/MTRCommandPayloadsObjc.mm:40994
MTRCameraAVStreamManagementClusterVideoStreamAllocateResponseParams	videoStreamID	@(0)	zap-generated/MTRCommandPayloadsObjc.mm:41119
MTRCameraAVStreamManagementClusterVideoStreamModifyParams	videoStreamID	@(0)	zap-generated/MTRCommandPayloadsObjc.mm:41208
MTRCameraAVStreamManagementClusterVideoStreamModifyParams	watermarkEnabled	nil	zap-generated/MTRCommandPayloadsObjc.mm:41210
MTRCameraAVStreamManagementClusterVideoStreamModifyParams	osdEnabled	nil	zap-generated/MTRCommandPayloadsObjc.mm:41212
MTRCameraAVStreamManagementClusterVideoStreamModifyParams	timedInvokeTimeoutMs	nil	zap-generated/MTRCommandPayloadsObjc.mm:41213
MTRCameraAVStreamManagementClusterVideoStreamModifyParams	serverSideProcessingTimeout	nil	zap-generated/MTRCommandPayloadsObjc.mm:41214
MTRCameraAVStreamManagementClusterVideoStreamDeallocateParams	videoStreamID	@(0)	zap-generated/MTRCommandPayloadsObjc.mm:41305
MTRCameraAVStreamManagementClusterVideoStreamDeallocateParams	timedInvokeTimeoutMs	nil	zap-generated/MTRCommandPayloadsObjc.mm:41306
MTRCameraAVStreamManagementClusterVideoStreamDeallocateParams	serverSideProcessingTimeout	nil	zap-generated/MTRCommandPayloadsObjc.mm:41307
MTRCameraAVStreamManagementClusterSnapshotStreamAllocateParams	imageCodec	@(0)	zap-generated/MTRCommandPayloadsObjc.mm:41384
MTRCameraAVStreamManagementClusterSnapshotStreamAllocateParams	maxFrameRate	@(0)	zap-generated/MTRCommandPayloadsObjc.mm:41386
MTRCameraAVStreamManagementClusterSnapshotStreamAllocateParams	minResolution	[MTRCameraAVStreamManagementClusterVideoResolutionStruct new]	zap-generated/MTRCommandPayloadsObjc.mm:41388
MTRCameraAVStreamManagementClusterSnapshotStreamAllocateParams	maxResolution	[MTRCameraAVStreamManagementClusterVideoResolutionStruct new]	zap-generated/MTRCommandPayloadsObjc.mm:41390
MTRCameraAVStreamManagementClusterSnapshotStreamAllocateParams	quality	@(0)	zap-generated/MTRCommandPayloadsObjc.mm:41392
MTRCameraAVStreamManagementClusterSnapshotStreamAllocateParams	watermarkEnabled	nil	zap-generated/MTRCommandPayloadsObjc.mm:41394
MTRCameraAVStreamManagementClusterSnapshotStreamAllocateParams	osdEnabled	nil	zap-generated/MTRCommandPayloadsObjc.mm:41396
MTRCameraAVStreamManagementClusterSnapshotStreamAllocateParams	timedInvokeTimeoutMs	nil	zap-generated/MTRCommandPayloadsObjc.mm:41397
MTRCameraAVStreamManagementClusterSnapshotStreamAllocateParams	serverSideProcessingTimeout	nil	zap-generated/MTRCommandPayloadsObjc.mm:41398
MTRCameraAVStreamManagementClusterSnapshotStreamAllocateResponseParams	snapshotStreamID	@(0)	zap-generated/MTRCommandPayloadsObjc.mm:41507
MTRCameraAVStreamManagementClusterSnapshotStreamModifyParams	snapshotStreamID	@(0)	zap-generated/MTRCommandPayloadsObjc.mm:41596
MTRCameraAVStreamManagementClusterSnapshotStreamModifyParams	watermarkEnabled	nil	zap-generated/MTRCommandPayloadsObjc.mm:41598
MTRCameraAVStreamManagementClusterSnapshotStreamModifyParams	osdEnabled	nil	zap-generated/MTRCommandPayloadsObjc.mm:41600
MTRCameraAVStreamManagementClusterSnapshotStreamModifyParams	timedInvokeTimeoutMs	nil	zap-generated/MTRCommandPayloadsObjc.mm:41601
MTRCameraAVStreamManagementClusterSnapshotStreamModifyParams	serverSideProcessingTimeout	nil	zap-generated/MTRCommandPayloadsObjc.mm:41602
MTRCameraAVStreamManagementClusterSnapshotStreamDeallocateParams	snapshotStreamID	@(0)	zap-generated/MTRCommandPayloadsObjc.mm:41693
MTRCameraAVStreamManagementClusterSnapshotStreamDeallocateParams	timedInvokeTimeoutMs	nil	zap-generated/MTRCommandPayloadsObjc.mm:41694
MTRCameraAVStreamManagementClusterSnapshotStreamDeallocateParams	serverSideProcessingTimeout	nil	zap-generated/MTRCommandPayloadsObjc.mm:41695
MTRCameraAVStreamManagementClusterSetStreamPrioritiesParams	streamPriorities	[NSArray array]	zap-generated/MTRCommandPayloadsObjc.mm:41772
MTRCameraAVStreamManagementClusterSetStreamPrioritiesParams	timedInvokeTimeoutMs	nil	zap-generated/MTRCommandPayloadsObjc.mm:41773
MTRCameraAVStreamManagementClusterSetStreamPrioritiesParams	serverSideProcessingTimeout	nil	zap-generated/MTRCommandPayloadsObjc.mm:41774
MTRCameraAVStreamManagementClusterCaptureSnapshotParams	snapshotStreamID	nil	zap-generated/MTRCommandPayloadsObjc.mm:41873
MTRCameraAVStreamManagementClusterCaptureSnapshotParams	requestedResolution	[MTRCameraAVStreamManagementClusterVideoResolutionStruct new]	zap-generated/MTRCommandPayloadsObjc.mm:41875
MTRCameraAVStreamManagementClusterCaptureSnapshotParams	timedInvokeTimeoutMs	nil	zap-generated/MTRCommandPayloadsObjc.mm:41876
MTRCameraAVStreamManagementClusterCaptureSnapshotParams	serverSideProcessingTimeout	nil	zap-generated/MTRCommandPayloadsObjc.mm:41877
MTRCameraAVStreamManagementClusterCaptureSnapshotResponseParams	data	[NSData data]	zap-generated/MTRCommandPayloadsObjc.mm:41964
MTRCameraAVStreamManagementClusterCaptureSnapshotResponseParams	imageCodec	@(0)	zap-generated/MTRCommandPayloadsObjc.mm:41966
MTRCameraAVStreamManagementClusterCaptureSnapshotResponseParams	resolution	[MTRCameraAVStreamManagementClusterVideoResolutionStruct new]	zap-generated/MTRCommandPayloadsObjc.mm:41968
MTRCameraAVSettingsUserLevelManagementClusterMPTZSetPositionParams	pan	nil	zap-generated/MTRCommandPayloadsObjc.mm:42067
MTRCameraAVSettingsUserLevelManagementClusterMPTZSetPositionParams	tilt	nil	zap-generated/MTRCommandPayloadsObjc.mm:42069
MTRCameraAVSettingsUserLevelManagementClusterMPTZSetPositionParams	zoom	nil	zap-generated/MTRCommandPayloadsObjc.mm:42071
MTRCameraAVSettingsUserLevelManagementClusterMPTZSetPositionParams	timedInvokeTimeoutMs	nil	zap-generated/MTRCommandPayloadsObjc.mm:42072
MTRCameraAVSettingsUserLevelManagementClusterMPTZSetPositionParams	serverSideProcessingTimeout	nil	zap-generated/MTRCommandPayloadsObjc.mm:42073
MTRCameraAVSettingsUserLevelManagementClusterMPTZRelativeMoveParams	panDelta	nil	zap-generated/MTRCommandPayloadsObjc.mm:42167
MTRCameraAVSettingsUserLevelManagementClusterMPTZRelativeMoveParams	tiltDelta	nil	zap-generated/MTRCommandPayloadsObjc.mm:42169
MTRCameraAVSettingsUserLevelManagementClusterMPTZRelativeMoveParams	zoomDelta	nil	zap-generated/MTRCommandPayloadsObjc.mm:42171
MTRCameraAVSettingsUserLevelManagementClusterMPTZRelativeMoveParams	timedInvokeTimeoutMs	nil	zap-generated/MTRCommandPayloadsObjc.mm:42172
MTRCameraAVSettingsUserLevelManagementClusterMPTZRelativeMoveParams	serverSideProcessingTimeout	nil	zap-generated/MTRCommandPayloadsObjc.mm:42173
MTRCameraAVSettingsUserLevelManagementClusterMPTZMoveToPresetParams	presetID	@(0)	zap-generated/MTRCommandPayloadsObjc.mm:42267
MTRCameraAVSettingsUserLevelManagementClusterMPTZMoveToPresetParams	timedInvokeTimeoutMs	nil	zap-generated/MTRCommandPayloadsObjc.mm:42268
MTRCameraAVSettingsUserLevelManagementClusterMPTZMoveToPresetParams	serverSideProcessingTimeout	nil	zap-generated/MTRCommandPayloadsObjc.mm:42269
MTRCameraAVSettingsUserLevelManagementClusterMPTZSavePresetParams	presetID	nil	zap-generated/MTRCommandPayloadsObjc.mm:42346
MTRCameraAVSettingsUserLevelManagementClusterMPTZSavePresetParams	name	@""	zap-generated/MTRCommandPayloadsObjc.mm:42348
MTRCameraAVSettingsUserLevelManagementClusterMPTZSavePresetParams	timedInvokeTimeoutMs	nil	zap-generated/MTRCommandPayloadsObjc.mm:42349
MTRCameraAVSettingsUserLevelManagementClusterMPTZSavePresetParams	serverSideProcessingTimeout	nil	zap-generated/MTRCommandPayloadsObjc.mm:42350
MTRCameraAVSettingsUserLevelManagementClusterMPTZRemovePresetParams	presetID	@(0)	zap-generated/MTRCommandPayloadsObjc.mm:42434
MTRCameraAVSettingsUserLevelManagementClusterMPTZRemovePresetParams	timedInvokeTimeoutMs	nil	zap-generated/MTRCommandPayloadsObjc.mm:42435
MTRCameraAVSettingsUserLevelManagementClusterMPTZRemovePresetParams	serverSideProcessingTimeout	nil	zap-generated/MTRCommandPayloadsObjc.mm:42436
MTRCameraAVSettingsUserLevelManagementClusterDPTZSetViewportParams	videoStreamID	@(0)	zap-generated/MTRCommandPayloadsObjc.mm:42513
MTRCameraAVSettingsUserLevelManagementClusterDPTZSetViewportParams	viewport	[MTRDataTypeViewportStruct new]	zap-generated/MTRCommandPayloadsObjc.mm:42515
MTRCameraAVSettingsUserLevelManagementClusterDPTZSetViewportParams	timedInvokeTimeoutMs	nil	zap-generated/MTRCommandPayloadsObjc.mm:42516
MTRCameraAVSettingsUserLevelManagementClusterDPTZSetViewportParams	serverSideProcessingTimeout	nil	zap-generated/MTRCommandPayloadsObjc.mm:42517
MTRCameraAVSettingsUserLevelManagementClusterDPTZRelativeMoveParams	videoStreamID	@(0)	zap-generated/MTRCommandPayloadsObjc.mm:42601
MTRCameraAVSettingsUserLevelManagementClusterDPTZRelativeMoveParams	deltaX	nil	zap-generated/MTRCommandPayloadsObjc.mm:42603
MTRCameraAVSettingsUserLevelManagementClusterDPTZRelativeMoveParams	deltaY	nil	zap-generated/MTRCommandPayloadsObjc.mm:42605
MTRCameraAVSettingsUserLevelManagementClusterDPTZRelativeMoveParams	zoomDelta	nil	zap-generated/MTRCommandPayloadsObjc.mm:42607
MTRCameraAVSettingsUserLevelManagementClusterDPTZRelativeMoveParams	timedInvokeTimeoutMs	nil	zap-generated/MTRCommandPayloadsObjc.mm:42608
MTRCameraAVSettingsUserLevelManagementClusterDPTZRelativeMoveParams	serverSideProcessingTimeout	nil	zap-generated/MTRCommandPayloadsObjc.mm:42609
MTRWebRTCTransportProviderClusterSolicitOfferParams	streamUsage	@(0)	zap-generated/MTRCommandPayloadsObjc.mm:42707
MTRWebRTCTransportProviderClusterSolicitOfferParams	originatingEndpointID	@(0)	zap-generated/MTRCommandPayloadsObjc.mm:42709
MTRWebRTCTransportProviderClusterSolicitOfferParams	videoStreamID	nil	zap-generated/MTRCommandPayloadsObjc.mm:42711
MTRWebRTCTransportProviderClusterSolicitOfferParams	audioStreamID	nil	zap-generated/MTRCommandPayloadsObjc.mm:42713
MTRWebRTCTransportProviderClusterSolicitOfferParams	iceServers	nil	zap-generated/MTRCommandPayloadsObjc.mm:42715
MTRWebRTCTransportProviderClusterSolicitOfferParams	iceTransportPolicy	nil	zap-generated/MTRCommandPayloadsObjc.mm:42717
MTRWebRTCTransportProviderClusterSolicitOfferParams	metadataEnabled	nil	zap-generated/MTRCommandPayloadsObjc.mm:42719
MTRWebRTCTransportProviderClusterSolicitOfferParams	sFrameConfig	nil	zap-generated/MTRCommandPayloadsObjc.mm:42721
MTRWebRTCTransportProviderClusterSolicitOfferParams	videoStreams	nil	zap-generated/MTRCommandPayloadsObjc.mm:42723
MTRWebRTCTransportProviderClusterSolicitOfferParams	audioStreams	nil	zap-generated/MTRCommandPayloadsObjc.mm:42725
MTRWebRTCTransportProviderClusterSolicitOfferParams	timedInvokeTimeoutMs	nil	zap-generated/MTRCommandPayloadsObjc.mm:42726
MTRWebRTCTransportProviderClusterSolicitOfferParams	serverSideProcessingTimeout	nil	zap-generated/MTRCommandPayloadsObjc.mm:42727
MTRWebRTCTransportProviderClusterSolicitOfferResponseParams	webRTCSessionID	@(0)	zap-generated/MTRCommandPayloadsObjc.mm:42976
MTRWebRTCTransportProviderClusterSolicitOfferResponseParams	deferredOffer	@(0)	zap-generated/MTRCommandPayloadsObjc.mm:42978
MTRWebRTCTransportProviderClusterSolicitOfferResponseParams	videoStreamID	nil	zap-generated/MTRCommandPayloadsObjc.mm:42980
MTRWebRTCTransportProviderClusterSolicitOfferResponseParams	audioStreamID	nil	zap-generated/MTRCommandPayloadsObjc.mm:42982
MTRWebRTCTransportProviderClusterProvideOfferParams	webRTCSessionID	nil	zap-generated/MTRCommandPayloadsObjc.mm:43099
MTRWebRTCTransportProviderClusterProvideOfferParams	sdp	@""	zap-generated/MTRCommandPayloadsObjc.mm:43101
MTRWebRTCTransportProviderClusterProvideOfferParams	streamUsage	@(0)	zap-generated/MTRCommandPayloadsObjc.mm:43103
MTRWebRTCTransportProviderClusterProvideOfferParams	originatingEndpointID	@(0)	zap-generated/MTRCommandPayloadsObjc.mm:43105
MTRWebRTCTransportProviderClusterProvideOfferParams	videoStreamID	nil	zap-generated/MTRCommandPayloadsObjc.mm:43107
MTRWebRTCTransportProviderClusterProvideOfferParams	audioStreamID	nil	zap-generated/MTRCommandPayloadsObjc.mm:43109
MTRWebRTCTransportProviderClusterProvideOfferParams	iceServers	nil	zap-generated/MTRCommandPayloadsObjc.mm:43111
MTRWebRTCTransportProviderClusterProvideOfferParams	iceTransportPolicy	nil	zap-generated/MTRCommandPayloadsObjc.mm:43113
MTRWebRTCTransportProviderClusterProvideOfferParams	metadataEnabled	nil	zap-generated/MTRCommandPayloadsObjc.mm:43115
MTRWebRTCTransportProviderClusterProvideOfferParams	sFrameConfig	nil	zap-generated/MTRCommandPayloadsObjc.mm:43117
MTRWebRTCTransportProviderClusterProvideOfferParams	videoStreams	nil	zap-generated/MTRCommandPayloadsObjc.mm:43119
MTRWebRTCTransportProviderClusterProvideOfferParams	audioStreams	nil	zap-generated/MTRCommandPayloadsObjc.mm:43121
MTRWebRTCTransportProviderClusterProvideOfferParams	timedInvokeTimeoutMs	nil	zap-generated/MTRCommandPayloadsObjc.mm:43122
MTRWebRTCTransportProviderClusterProvideOfferParams	serverSideProcessingTimeout	nil	zap-generated/MTRCommandPayloadsObjc.mm:43123
MTRWebRTCTransportProviderClusterProvideOfferResponseParams	webRTCSessionID	@(0)	zap-generated/MTRCommandPayloadsObjc.mm:43385
MTRWebRTCTransportProviderClusterProvideOfferResponseParams	videoStreamID	nil	zap-generated/MTRCommandPayloadsObjc.mm:43387
MTRWebRTCTransportProviderClusterProvideOfferResponseParams	audioStreamID	nil	zap-generated/MTRCommandPayloadsObjc.mm:43389
MTRWebRTCTransportProviderClusterProvideAnswerParams	webRTCSessionID	@(0)	zap-generated/MTRCommandPayloadsObjc.mm:43502
MTRWebRTCTransportProviderClusterProvideAnswerParams	sdp	@""	zap-generated/MTRCommandPayloadsObjc.mm:43504
MTRWebRTCTransportProviderClusterProvideAnswerParams	timedInvokeTimeoutMs	nil	zap-generated/MTRCommandPayloadsObjc.mm:43505
MTRWebRTCTransportProviderClusterProvideAnswerParams	serverSideProcessingTimeout	nil	zap-generated/MTRCommandPayloadsObjc.mm:43506
MTRWebRTCTransportProviderClusterProvideICECandidatesParams	webRTCSessionID	@(0)	zap-generated/MTRCommandPayloadsObjc.mm:43587
MTRWebRTCTransportProviderClusterProvideICECandidatesParams	iceCandidates	[NSArray array]	zap-generated/MTRCommandPayloadsObjc.mm:43589
MTRWebRTCTransportProviderClusterProvideICECandidatesParams	timedInvokeTimeoutMs	nil	zap-generated/MTRCommandPayloadsObjc.mm:43590
MTRWebRTCTransportProviderClusterProvideICECandidatesParams	serverSideProcessingTimeout	nil	zap-generated/MTRCommandPayloadsObjc.mm:43591
MTRWebRTCTransportProviderClusterEndSessionParams	webRTCSessionID	@(0)	zap-generated/MTRCommandPayloadsObjc.mm:43706
MTRWebRTCTransportProviderClusterEndSessionParams	reason	@(0)	zap-generated/MTRCommandPayloadsObjc.mm:43708
MTRWebRTCTransportProviderClusterEndSessionParams	timedInvokeTimeoutMs	nil	zap-generated/MTRCommandPayloadsObjc.mm:43709
MTRWebRTCTransportProviderClusterEndSessionParams	serverSideProcessingTimeout	nil	zap-generated/MTRCommandPayloadsObjc.mm:43710
MTRWebRTCTransportRequestorClusterOfferParams	webRTCSessionID	@(0)	zap-generated/MTRCommandPayloadsObjc.mm:43791
MTRWebRTCTransportRequestorClusterOfferParams	sdp	@""	zap-generated/MTRCommandPayloadsObjc.mm:43793
MTRWebRTCTransportRequestorClusterOfferParams	iceServers	nil	zap-generated/MTRCommandPayloadsObjc.mm:43795
MTRWebRTCTransportRequestorClusterOfferParams	iceTransportPolicy	nil	zap-generated/MTRCommandPayloadsObjc.mm:43797
MTRWebRTCTransportRequestorClusterOfferParams	timedInvokeTimeoutMs	nil	zap-generated/MTRCommandPayloadsObjc.mm:43798
MTRWebRTCTransportRequestorClusterOfferParams	serverSideProcessingTimeout	nil	zap-generated/MTRCommandPayloadsObjc.mm:43799
MTRWebRTCTransportRequestorClusterAnswerParams	webRTCSessionID	@(0)	zap-generated/MTRCommandPayloadsObjc.mm:43950
MTRWebRTCTransportRequestorClusterAnswerParams	sdp	@""	zap-generated/MTRCommandPayloadsObjc.mm:43952
MTRWebRTCTransportRequestorClusterAnswerParams	timedInvokeTimeoutMs	nil	zap-generated/MTRCommandPayloadsObjc.mm:43953
MTRWebRTCTransportRequestorClusterAnswerParams	serverSideProcessingTimeout	nil	zap-generated/MTRCommandPayloadsObjc.mm:43954
MTRWebRTCTransportRequestorClusterICECandidatesParams	webRTCSessionID	@(0)	zap-generated/MTRCommandPayloadsObjc.mm:44035
MTRWebRTCTransportRequestorClusterICECandidatesParams	iceCandidates	[NSArray array]	zap-generated/MTRCommandPayloadsObjc.mm:44037
MTRWebRTCTransportRequestorClusterICECandidatesParams	timedInvokeTimeoutMs	nil	zap-generated/MTRCommandPayloadsObjc.mm:44038
MTRWebRTCTransportRequestorClusterICECandidatesParams	serverSideProcessingTimeout	nil	zap-generated/MTRCommandPayloadsObjc.mm:44039
MTRWebRTCTransportRequestorClusterEndParams	webRTCSessionID	@(0)	zap-generated/MTRCommandPayloadsObjc.mm:44154
MTRWebRTCTransportRequestorClusterEndParams	reason	@(0)	zap-generated/MTRCommandPayloadsObjc.mm:44156
MTRWebRTCTransportRequestorClusterEndParams	timedInvokeTimeoutMs	nil	zap-generated/MTRCommandPayloadsObjc.mm:44157
MTRWebRTCTransportRequestorClusterEndParams	serverSideProcessingTimeout	nil	zap-generated/MTRCommandPayloadsObjc.mm:44158
MTRPushAVStreamTransportClusterAllocatePushTransportParams	transportOptions	[MTRPushAVStreamTransportClusterTransportOptionsStruct new]	zap-generated/MTRCommandPayloadsObjc.mm:44239
MTRPushAVStreamTransportClusterAllocatePushTransportParams	timedInvokeTimeoutMs	nil	zap-generated/MTRCommandPayloadsObjc.mm:44240
MTRPushAVStreamTransportClusterAllocatePushTransportParams	serverSideProcessingTimeout	nil	zap-generated/MTRCommandPayloadsObjc.mm:44241
MTRPushAVStreamTransportClusterAllocatePushTransportResponseParams	transportConfiguration	[MTRPushAVStreamTransportClusterTransportConfigurationStruct new]	zap-generated/MTRCommandPayloadsObjc.mm:44477
MTRPushAVStreamTransportClusterDeallocatePushTransportParams	connectionID	@(0)	zap-generated/MTRCommandPayloadsObjc.mm:44742
MTRPushAVStreamTransportClusterDeallocatePushTransportParams	timedInvokeTimeoutMs	nil	zap-generated/MTRCommandPayloadsObjc.mm:44743
MTRPushAVStreamTransportClusterDeallocatePushTransportParams	serverSideProcessingTimeout	nil	zap-generated/MTRCommandPayloadsObjc.mm:44744
MTRPushAVStreamTransportClusterModifyPushTransportParams	connectionID	@(0)	zap-generated/MTRCommandPayloadsObjc.mm:44821
MTRPushAVStreamTransportClusterModifyPushTransportParams	transportOptions	[MTRPushAVStreamTransportClusterTransportOptionsStruct new]	zap-generated/MTRCommandPayloadsObjc.mm:44823
MTRPushAVStreamTransportClusterModifyPushTransportParams	timedInvokeTimeoutMs	nil	zap-generated/MTRCommandPayloadsObjc.mm:44824
MTRPushAVStreamTransportClusterModifyPushTransportParams	serverSideProcessingTimeout	nil	zap-generated/MTRCommandPayloadsObjc.mm:44825
MTRPushAVStreamTransportClusterSetTransportStatusParams	connectionID	nil	zap-generated/MTRCommandPayloadsObjc.mm:45065
MTRPushAVStreamTransportClusterSetTransportStatusParams	transportStatus	@(0)	zap-generated/MTRCommandPayloadsObjc.mm:45067
MTRPushAVStreamTransportClusterSetTransportStatusParams	timedInvokeTimeoutMs	nil	zap-generated/MTRCommandPayloadsObjc.mm:45068
MTRPushAVStreamTransportClusterSetTransportStatusParams	serverSideProcessingTimeout	nil	zap-generated/MTRCommandPayloadsObjc.mm:45069
MTRPushAVStreamTransportClusterManuallyTriggerTransportParams	connectionID	@(0)	zap-generated/MTRCommandPayloadsObjc.mm:45155
MTRPushAVStreamTransportClusterManuallyTriggerTransportParams	activationReason	@(0)	zap-generated/MTRCommandPayloadsObjc.mm:45157
MTRPushAVStreamTransportClusterManuallyTriggerTransportParams	timeControl	nil	zap-generated/MTRCommandPayloadsObjc.mm:45159
MTRPushAVStreamTransportClusterManuallyTriggerTransportParams	userDefined	nil	zap-generated/MTRCommandPayloadsObjc.mm:45161
MTRPushAVStreamTransportClusterManuallyTriggerTransportParams	timedInvokeTimeoutMs	nil	zap-generated/MTRCommandPayloadsObjc.mm:45162
MTRPushAVStreamTransportClusterManuallyTriggerTransportParams	serverSideProcessingTimeout	nil	zap-generated/MTRCommandPayloadsObjc.mm:45163
MTRPushAVStreamTransportClusterFindTransportParams	connectionID	nil	zap-generated/MTRCommandPayloadsObjc.mm:45261
MTRPushAVStreamTransportClusterFindTransportParams	timedInvokeTimeoutMs	nil	zap-generated/MTRCommandPayloadsObjc.mm:45262
MTRPushAVStreamTransportClusterFindTransportParams	serverSideProcessingTimeout	nil	zap-generated/MTRCommandPayloadsObjc.mm:45263
MTRPushAVStreamTransportClusterFindTransportResponseParams	transportConfigurations	[NSArray array]	zap-generated/MTRCommandPayloadsObjc.mm:45345
MTRPushAVStreamTransportClusterUpdateMotionZoneOptionsParams	connectionID	@(0)	zap-generated/MTRCommandPayloadsObjc.mm:45624
MTRPushAVStreamTransportClusterUpdateMotionZoneOptionsParams	motionZones	nil	zap-generated/MTRCommandPayloadsObjc.mm:45626
MTRPushAVStreamTransportClusterUpdateMotionZoneOptionsParams	motionSensitivity	nil	zap-generated/MTRCommandPayloadsObjc.mm:45628
MTRPushAVStreamTransportClusterUpdateMotionZoneOptionsParams	timedInvokeTimeoutMs	nil	zap-generated/MTRCommandPayloadsObjc.mm:45629
MTRPushAVStreamTransportClusterUpdateMotionZoneOptionsParams	serverSideProcessingTimeout	nil	zap-generated/MTRCommandPayloadsObjc.mm:45630
MTRChimeClusterPlayChimeSoundParams	chimeID	nil	zap-generated/MTRCommandPayloadsObjc.mm:45762
MTRChimeClusterPlayChimeSoundParams	timedInvokeTimeoutMs	nil	zap-generated/MTRCommandPayloadsObjc.mm:45763
MTRChimeClusterPlayChimeSoundParams	serverSideProcessingTimeout	nil	zap-generated/MTRCommandPayloadsObjc.mm:45764
MTRAVAnalysisClusterEnableContextTriggersParams	contextTriggers	nil	zap-generated/MTRCommandPayloadsObjc.mm:45844
MTRAVAnalysisClusterEnableContextTriggersParams	timedInvokeTimeoutMs	nil	zap-generated/MTRCommandPayloadsObjc.mm:45845
MTRAVAnalysisClusterEnableContextTriggersParams	serverSideProcessingTimeout	nil	zap-generated/MTRCommandPayloadsObjc.mm:45846
MTRAVAnalysisClusterDisableContextTriggersParams	contextTriggers	nil	zap-generated/MTRCommandPayloadsObjc.mm:45997
MTRAVAnalysisClusterDisableContextTriggersParams	timedInvokeTimeoutMs	nil	zap-generated/MTRCommandPayloadsObjc.mm:45998
MTRAVAnalysisClusterDisableContextTriggersParams	serverSideProcessingTimeout	nil	zap-generated/MTRCommandPayloadsObjc.mm:45999
MTRAVAnalysisClusterEstablishAnalysisStreamParams	nodeID	@(0)	zap-generated/MTRCommandPayloadsObjc.mm:46150
MTRAVAnalysisClusterEstablishAnalysisStreamParams	timedInvokeTimeoutMs	nil	zap-generated/MTRCommandPayloadsObjc.mm:46151
MTRAVAnalysisClusterEstablishAnalysisStreamParams	serverSideProcessingTimeout	nil	zap-generated/MTRCommandPayloadsObjc.mm:46152
MTRAVAnalysisClusterEstablishAnalysisStreamResponseParams	analysisStreamID	@(0)	zap-generated/MTRCommandPayloadsObjc.mm:46229
MTRAVAnalysisClusterActivateAnalysisStreamParams	analysisStreamID	@(0)	zap-generated/MTRCommandPayloadsObjc.mm:46318
MTRAVAnalysisClusterActivateAnalysisStreamParams	webRTCEndpointID	nil	zap-generated/MTRCommandPayloadsObjc.mm:46320
MTRAVAnalysisClusterActivateAnalysisStreamParams	pushAVEndpointID	nil	zap-generated/MTRCommandPayloadsObjc.mm:46322
MTRAVAnalysisClusterActivateAnalysisStreamParams	timedInvokeTimeoutMs	nil	zap-generated/MTRCommandPayloadsObjc.mm:46323
MTRAVAnalysisClusterActivateAnalysisStreamParams	serverSideProcessingTimeout	nil	zap-generated/MTRCommandPayloadsObjc.mm:46324
MTRAVAnalysisClusterDeactivateAnalysisStreamParams	analysisStreamID	@(0)	zap-generated/MTRCommandPayloadsObjc.mm:46415
MTRAVAnalysisClusterDeactivateAnalysisStreamParams	timedInvokeTimeoutMs	nil	zap-generated/MTRCommandPayloadsObjc.mm:46416
MTRAVAnalysisClusterDeactivateAnalysisStreamParams	serverSideProcessingTimeout	nil	zap-generated/MTRCommandPayloadsObjc.mm:46417
MTRAVAnalysisClusterRemoveAnalysisStreamParams	analysisStreamID	@(0)	zap-generated/MTRCommandPayloadsObjc.mm:46494
MTRAVAnalysisClusterRemoveAnalysisStreamParams	timedInvokeTimeoutMs	nil	zap-generated/MTRCommandPayloadsObjc.mm:46495
MTRAVAnalysisClusterRemoveAnalysisStreamParams	serverSideProcessingTimeout	nil	zap-generated/MTRCommandPayloadsObjc.mm:46496
MTRCommodityTariffClusterGetTariffComponentParams	tariffComponentID	@(0)	zap-generated/MTRCommandPayloadsObjc.mm:46573
MTRCommodityTariffClusterGetTariffComponentParams	timedInvokeTimeoutMs	nil	zap-generated/MTRCommandPayloadsObjc.mm:46574
MTRCommodityTariffClusterGetTariffComponentParams	serverSideProcessingTimeout	nil	zap-generated/MTRCommandPayloadsObjc.mm:46575
MTRCommodityTariffClusterGetTariffComponentResponseParams	label	nil	zap-generated/MTRCommandPayloadsObjc.mm:46652
MTRCommodityTariffClusterGetTariffComponentResponseParams	dayEntryIDs	[NSArray array]	zap-generated/MTRCommandPayloadsObjc.mm:46654
MTRCommodityTariffClusterGetTariffComponentResponseParams	tariffComponent	[MTRCommodityTariffClusterTariffComponentStruct new]	zap-generated/MTRCommandPayloadsObjc.mm:46656
MTRCommodityTariffClusterGetDayEntryParams	dayEntryID	@(0)	zap-generated/MTRCommandPayloadsObjc.mm:46867
MTRCommodityTariffClusterGetDayEntryParams	timedInvokeTimeoutMs	nil	zap-generated/MTRCommandPayloadsObjc.mm:46868
MTRCommodityTariffClusterGetDayEntryParams	serverSideProcessingTimeout	nil	zap-generated/MTRCommandPayloadsObjc.mm:46869
MTRCommodityTariffClusterGetDayEntryResponseParams	dayEntry	[MTRCommodityTariffClusterDayEntryStruct new]	zap-generated/MTRCommandPayloadsObjc.mm:46946
MTRCommissionerControlClusterRequestCommissioningApprovalParams	requestID	@(0)	zap-generated/MTRCommandPayloadsObjc.mm:47052
MTRCommissionerControlClusterRequestCommissioningApprovalParams	vendorID	@(0)	zap-generated/MTRCommandPayloadsObjc.mm:47054
MTRCommissionerControlClusterRequestCommissioningApprovalParams	productID	@(0)	zap-generated/MTRCommandPayloadsObjc.mm:47056
MTRCommissionerControlClusterRequestCommissioningApprovalParams	label	nil	zap-generated/MTRCommandPayloadsObjc.mm:47058
MTRCommissionerControlClusterRequestCommissioningApprovalParams	timedInvokeTimeoutMs	nil	zap-generated/MTRCommandPayloadsObjc.mm:47059
MTRCommissionerControlClusterRequestCommissioningApprovalParams	serverSideProcessingTimeout	nil	zap-generated/MTRCommandPayloadsObjc.mm:47060
MTRCommissionerControlClusterCommissionNodeParams	requestID	@(0)	zap-generated/MTRCommandPayloadsObjc.mm:47152
MTRCommissionerControlClusterCommissionNodeParams	responseTimeoutSeconds	@(0)	zap-generated/MTRCommandPayloadsObjc.mm:47154
MTRCommissionerControlClusterCommissionNodeParams	timedInvokeTimeoutMs	nil	zap-generated/MTRCommandPayloadsObjc.mm:47155
MTRCommissionerControlClusterCommissionNodeParams	serverSideProcessingTimeout	nil	zap-generated/MTRCommandPayloadsObjc.mm:47156
MTRCommissionerControlClusterReverseOpenCommissioningWindowParams	commissioningTimeout	@(0)	zap-generated/MTRCommandPayloadsObjc.mm:47237
MTRCommissionerControlClusterReverseOpenCommissioningWindowParams	pakePasscodeVerifier	[NSData data]	zap-generated/MTRCommandPayloadsObjc.mm:47239
MTRCommissionerControlClusterReverseOpenCommissioningWindowParams	discriminator	@(0)	zap-generated/MTRCommandPayloadsObjc.mm:47241
MTRCommissionerControlClusterReverseOpenCommissioningWindowParams	iterations	@(0)	zap-generated/MTRCommandPayloadsObjc.mm:47243
MTRCommissionerControlClusterReverseOpenCommissioningWindowParams	salt	[NSData data]	zap-generated/MTRCommandPayloadsObjc.mm:47245
MTRJointFabricDatastoreClusterAddKeySetParams	groupKeySet	[MTRJointFabricDatastoreClusterDatastoreGroupKeySetStruct new]	zap-generated/MTRCommandPayloadsObjc.mm:47350
MTRJointFabricDatastoreClusterAddKeySetParams	timedInvokeTimeoutMs	nil	zap-generated/MTRCommandPayloadsObjc.mm:47351
MTRJointFabricDatastoreClusterAddKeySetParams	serverSideProcessingTimeout	nil	zap-generated/MTRCommandPayloadsObjc.mm:47352
MTRJointFabricDatastoreClusterUpdateKeySetParams	groupKeySet	[MTRJointFabricDatastoreClusterDatastoreGroupKeySetStruct new]	zap-generated/MTRCommandPayloadsObjc.mm:47466
MTRJointFabricDatastoreClusterUpdateKeySetParams	timedInvokeTimeoutMs	nil	zap-generated/MTRCommandPayloadsObjc.mm:47467
MTRJointFabricDatastoreClusterUpdateKeySetParams	serverSideProcessingTimeout	nil	zap-generated/MTRCommandPayloadsObjc.mm:47468
MTRJointFabricDatastoreClusterRemoveKeySetParams	groupKeySetID	@(0)	zap-generated/MTRCommandPayloadsObjc.mm:47582
MTRJointFabricDatastoreClusterRemoveKeySetParams	timedInvokeTimeoutMs	nil	zap-generated/MTRCommandPayloadsObjc.mm:47583
MTRJointFabricDatastoreClusterRemoveKeySetParams	serverSideProcessingTimeout	nil	zap-generated/MTRCommandPayloadsObjc.mm:47584
MTRJointFabricDatastoreClusterAddGroupParams	groupID	@(0)	zap-generated/MTRCommandPayloadsObjc.mm:47661
MTRJointFabricDatastoreClusterAddGroupParams	friendlyName	@""	zap-generated/MTRCommandPayloadsObjc.mm:47663
MTRJointFabricDatastoreClusterAddGroupParams	groupKeySetID	nil	zap-generated/MTRCommandPayloadsObjc.mm:47665
MTRJointFabricDatastoreClusterAddGroupParams	groupCAT	nil	zap-generated/MTRCommandPayloadsObjc.mm:47667
MTRJointFabricDatastoreClusterAddGroupParams	groupCATVersion	nil	zap-generated/MTRCommandPayloadsObjc.mm:47669
MTRJointFabricDatastoreClusterAddGroupParams	groupPermission	@(0)	zap-generated/MTRCommandPayloadsObjc.mm:47671
MTRJointFabricDatastoreClusterAddGroupParams	timedInvokeTimeoutMs	nil	zap-generated/MTRCommandPayloadsObjc.mm:47672
MTRJointFabricDatastoreClusterAddGroupParams	serverSideProcessingTimeout	nil	zap-generated/MTRCommandPayloadsObjc.mm:47673
MTRJointFabricDatastoreClusterUpdateGroupParams	groupID	@(0)	zap-generated/MTRCommandPayloadsObjc.mm:47785
MTRJointFabricDatastoreClusterUpdateGroupParams	friendlyName	nil	zap-generated/MTRCommandPayloadsObjc.mm:47787
MTRJointFabricDatastoreClusterUpdateGroupParams	groupKeySetID	nil	zap-generated/MTRCommandPayloadsObjc.mm:47789
MTRJointFabricDatastoreClusterUpdateGroupParams	groupCAT	nil	zap-generated/MTRCommandPayloadsObjc.mm:47791
MTRJointFabricDatastoreClusterUpdateGroupParams	groupCATVersion	nil	zap-generated/MTRCommandPayloadsObjc.mm:47793
MTRJointFabricDatastoreClusterUpdateGroupParams	groupPermission	nil	zap-generated/MTRCommandPayloadsObjc.mm:47795
MTRJointFabricDatastoreClusterUpdateGroupParams	timedInvokeTimeoutMs	nil	zap-generated/MTRCommandPayloadsObjc.mm:47796
MTRJointFabricDatastoreClusterUpdateGroupParams	serverSideProcessingTimeout	nil	zap-generated/MTRCommandPayloadsObjc.mm:47797
MTRJointFabricDatastoreClusterRemoveGroupParams	groupID	@(0)	zap-generated/MTRCommandPayloadsObjc.mm:47919
MTRJointFabricDatastoreClusterRemoveGroupParams	timedInvokeTimeoutMs	nil	zap-generated/MTRCommandPayloadsObjc.mm:47920
MTRJointFabricDatastoreClusterRemoveGroupParams	serverSideProcessingTimeout	nil	zap-generated/MTRCommandPayloadsObjc.mm:47921
MTRJointFabricDatastoreClusterAddAdminParams	nodeID	@(0)	zap-generated/MTRCommandPayloadsObjc.mm:47998
MTRJointFabricDatastoreClusterAddAdminParams	friendlyName	@""	zap-generated/MTRCommandPayloadsObjc.mm:48000
MTRJointFabricDatastoreClusterAddAdminParams	vendorID	@(0)	zap-generated/MTRCommandPayloadsObjc.mm:48002
MTRJointFabricDatastoreClusterAddAdminParams	icac	[NSData data]	zap-generated/MTRCommandPayloadsObjc.mm:48004
MTRJointFabricDatastoreClusterAddAdminParams	timedInvokeTimeoutMs	nil	zap-generated/MTRCommandPayloadsObjc.mm:48005
MTRJointFabricDatastoreClusterAddAdminParams	serverSideProcessingTimeout	nil	zap-generated/MTRCommandPayloadsObjc.mm:48006
MTRJointFabricDatastoreClusterUpdateAdminParams	nodeID	@(0)	zap-generated/MTRCommandPayloadsObjc.mm:48095
MTRJointFabricDatastoreClusterUpdateAdminParams	friendlyName	nil	zap-generated/MTRCommandPayloadsObjc.mm:48097
MTRJointFabricDatastoreClusterUpdateAdminParams	icac	nil	zap-generated/MTRCommandPayloadsObjc.mm:48099
MTRJointFabricDatastoreClusterUpdateAdminParams	timedInvokeTimeoutMs	nil	zap-generated/MTRCommandPayloadsObjc.mm:48100
MTRJointFabricDatastoreClusterUpdateAdminParams	serverSideProcessingTimeout	nil	zap-generated/MTRCommandPayloadsObjc.mm:48101
MTRJointFabricDatastoreClusterRemoveAdminParams	nodeID	@(0)	zap-generated/MTRCommandPayloadsObjc.mm:48192
MTRJointFabricDatastoreClusterRemoveAdminParams	timedInvokeTimeoutMs	nil	zap-generated/MTRCommandPayloadsObjc.mm:48193
MTRJointFabricDatastoreClusterRemoveAdminParams	serverSideProcessingTimeout	nil	zap-generated/MTRCommandPayloadsObjc.mm:48194
MTRJointFabricDatastoreClusterAddPendingNodeParams	nodeID	@(0)	zap-generated/MTRCommandPayloadsObjc.mm:48271
MTRJointFabricDatastoreClusterAddPendingNodeParams	friendlyName	@""	zap-generated/MTRCommandPayloadsObjc.mm:48273
MTRJointFabricDatastoreClusterAddPendingNodeParams	timedInvokeTimeoutMs	nil	zap-generated/MTRCommandPayloadsObjc.mm:48274
MTRJointFabricDatastoreClusterAddPendingNodeParams	serverSideProcessingTimeout	nil	zap-generated/MTRCommandPayloadsObjc.mm:48275
MTRJointFabricDatastoreClusterRefreshNodeParams	nodeID	@(0)	zap-generated/MTRCommandPayloadsObjc.mm:48356
MTRJointFabricDatastoreClusterRefreshNodeParams	timedInvokeTimeoutMs	nil	zap-generated/MTRCommandPayloadsObjc.mm:48357
MTRJointFabricDatastoreClusterRefreshNodeParams	serverSideProcessingTimeout	nil	zap-generated/MTRCommandPayloadsObjc.mm:48358
MTRJointFabricDatastoreClusterUpdateNodeParams	nodeID	@(0)	zap-generated/MTRCommandPayloadsObjc.mm:48435
MTRJointFabricDatastoreClusterUpdateNodeParams	friendlyName	@""	zap-generated/MTRCommandPayloadsObjc.mm:48437
MTRJointFabricDatastoreClusterUpdateNodeParams	timedInvokeTimeoutMs	nil	zap-generated/MTRCommandPayloadsObjc.mm:48438
MTRJointFabricDatastoreClusterUpdateNodeParams	serverSideProcessingTimeout	nil	zap-generated/MTRCommandPayloadsObjc.mm:48439
MTRJointFabricDatastoreClusterRemoveNodeParams	nodeID	@(0)	zap-generated/MTRCommandPayloadsObjc.mm:48520
MTRJointFabricDatastoreClusterRemoveNodeParams	timedInvokeTimeoutMs	nil	zap-generated/MTRCommandPayloadsObjc.mm:48521
MTRJointFabricDatastoreClusterRemoveNodeParams	serverSideProcessingTimeout	nil	zap-generated/MTRCommandPayloadsObjc.mm:48522
MTRJointFabricDatastoreClusterUpdateEndpointForNodeParams	endpointID	@(0)	zap-generated/MTRCommandPayloadsObjc.mm:48599
MTRJointFabricDatastoreClusterUpdateEndpointForNodeParams	nodeID	@(0)	zap-generated/MTRCommandPayloadsObjc.mm:48601
MTRJointFabricDatastoreClusterUpdateEndpointForNodeParams	friendlyName	@""	zap-generated/MTRCommandPayloadsObjc.mm:48603
MTRJointFabricDatastoreClusterUpdateEndpointForNodeParams	timedInvokeTimeoutMs	nil	zap-generated/MTRCommandPayloadsObjc.mm:48604
MTRJointFabricDatastoreClusterUpdateEndpointForNodeParams	serverSideProcessingTimeout	nil	zap-generated/MTRCommandPayloadsObjc.mm:48605
MTRJointFabricDatastoreClusterAddGroupIDToEndpointForNodeParams	nodeID	@(0)	zap-generated/MTRCommandPayloadsObjc.mm:48690
MTRJointFabricDatastoreClusterAddGroupIDToEndpointForNodeParams	endpointID	@(0)	zap-generated/MTRCommandPayloadsObjc.mm:48692
MTRJointFabricDatastoreClusterAddGroupIDToEndpointForNodeParams	groupID	@(0)	zap-generated/MTRCommandPayloadsObjc.mm:48694
MTRJointFabricDatastoreClusterAddGroupIDToEndpointForNodeParams	timedInvokeTimeoutMs	nil	zap-generated/MTRCommandPayloadsObjc.mm:48695
MTRJointFabricDatastoreClusterAddGroupIDToEndpointForNodeParams	serverSideProcessingTimeout	nil	zap-generated/MTRCommandPayloadsObjc.mm:48696
MTRJointFabricDatastoreClusterRemoveGroupIDFromEndpointForNodeParams	nodeID	@(0)	zap-generated/MTRCommandPayloadsObjc.mm:48781
MTRJointFabricDatastoreClusterRemoveGroupIDFromEndpointForNodeParams	endpointID	@(0)	zap-generated/MTRCommandPayloadsObjc.mm:48783
MTRJointFabricDatastoreClusterRemoveGroupIDFromEndpointForNodeParams	groupID	@(0)	zap-generated/MTRCommandPayloadsObjc.mm:48785
MTRJointFabricDatastoreClusterRemoveGroupIDFromEndpointForNodeParams	timedInvokeTimeoutMs	nil	zap-generated/MTRCommandPayloadsObjc.mm:48786
MTRJointFabricDatastoreClusterRemoveGroupIDFromEndpointForNodeParams	serverSideProcessingTimeout	nil	zap-generated/MTRCommandPayloadsObjc.mm:48787
MTRJointFabricDatastoreClusterAddBindingToEndpointForNodeParams	nodeID	@(0)	zap-generated/MTRCommandPayloadsObjc.mm:48872
MTRJointFabricDatastoreClusterAddBindingToEndpointForNodeParams	endpointID	@(0)	zap-generated/MTRCommandPayloadsObjc.mm:48874
MTRJointFabricDatastoreClusterAddBindingToEndpointForNodeParams	binding	[MTRJointFabricDatastoreClusterDatastoreBindingTargetStruct new]	zap-generated/MTRCommandPayloadsObjc.mm:48876
MTRJointFabricDatastoreClusterAddBindingToEndpointForNodeParams	timedInvokeTimeoutMs	nil	zap-generated/MTRCommandPayloadsObjc.mm:48877
MTRJointFabricDatastoreClusterAddBindingToEndpointForNodeParams	serverSideProcessingTimeout	nil	zap-generated/MTRCommandPayloadsObjc.mm:48878
MTRJointFabricDatastoreClusterRemoveBindingFromEndpointForNodeParams	listID	@(0)	zap-generated/MTRCommandPayloadsObjc.mm:48978
MTRJointFabricDatastoreClusterRemoveBindingFromEndpointForNodeParams	endpointID	@(0)	zap-generated/MTRCommandPayloadsObjc.mm:48980
MTRJointFabricDatastoreClusterRemoveBindingFromEndpointForNodeParams	nodeID	@(0)	zap-generated/MTRCommandPayloadsObjc.mm:48982
MTRJointFabricDatastoreClusterRemoveBindingFromEndpointForNodeParams	timedInvokeTimeoutMs	nil	zap-generated/MTRCommandPayloadsObjc.mm:48983
MTRJointFabricDatastoreClusterRemoveBindingFromEndpointForNodeParams	serverSideProcessingTimeout	nil	zap-generated/MTRCommandPayloadsObjc.mm:48984
MTRJointFabricDatastoreClusterAddACLToNodeParams	nodeID	@(0)	zap-generated/MTRCommandPayloadsObjc.mm:49069
MTRJointFabricDatastoreClusterAddACLToNodeParams	aclEntry	[MTRJointFabricDatastoreClusterDatastoreAccessControlEntryStruct new]	zap-generated/MTRCommandPayloadsObjc.mm:49071
MTRJointFabricDatastoreClusterAddACLToNodeParams	timedInvokeTimeoutMs	nil	zap-generated/MTRCommandPayloadsObjc.mm:49072
MTRJointFabricDatastoreClusterAddACLToNodeParams	serverSideProcessingTimeout	nil	zap-generated/MTRCommandPayloadsObjc.mm:49073
MTRJointFabricDatastoreClusterRemoveACLFromNodeParams	listID	@(0)	zap-generated/MTRCommandPayloadsObjc.mm:49228
MTRJointFabricDatastoreClusterRemoveACLFromNodeParams	nodeID	@(0)	zap-generated/MTRCommandPayloadsObjc.mm:49230
MTRJointFabricDatastoreClusterRemoveACLFromNodeParams	timedInvokeTimeoutMs	nil	zap-generated/MTRCommandPayloadsObjc.mm:49231
MTRJointFabricDatastoreClusterRemoveACLFromNodeParams	serverSideProcessingTimeout	nil	zap-generated/MTRCommandPayloadsObjc.mm:49232
MTRJointFabricAdministratorClusterICACCSRRequestParams	timedInvokeTimeoutMs	nil	zap-generated/MTRCommandPayloadsObjc.mm:49312
MTRJointFabricAdministratorClusterICACCSRRequestParams	serverSideProcessingTimeout	nil	zap-generated/MTRCommandPayloadsObjc.mm:49313
MTRJointFabricAdministratorClusterICACCSRResponseParams	statusCode	@(0)	zap-generated/MTRCommandPayloadsObjc.mm:49386
MTRJointFabricAdministratorClusterICACCSRResponseParams	icaccsr	nil	zap-generated/MTRCommandPayloadsObjc.mm:49388
MTRJointFabricAdministratorClusterAddICACParams	icacValue	[NSData data]	zap-generated/MTRCommandPayloadsObjc.mm:49485
MTRJointFabricAdministratorClusterAddICACParams	timedInvokeTimeoutMs	nil	zap-generated/MTRCommandPayloadsObjc.mm:49486
MTRJointFabricAdministratorClusterAddICACParams	serverSideProcessingTimeout	nil	zap-generated/MTRCommandPayloadsObjc.mm:49487
MTRJointFabricAdministratorClusterICACResponseParams	statusCode	@(0)	zap-generated/MTRCommandPayloadsObjc.mm:49564
MTRJointFabricAdministratorClusterOpenJointCommissioningWindowParams	commissioningTimeout	@(0)	zap-generated/MTRCommandPayloadsObjc.mm:49653
MTRJointFabricAdministratorClusterOpenJointCommissioningWindowParams	pakePasscodeVerifier	[NSData data]	zap-generated/MTRCommandPayloadsObjc.mm:49655
MTRJointFabricAdministratorClusterOpenJointCommissioningWindowParams	discriminator	@(0)	zap-generated/MTRCommandPayloadsObjc.mm:49657
MTRJointFabricAdministratorClusterOpenJointCommissioningWindowParams	iterations	@(0)	zap-generated/MTRCommandPayloadsObjc.mm:49659
MTRJointFabricAdministratorClusterOpenJointCommissioningWindowParams	salt	[NSData data]	zap-generated/MTRCommandPayloadsObjc.mm:49661
MTRJointFabricAdministratorClusterOpenJointCommissioningWindowParams	timedInvokeTimeoutMs	nil	zap-generated/MTRCommandPayloadsObjc.mm:49662
MTRJointFabricAdministratorClusterOpenJointCommissioningWindowParams	serverSideProcessingTimeout	nil	zap-generated/MTRCommandPayloadsObjc.mm:49663
MTRJointFabricAdministratorClusterTransferAnchorRequestParams	timedInvokeTimeoutMs	nil	zap-generated/MTRCommandPayloadsObjc.mm:49755
MTRJointFabricAdministratorClusterTransferAnchorRequestParams	serverSideProcessingTimeout	nil	zap-generated/MTRCommandPayloadsObjc.mm:49756
MTRJointFabricAdministratorClusterTransferAnchorResponseParams	statusCode	@(0)	zap-generated/MTRCommandPayloadsObjc.mm:49829
MTRJointFabricAdministratorClusterTransferAnchorCompleteParams	timedInvokeTimeoutMs	nil	zap-generated/MTRCommandPayloadsObjc.mm:49917
MTRJointFabricAdministratorClusterTransferAnchorCompleteParams	serverSideProcessingTimeout	nil	zap-generated/MTRCommandPayloadsObjc.mm:49918
MTRJointFabricAdministratorClusterAnnounceJointFabricAdministratorParams	endpointID	@(0)	zap-generated/MTRCommandPayloadsObjc.mm:49991
MTRJointFabricAdministratorClusterAnnounceJointFabricAdministratorParams	timedInvokeTimeoutMs	nil	zap-generated/MTRCommandPayloadsObjc.mm:49992
MTRJointFabricAdministratorClusterAnnounceJointFabricAdministratorParams	serverSideProcessingTimeout	nil	zap-generated/MTRCommandPayloadsObjc.mm:49993
MTRTLSCertificateManagementClusterProvisionRootCertificateParams	certificate	[NSData data]	zap-generated/MTRCommandPayloadsObjc.mm:50070
MTRTLSCertificateManagementClusterProvisionRootCertificateParams	caid	nil	zap-generated/MTRCommandPayloadsObjc.mm:50072
MTRTLSCertificateManagementClusterProvisionRootCertificateParams	timedInvokeTimeoutMs	nil	zap-generated/MTRCommandPayloadsObjc.mm:50073
MTRTLSCertificateManagementClusterProvisionRootCertificateParams	serverSideProcessingTimeout	nil	zap-generated/MTRCommandPayloadsObjc.mm:50074
MTRTLSCertificateManagementClusterProvisionRootCertificateResponseParams	caid	@(0)	zap-generated/MTRCommandPayloadsObjc.mm:50160
MTRTLSCertificateManagementClusterFindRootCertificateParams	caid	nil	zap-generated/MTRCommandPayloadsObjc.mm:50249
MTRTLSCertificateManagementClusterFindRootCertificateParams	timedInvokeTimeoutMs	nil	zap-generated/MTRCommandPayloadsObjc.mm:50250
MTRTLSCertificateManagementClusterFindRootCertificateParams	serverSideProcessingTimeout	nil	zap-generated/MTRCommandPayloadsObjc.mm:50251
MTRTLSCertificateManagementClusterFindRootCertificateResponseParams	certificateDetails	[NSArray array]	zap-generated/MTRCommandPayloadsObjc.mm:50333
MTRTLSCertificateManagementClusterLookupRootCertificateParams	fingerprint	[NSData data]	zap-generated/MTRCommandPayloadsObjc.mm:50443
MTRTLSCertificateManagementClusterLookupRootCertificateParams	timedInvokeTimeoutMs	nil	zap-generated/MTRCommandPayloadsObjc.mm:50444
MTRTLSCertificateManagementClusterLookupRootCertificateParams	serverSideProcessingTimeout	nil	zap-generated/MTRCommandPayloadsObjc.mm:50445
MTRTLSCertificateManagementClusterLookupRootCertificateResponseParams	caid	@(0)	zap-generated/MTRCommandPayloadsObjc.mm:50522
MTRTLSCertificateManagementClusterRemoveRootCertificateParams	caid	@(0)	zap-generated/MTRCommandPayloadsObjc.mm:50611
MTRTLSCertificateManagementClusterRemoveRootCertificateParams	timedInvokeTimeoutMs	nil	zap-generated/MTRCommandPayloadsObjc.mm:50612
MTRTLSCertificateManagementClusterRemoveRootCertificateParams	serverSideProcessingTimeout	nil	zap-generated/MTRCommandPayloadsObjc.mm:50613
MTRTLSCertificateManagementClusterClientCSRParams	nonce	[NSData data]	zap-generated/MTRCommandPayloadsObjc.mm:50690
MTRTLSCertificateManagementClusterClientCSRParams	ccdid	nil	zap-generated/MTRCommandPayloadsObjc.mm:50692
MTRTLSCertificateManagementClusterClientCSRParams	timedInvokeTimeoutMs	nil	zap-generated/MTRCommandPayloadsObjc.mm:50693
MTRTLSCertificateManagementClusterClientCSRParams	serverSideProcessingTimeout	nil	zap-generated/MTRCommandPayloadsObjc.mm:50694
MTRTLSCertificateManagementClusterClientCSRResponseParams	ccdid	@(0)	zap-generated/MTRCommandPayloadsObjc.mm:50780
MTRTLSCertificateManagementClusterClientCSRResponseParams	csr	[NSData data]	zap-generated/MTRCommandPayloadsObjc.mm:50782
MTRTLSCertificateManagementClusterClientCSRResponseParams	nonceSignature	[NSData data]	zap-generated/MTRCommandPayloadsObjc.mm:50784
MTRTLSCertificateManagementClusterProvisionClientCertificateParams	ccdid	@(0)	zap-generated/MTRCommandPayloadsObjc.mm:50881
MTRTLSCertificateManagementClusterProvisionClientCertificateParams	clientCertificate	[NSData data]	zap-generated/MTRCommandPayloadsObjc.mm:50883
MTRTLSCertificateManagementClusterProvisionClientCertificateParams	intermediateCertificates	[NSArray array]	zap-generated/MTRCommandPayloadsObjc.mm:50885
MTRTLSCertificateManagementClusterProvisionClientCertificateParams	timedInvokeTimeoutMs	nil	zap-generated/MTRCommandPayloadsObjc.mm:50886
MTRTLSCertificateManagementClusterProvisionClientCertificateParams	serverSideProcessingTimeout	nil	zap-generated/MTRCommandPayloadsObjc.mm:50887
MTRTLSCertificateManagementClusterFindClientCertificateParams	ccdid	nil	zap-generated/MTRCommandPayloadsObjc.mm:50994
MTRTLSCertificateManagementClusterFindClientCertificateParams	timedInvokeTimeoutMs	nil	zap-generated/MTRCommandPayloadsObjc.mm:50995
MTRTLSCertificateManagementClusterFindClientCertificateParams	serverSideProcessingTimeout	nil	zap-generated/MTRCommandPayloadsObjc.mm:50996
MTRTLSCertificateManagementClusterFindClientCertificateResponseParams	certificateDetails	[NSArray array]	zap-generated/MTRCommandPayloadsObjc.mm:51078
MTRTLSCertificateManagementClusterLookupClientCertificateParams	fingerprint	[NSData data]	zap-generated/MTRCommandPayloadsObjc.mm:51211
MTRTLSCertificateManagementClusterLookupClientCertificateParams	timedInvokeTimeoutMs	nil	zap-generated/MTRCommandPayloadsObjc.mm:51212
MTRTLSCertificateManagementClusterLookupClientCertificateParams	serverSideProcessingTimeout	nil	zap-generated/MTRCommandPayloadsObjc.mm:51213
MTRTLSCertificateManagementClusterLookupClientCertificateResponseParams	ccdid	@(0)	zap-generated/MTRCommandPayloadsObjc.mm:51290
MTRTLSCertificateManagementClusterRemoveClientCertificateParams	ccdid	@(0)	zap-generated/MTRCommandPayloadsObjc.mm:51379
MTRTLSCertificateManagementClusterRemoveClientCertificateParams	timedInvokeTimeoutMs	nil	zap-generated/MTRCommandPayloadsObjc.mm:51380
MTRTLSCertificateManagementClusterRemoveClientCertificateParams	serverSideProcessingTimeout	nil	zap-generated/MTRCommandPayloadsObjc.mm:51381
MTRTLSClientManagementClusterProvisionEndpointParams	hostname	[NSData data]	zap-generated/MTRCommandPayloadsObjc.mm:51458
MTRTLSClientManagementClusterProvisionEndpointParams	port	@(0)	zap-generated/MTRCommandPayloadsObjc.mm:51460
MTRTLSClientManagementClusterProvisionEndpointParams	caid	@(0)	zap-generated/MTRCommandPayloadsObjc.mm:51462
MTRTLSClientManagementClusterProvisionEndpointParams	ccdid	nil	zap-generated/MTRCommandPayloadsObjc.mm:51464
MTRTLSClientManagementClusterProvisionEndpointParams	endpointID	nil	zap-generated/MTRCommandPayloadsObjc.mm:51466
MTRTLSClientManagementClusterProvisionEndpointParams	timedInvokeTimeoutMs	nil	zap-generated/MTRCommandPayloadsObjc.mm:51467
MTRTLSClientManagementClusterProvisionEndpointParams	serverSideProcessingTimeout	nil	zap-generated/MTRCommandPayloadsObjc.mm:51468
MTRTLSClientManagementClusterProvisionEndpointResponseParams	endpointID	@(0)	zap-generated/MTRCommandPayloadsObjc.mm:51571
MTRTLSClientManagementClusterFindEndpointParams	endpointID	@(0)	zap-generated/MTRCommandPayloadsObjc.mm:51660
MTRTLSClientManagementClusterFindEndpointParams	timedInvokeTimeoutMs	nil	zap-generated/MTRCommandPayloadsObjc.mm:51661
MTRTLSClientManagementClusterFindEndpointParams	serverSideProcessingTimeout	nil	zap-generated/MTRCommandPayloadsObjc.mm:51662
MTRTLSClientManagementClusterFindEndpointResponseParams	endpoint	[MTRTLSClientManagementClusterTLSEndpointStruct new]	zap-generated/MTRCommandPayloadsObjc.mm:51739
MTRTLSClientManagementClusterRemoveEndpointParams	endpointID	@(0)	zap-generated/MTRCommandPayloadsObjc.mm:51839
MTRTLSClientManagementClusterRemoveEndpointParams	timedInvokeTimeoutMs	nil	zap-generated/MTRCommandPayloadsObjc.mm:51840
MTRTLSClientManagementClusterRemoveEndpointParams	serverSideProcessingTimeout	nil	zap-generated/MTRCommandPayloadsObjc.mm:51841
MTRUnitTestingClusterTestParams	timedInvokeTimeoutMs	nil	zap-generated/MTRCommandPayloadsObjc.mm:51917
MTRUnitTestingClusterTestParams	serverSideProcessingTimeout	nil	zap-generated/MTRCommandPayloadsObjc.mm:51918
MTRUnitTestingClusterTestSpecificResponseParams	returnValue	@(0)	zap-generated/MTRCommandPayloadsObjc.mm:51996
MTRUnitTestingClusterTestSpecificResponseParams	timedInvokeTimeoutMs	nil	zap-generated/MTRCommandPayloadsObjc.mm:51997
MTRUnitTestingClusterTestNotHandledParams	timedInvokeTimeoutMs	nil	zap-generated/MTRCommandPayloadsObjc.mm:52091
MTRUnitTestingClusterTestNotHandledParams	serverSideProcessingTimeout	nil	zap-generated/MTRCommandPayloadsObjc.mm:52092
MTRUnitTestingClusterTestAddArgumentsResponseParams	returnValue	@(0)	zap-generated/MTRCommandPayloadsObjc.mm:52170
MTRUnitTestingClusterTestAddArgumentsResponseParams	timedInvokeTimeoutMs	nil	zap-generated/MTRCommandPayloadsObjc.mm:52171
MTRUnitTestingClusterTestSpecificParams	timedInvokeTimeoutMs	nil	zap-generated/MTRCommandPayloadsObjc.mm:52265
MTRUnitTestingClusterTestSpecificParams	serverSideProcessingTimeout	nil	zap-generated/MTRCommandPayloadsObjc.mm:52266
MTRUnitTestingClusterTestSimpleArgumentResponseParams	returnValue	@(0)	zap-generated/MTRCommandPayloadsObjc.mm:52344
MTRUnitTestingClusterTestSimpleArgumentResponseParams	timedInvokeTimeoutMs	nil	zap-generated/MTRCommandPayloadsObjc.mm:52345
MTRUnitTestingClusterTestUnknownCommandParams	timedInvokeTimeoutMs	nil	zap-generated/MTRCommandPayloadsObjc.mm:52439
MTRUnitTestingClusterTestUnknownCommandParams	serverSideProcessingTimeout	nil	zap-generated/MTRCommandPayloadsObjc.mm:52440
MTRUnitTestingClusterTestStructArrayArgumentResponseParams	arg1	[NSArray array]	zap-generated/MTRCommandPayloadsObjc.mm:52518
MTRUnitTestingClusterTestStructArrayArgumentResponseParams	arg2	[NSArray array]	zap-generated/MTRCommandPayloadsObjc.mm:52520
MTRUnitTestingClusterTestStructArrayArgumentResponseParams	arg3	[NSArray array]	zap-generated/MTRCommandPayloadsObjc.mm:52522
MTRUnitTestingClusterTestStructArrayArgumentResponseParams	arg4	[NSArray array]	zap-generated/MTRCommandPayloadsObjc.mm:52524
MTRUnitTestingClusterTestStructArrayArgumentResponseParams	arg5	@(0)	zap-generated/MTRCommandPayloadsObjc.mm:52526
MTRUnitTestingClusterTestStructArrayArgumentResponseParams	arg6	@(0)	zap-generated/MTRCommandPayloadsObjc.mm:52528
MTRUnitTestingClusterTestStructArrayArgumentResponseParams	timedInvokeTimeoutMs	nil	zap-generated/MTRCommandPayloadsObjc.mm:52529
MTRUnitTestingClusterTestAddArgumentsParams	arg1	@(0)	zap-generated/MTRCommandPayloadsObjc.mm:52819
MTRUnitTestingClusterTestAddArgumentsParams	arg2	@(0)	zap-generated/MTRCommandPayloadsObjc.mm:52821
MTRUnitTestingClusterTestAddArgumentsParams	timedInvokeTimeoutMs	nil	zap-generated/MTRCommandPayloadsObjc.mm:52822
MTRUnitTestingClusterTestAddArgumentsParams	serverSideProcessingTimeout	nil	zap-generated/MTRCommandPayloadsObjc.mm:52823
MTRUnitTestingClusterTestListInt8UReverseResponseParams	arg1	[NSArray array]	zap-generated/MTRCommandPayloadsObjc.mm:52911
MTRUnitTestingClusterTestListInt8UReverseResponseParams	timedInvokeTimeoutMs	nil	zap-generated/MTRCommandPayloadsObjc.mm:52912
MTRUnitTestingClusterTestSimpleArgumentRequestParams	arg1	@(0)	zap-generated/MTRCommandPayloadsObjc.mm:53021
MTRUnitTestingClusterTestSimpleArgumentRequestParams	timedInvokeTimeoutMs	nil	zap-generated/MTRCommandPayloadsObjc.mm:53022
MTRUnitTestingClusterTestSimpleArgumentRequestParams	serverSideProcessingTimeout	nil	zap-generated/MTRCommandPayloadsObjc.mm:53023
MTRUnitTestingClusterTestEnumsResponseParams	arg1	@(0)	zap-generated/MTRCommandPayloadsObjc.mm:53106
MTRUnitTestingClusterTestEnumsResponseParams	arg2	@(0)	zap-generated/MTRCommandPayloadsObjc.mm:53108
MTRUnitTestingClusterTestEnumsResponseParams	timedInvokeTimeoutMs	nil	zap-generated/MTRCommandPayloadsObjc.mm:53109
MTRUnitTestingClusterTestStructArrayArgumentRequestParams	arg1	[NSArray array]	zap-generated/MTRCommandPayloadsObjc.mm:53209
MTRUnitTestingClusterTestStructArrayArgumentRequestParams	arg2	[NSArray array]	zap-generated/MTRCommandPayloadsObjc.mm:53211
MTRUnitTestingClusterTestStructArrayArgumentRequestParams	arg3	[NSArray array]	zap-generated/MTRCommandPayloadsObjc.mm:53213
MTRUnitTestingClusterTestStructArrayArgumentRequestParams	arg4	[NSArray array]	zap-generated/MTRCommandPayloadsObjc.mm:53215
MTRUnitTestingClusterTestStructArrayArgumentRequestParams	arg5	@(0)	zap-generated/MTRCommandPayloadsObjc.mm:53217
MTRUnitTestingClusterTestStructArrayArgumentRequestParams	arg6	@(0)	zap-generated/MTRCommandPayloadsObjc.mm:53219
MTRUnitTestingClusterTestStructArrayArgumentRequestParams	timedInvokeTimeoutMs	nil	zap-generated/MTRCommandPayloadsObjc.mm:53220
MTRUnitTestingClusterTestStructArrayArgumentRequestParams	serverSideProcessingTimeout	nil	zap-generated/MTRCommandPayloadsObjc.mm:53221
MTRUnitTestingClusterTestNullableOptionalResponseParams	wasPresent	@(0)	zap-generated/MTRCommandPayloadsObjc.mm:53544
MTRUnitTestingClusterTestNullableOptionalResponseParams	wasNull	nil	zap-generated/MTRCommandPayloadsObjc.mm:53546
MTRUnitTestingClusterTestNullableOptionalResponseParams	value	nil	zap-generated/MTRCommandPayloadsObjc.mm:53548
MTRUnitTestingClusterTestNullableOptionalResponseParams	originalValue	nil	zap-generated/MTRCommandPayloadsObjc.mm:53550
MTRUnitTestingClusterTestNullableOptionalResponseParams	timedInvokeTimeoutMs	nil	zap-generated/MTRCommandPayloadsObjc.mm:53551
MTRUnitTestingClusterTestStructArgumentRequestParams	arg1	[MTRUnitTestingClusterSimpleStruct new]	zap-generated/MTRCommandPayloadsObjc.mm:53677
MTRUnitTestingClusterTestStructArgumentRequestParams	timedInvokeTimeoutMs	nil	zap-generated/MTRCommandPayloadsObjc.mm:53678
MTRUnitTestingClusterTestStructArgumentRequestParams	serverSideProcessingTimeout	nil	zap-generated/MTRCommandPayloadsObjc.mm:53679
MTRUnitTestingClusterTestComplexNullableOptionalResponseParams	nullableIntWasNull	@(0)	zap-generated/MTRCommandPayloadsObjc.mm:53773
MTRUnitTestingClusterTestComplexNullableOptionalResponseParams	nullableIntValue	nil	zap-generated/MTRCommandPayloadsObjc.mm:53775
MTRUnitTestingClusterTestComplexNullableOptionalResponseParams	optionalIntWasPresent	@(0)	zap-generated/MTRCommandPayloadsObjc.mm:53777
MTRUnitTestingClusterTestComplexNullableOptionalResponseParams	optionalIntValue	nil	zap-generated/MTRCommandPayloadsObjc.mm:53779
MTRUnitTestingClusterTestComplexNullableOptionalResponseParams	nullableOptionalIntWasPresent	@(0)	zap-generated/MTRCommandPayloadsObjc.mm:53781
MTRUnitTestingClusterTestComplexNullableOptionalResponseParams	nullableOptionalIntWasNull	nil	zap-generated/MTRCommandPayloadsObjc.mm:53783
MTRUnitTestingClusterTestComplexNullableOptionalResponseParams	nullableOptionalIntValue	nil	zap-generated/MTRCommandPayloadsObjc.mm:53785
MTRUnitTestingClusterTestComplexNullableOptionalResponseParams	nullableStringWasNull	@(0)	zap-generated/MTRCommandPayloadsObjc.mm:53787
MTRUnitTestingClusterTestComplexNullableOptionalResponseParams	nullableStringValue	nil	zap-generated/MTRCommandPayloadsObjc.mm:53789
MTRUnitTestingClusterTestComplexNullableOptionalResponseParams	optionalStringWasPresent	@(0)	zap-generated/MTRCommandPayloadsObjc.mm:53791
MTRUnitTestingClusterTestComplexNullableOptionalResponseParams	optionalStringValue	nil	zap-generated/MTRCommandPayloadsObjc.mm:53793
MTRUnitTestingClusterTestComplexNullableOptionalResponseParams	nullableOptionalStringWasPresent	@(0)	zap-generated/MTRCommandPayloadsObjc.mm:53795
MTRUnitTestingClusterTestComplexNullableOptionalResponseParams	nullableOptionalStringWasNull	nil	zap-generated/MTRCommandPayloadsObjc.mm:53797
MTRUnitTestingClusterTestComplexNullableOptionalResponseParams	nullableOptionalStringValue	nil	zap-generated/MTRCommandPayloadsObjc.mm:53799
MTRUnitTestingClusterTestComplexNullableOptionalResponseParams	nullableStructWasNull	@(0)	zap-generated/MTRCommandPayloadsObjc.mm:53801
MTRUnitTestingClusterTestComplexNullableOptionalResponseParams	nullableStructValue	nil	zap-generated/MTRCommandPayloadsObjc.mm:53803
MTRUnitTestingClusterTestComplexNullableOptionalResponseParams	optionalStructWasPresent	@(0)	zap-generated/MTRCommandPayloadsObjc.mm:53805
MTRUnitTestingClusterTestComplexNullableOptionalResponseParams	optionalStructValue	nil	zap-generated/MTRCommandPayloadsObjc.mm:53807
MTRUnitTestingClusterTestComplexNullableOptionalResponseParams	nullableOptionalStructWasPresent	@(0)	zap-generated/MTRCommandPayloadsObjc.mm:53809
MTRUnitTestingClusterTestComplexNullableOptionalResponseParams	nullableOptionalStructWasNull	nil	zap-generated/MTRCommandPayloadsObjc.mm:53811
MTRUnitTestingClusterTestComplexNullableOptionalResponseParams	nullableOptionalStructValue	nil	zap-generated/MTRCommandPayloadsObjc.mm:53813
MTRUnitTestingClusterTestComplexNullableOptionalResponseParams	nullableListWasNull	@(0)	zap-generated/MTRCommandPayloadsObjc.mm:53815
MTRUnitTestingClusterTestComplexNullableOptionalResponseParams	nullableListValue	nil	zap-generated/MTRCommandPayloadsObjc.mm:53817
MTRUnitTestingClusterTestComplexNullableOptionalResponseParams	optionalListWasPresent	@(0)	zap-generated/MTRCommandPayloadsObjc.mm:53819
MTRUnitTestingClusterTestComplexNullableOptionalResponseParams	optionalListValue	nil	zap-generated/MTRCommandPayloadsObjc.mm:53821
MTRUnitTestingClusterTestComplexNullableOptionalResponseParams	nullableOptionalListWasPresent	@(0)	zap-generated/MTRCommandPayloadsObjc.mm:53823
MTRUnitTestingClusterTestComplexNullableOptionalResponseParams	nullableOptionalListWasNull	nil	zap-generated/MTRCommandPayloadsObjc.mm:53825
MTRUnitTestingClusterTestComplexNullableOptionalResponseParams	nullableOptionalListValue	nil	zap-generated/MTRCommandPayloadsObjc.mm:53827
MTRUnitTestingClusterTestComplexNullableOptionalResponseParams	timedInvokeTimeoutMs	nil	zap-generated/MTRCommandPayloadsObjc.mm:53828
MTRUnitTestingClusterTestNestedStructArgumentRequestParams	arg1	[MTRUnitTestingClusterNestedStruct new]	zap-generated/MTRCommandPayloadsObjc.mm:54227
MTRUnitTestingClusterTestNestedStructArgumentRequestParams	timedInvokeTimeoutMs	nil	zap-generated/MTRCommandPayloadsObjc.mm:54228
MTRUnitTestingClusterTestNestedStructArgumentRequestParams	serverSideProcessingTimeout	nil	zap-generated/MTRCommandPayloadsObjc.mm:54229
MTRUnitTestingClusterBooleanResponseParams	value	@(0)	zap-generated/MTRCommandPayloadsObjc.mm:54341
MTRUnitTestingClusterBooleanResponseParams	timedInvokeTimeoutMs	nil	zap-generated/MTRCommandPayloadsObjc.mm:54342
MTRUnitTestingClusterTestListStructArgumentRequestParams	arg1	[NSArray array]	zap-generated/MTRCommandPayloadsObjc.mm:54437
MTRUnitTestingClusterTestListStructArgumentRequestParams	timedInvokeTimeoutMs	nil	zap-generated/MTRCommandPayloadsObjc.mm:54438
MTRUnitTestingClusterTestListStructArgumentRequestParams	serverSideProcessingTimeout	nil	zap-generated/MTRCommandPayloadsObjc.mm:54439
MTRUnitTestingClusterSimpleStructResponseParams	arg1	[MTRUnitTestingClusterSimpleStruct new]	zap-generated/MTRCommandPayloadsObjc.mm:54555
MTRUnitTestingClusterSimpleStructResponseParams	timedInvokeTimeoutMs	nil	zap-generated/MTRCommandPayloadsObjc.mm:54556
MTRUnitTestingClusterTestListInt8UArgumentRequestParams	arg1	[NSArray array]	zap-generated/MTRCommandPayloadsObjc.mm:54668
MTRUnitTestingClusterTestListInt8UArgumentRequestParams	timedInvokeTimeoutMs	nil	zap-generated/MTRCommandPayloadsObjc.mm:54669
MTRUnitTestingClusterTestListInt8UArgumentRequestParams	serverSideProcessingTimeout	nil	zap-generated/MTRCommandPayloadsObjc.mm:54670
MTRUnitTestingClusterTestEmitTestEventResponseParams	value	@(0)	zap-generated/MTRCommandPayloadsObjc.mm:54775
MTRUnitTestingClusterTestEmitTestEventResponseParams	timedInvokeTimeoutMs	nil	zap-generated/MTRCommandPayloadsObjc.mm:54776
MTRUnitTestingClusterTestNestedStructListArgumentRequestParams	arg1	[MTRUnitTestingClusterNestedStructList new]	zap-generated/MTRCommandPayloadsObjc.mm:54871
MTRUnitTestingClusterTestNestedStructListArgumentRequestParams	timedInvokeTimeoutMs	nil	zap-generated/MTRCommandPayloadsObjc.mm:54872
MTRUnitTestingClusterTestNestedStructListArgumentRequestParams	serverSideProcessingTimeout	nil	zap-generated/MTRCommandPayloadsObjc.mm:54873
MTRUnitTestingClusterTestEmitTestFabricScopedEventResponseParams	value	@(0)	zap-generated/MTRCommandPayloadsObjc.mm:55072
MTRUnitTestingClusterTestEmitTestFabricScopedEventResponseParams	timedInvokeTimeoutMs	nil	zap-generated/MTRCommandPayloadsObjc.mm:55073
MTRUnitTestingClusterTestListNestedStructListArgumentRequestParams	arg1	[NSArray array]	zap-generated/MTRCommandPayloadsObjc.mm:55168
MTRUnitTestingClusterTestListNestedStructListArgumentRequestParams	timedInvokeTimeoutMs	nil	zap-generated/MTRCommandPayloadsObjc.mm:55169
MTRUnitTestingClusterTestListNestedStructListArgumentRequestParams	serverSideProcessingTimeout	nil	zap-generated/MTRCommandPayloadsObjc.mm:55170
MTRUnitTestingClusterTestBatchHelperResponseParams	buffer	[NSData data]	zap-generated/MTRCommandPayloadsObjc.mm:55391
MTRUnitTestingClusterTestListInt8UReverseRequestParams	arg1	[NSArray array]	zap-generated/MTRCommandPayloadsObjc.mm:55480
MTRUnitTestingClusterTestListInt8UReverseRequestParams	timedInvokeTimeoutMs	nil	zap-generated/MTRCommandPayloadsObjc.mm:55481
MTRUnitTestingClusterTestListInt8UReverseRequestParams	serverSideProcessingTimeout	nil	zap-generated/MTRCommandPayloadsObjc.mm:55482
MTRUnitTestingClusterStringEchoResponseParams	payload	[NSData data]	zap-generated/MTRCommandPayloadsObjc.mm:55587
MTRUnitTestingClusterTestEnumsRequestParams	arg1	@(0)	zap-generated/MTRCommandPayloadsObjc.mm:55676
MTRUnitTestingClusterTestEnumsRequestParams	arg2	@(0)	zap-generated/MTRCommandPayloadsObjc.mm:55678
MTRUnitTestingClusterTestEnumsRequestParams	timedInvokeTimeoutMs	nil	zap-generated/MTRCommandPayloadsObjc.mm:55679
MTRUnitTestingClusterTestEnumsRequestParams	serverSideProcessingTimeout	nil	zap-generated/MTRCommandPayloadsObjc.mm:55680
MTRUnitTestingClusterGlobalEchoResponseParams	field1	[MTRDataTypeTestGlobalStruct new]	zap-generated/MTRCommandPayloadsObjc.mm:55768
MTRUnitTestingClusterGlobalEchoResponseParams	field2	@(0)	zap-generated/MTRCommandPayloadsObjc.mm:55770
MTRUnitTestingClusterTestNullableOptionalRequestParams	arg1	nil	zap-generated/MTRCommandPayloadsObjc.mm:55878
MTRUnitTestingClusterTestNullableOptionalRequestParams	timedInvokeTimeoutMs	nil	zap-generated/MTRCommandPayloadsObjc.mm:55879
MTRUnitTestingClusterTestNullableOptionalRequestParams	serverSideProcessingTimeout	nil	zap-generated/MTRCommandPayloadsObjc.mm:55880
MTRUnitTestingClusterTestComplexNullableOptionalRequestParams	nullableInt	nil	zap-generated/MTRCommandPayloadsObjc.mm:55971
MTRUnitTestingClusterTestComplexNullableOptionalRequestParams	optionalInt	nil	zap-generated/MTRCommandPayloadsObjc.mm:55973
MTRUnitTestingClusterTestComplexNullableOptionalRequestParams	nullableOptionalInt	nil	zap-generated/MTRCommandPayloadsObjc.mm:55975
MTRUnitTestingClusterTestComplexNullableOptionalRequestParams	nullableString	nil	zap-generated/MTRCommandPayloadsObjc.mm:55977
MTRUnitTestingClusterTestComplexNullableOptionalRequestParams	optionalString	nil	zap-generated/MTRCommandPayloadsObjc.mm:55979
MTRUnitTestingClusterTestComplexNullableOptionalRequestParams	nullableOptionalString	nil	zap-generated/MTRCommandPayloadsObjc.mm:55981
MTRUnitTestingClusterTestComplexNullableOptionalRequestParams	nullableStruct	nil	zap-generated/MTRCommandPayloadsObjc.mm:55983
MTRUnitTestingClusterTestComplexNullableOptionalRequestParams	optionalStruct	nil	zap-generated/MTRCommandPayloadsObjc.mm:55985
MTRUnitTestingClusterTestComplexNullableOptionalRequestParams	nullableOptionalStruct	nil	zap-generated/MTRCommandPayloadsObjc.mm:55987
MTRUnitTestingClusterTestComplexNullableOptionalRequestParams	nullableList	nil	zap-generated/MTRCommandPayloadsObjc.mm:55989
MTRUnitTestingClusterTestComplexNullableOptionalRequestParams	optionalList	nil	zap-generated/MTRCommandPayloadsObjc.mm:55991
MTRUnitTestingClusterTestComplexNullableOptionalRequestParams	nullableOptionalList	nil	zap-generated/MTRCommandPayloadsObjc.mm:55993
MTRUnitTestingClusterTestComplexNullableOptionalRequestParams	timedInvokeTimeoutMs	nil	zap-generated/MTRCommandPayloadsObjc.mm:55994
MTRUnitTestingClusterTestComplexNullableOptionalRequestParams	serverSideProcessingTimeout	nil	zap-generated/MTRCommandPayloadsObjc.mm:55995
MTRUnitTestingClusterSimpleStructEchoRequestParams	arg1	[MTRUnitTestingClusterSimpleStruct new]	zap-generated/MTRCommandPayloadsObjc.mm:56296
MTRUnitTestingClusterSimpleStructEchoRequestParams	timedInvokeTimeoutMs	nil	zap-generated/MTRCommandPayloadsObjc.mm:56297
MTRUnitTestingClusterSimpleStructEchoRequestParams	serverSideProcessingTimeout	nil	zap-generated/MTRCommandPayloadsObjc.mm:56298
MTRUnitTestingClusterTimedInvokeRequestParams	timedInvokeTimeoutMs	nil	zap-generated/MTRCommandPayloadsObjc.mm:56391
MTRUnitTestingClusterTimedInvokeRequestParams	serverSideProcessingTimeout	nil	zap-generated/MTRCommandPayloadsObjc.mm:56392
MTRUnitTestingClusterTestSimpleOptionalArgumentRequestParams	arg1	nil	zap-generated/MTRCommandPayloadsObjc.mm:56470
MTRUnitTestingClusterTestSimpleOptionalArgumentRequestParams	timedInvokeTimeoutMs	nil	zap-generated/MTRCommandPayloadsObjc.mm:56471
MTRUnitTestingClusterTestSimpleOptionalArgumentRequestParams	serverSideProcessingTimeout	nil	zap-generated/MTRCommandPayloadsObjc.mm:56472
MTRUnitTestingClusterTestEmitTestEventRequestParams	arg1	@(0)	zap-generated/MTRCommandPayloadsObjc.mm:56558
MTRUnitTestingClusterTestEmitTestEventRequestParams	arg2	@(0)	zap-generated/MTRCommandPayloadsObjc.mm:56560
MTRUnitTestingClusterTestEmitTestEventRequestParams	arg3	@(0)	zap-generated/MTRCommandPayloadsObjc.mm:56562
MTRUnitTestingClusterTestEmitTestEventRequestParams	timedInvokeTimeoutMs	nil	zap-generated/MTRCommandPayloadsObjc.mm:56563
MTRUnitTestingClusterTestEmitTestEventRequestParams	serverSideProcessingTimeout	nil	zap-generated/MTRCommandPayloadsObjc.mm:56564
MTRUnitTestingClusterTestEmitTestFabricScopedEventRequestParams	arg1	@(0)	zap-generated/MTRCommandPayloadsObjc.mm:56657
MTRUnitTestingClusterTestEmitTestFabricScopedEventRequestParams	timedInvokeTimeoutMs	nil	zap-generated/MTRCommandPayloadsObjc.mm:56658
MTRUnitTestingClusterTestEmitTestFabricScopedEventRequestParams	serverSideProcessingTimeout	nil	zap-generated/MTRCommandPayloadsObjc.mm:56659
MTRUnitTestingClusterTestBatchHelperRequestParams	sleepBeforeResponseTimeMs	@(0)	zap-generated/MTRCommandPayloadsObjc.mm:56742
MTRUnitTestingClusterTestBatchHelperRequestParams	sizeOfResponseBuffer	@(0)	zap-generated/MTRCommandPayloadsObjc.mm:56744
MTRUnitTestingClusterTestBatchHelperRequestParams	fillCharacter	@(0)	zap-generated/MTRCommandPayloadsObjc.mm:56746
MTRUnitTestingClusterTestBatchHelperRequestParams	timedInvokeTimeoutMs	nil	zap-generated/MTRCommandPayloadsObjc.mm:56747
MTRUnitTestingClusterTestBatchHelperRequestParams	serverSideProcessingTimeout	nil	zap-generated/MTRCommandPayloadsObjc.mm:56748
MTRUnitTestingClusterTestSecondBatchHelperRequestParams	sleepBeforeResponseTimeMs	@(0)	zap-generated/MTRCommandPayloadsObjc.mm:56833
MTRUnitTestingClusterTestSecondBatchHelperRequestParams	sizeOfResponseBuffer	@(0)	zap-generated/MTRCommandPayloadsObjc.mm:56835
MTRUnitTestingClusterTestSecondBatchHelperRequestParams	fillCharacter	@(0)	zap-generated/MTRCommandPayloadsObjc.mm:56837
MTRUnitTestingClusterTestSecondBatchHelperRequestParams	timedInvokeTimeoutMs	nil	zap-generated/MTRCommandPayloadsObjc.mm:56838
MTRUnitTestingClusterTestSecondBatchHelperRequestParams	serverSideProcessingTimeout	nil	zap-generated/MTRCommandPayloadsObjc.mm:56839
MTRUnitTestingClusterStringEchoRequestParams	payload	[NSData data]	zap-generated/MTRCommandPayloadsObjc.mm:56924
MTRUnitTestingClusterStringEchoRequestParams	timedInvokeTimeoutMs	nil	zap-generated/MTRCommandPayloadsObjc.mm:56925
MTRUnitTestingClusterStringEchoRequestParams	serverSideProcessingTimeout	nil	zap-generated/MTRCommandPayloadsObjc.mm:56926
MTRUnitTestingClusterGlobalEchoRequestParams	field1	[MTRDataTypeTestGlobalStruct new]	zap-generated/MTRCommandPayloadsObjc.mm:57003
MTRUnitTestingClusterGlobalEchoRequestParams	field2	@(0)	zap-generated/MTRCommandPayloadsObjc.mm:57005
MTRUnitTestingClusterGlobalEchoRequestParams	timedInvokeTimeoutMs	nil	zap-generated/MTRCommandPayloadsObjc.mm:57006
MTRUnitTestingClusterGlobalEchoRequestParams	serverSideProcessingTimeout	nil	zap-generated/MTRCommandPayloadsObjc.mm:57007
MTRUnitTestingClusterTestCheckCommandFlagsParams	timedInvokeTimeoutMs	nil	zap-generated/MTRCommandPayloadsObjc.mm:57099
MTRUnitTestingClusterTestCheckCommandFlagsParams	serverSideProcessingTimeout	nil	zap-generated/MTRCommandPayloadsObjc.mm:57100
MTRUnitTestingClusterTestDifferentVendorMeiRequestParams	arg1	@(0)	zap-generated/MTRCommandPayloadsObjc.mm:57173
MTRUnitTestingClusterTestDifferentVendorMeiRequestParams	timedInvokeTimeoutMs	nil	zap-generated/MTRCommandPayloadsObjc.mm:57174
MTRUnitTestingClusterTestDifferentVendorMeiRequestParams	serverSideProcessingTimeout	nil	zap-generated/MTRCommandPayloadsObjc.mm:57175
MTRUnitTestingClusterTestDifferentVendorMeiResponseParams	arg1	@(0)	zap-generated/MTRCommandPayloadsObjc.mm:57252
MTRUnitTestingClusterTestDifferentVendorMeiResponseParams	eventNumber	@(0)	zap-generated/MTRCommandPayloadsObjc.mm:57254
MTRSampleMEIClusterPingParams	timedInvokeTimeoutMs	nil	zap-generated/MTRCommandPayloadsObjc.mm:57346
MTRSampleMEIClusterPingParams	serverSideProcessingTimeout	nil	zap-generated/MTRCommandPayloadsObjc.mm:57347
MTRSampleMEIClusterAddArgumentsResponseParams	returnValue	@(0)	zap-generated/MTRCommandPayloadsObjc.mm:57420
MTRSampleMEIClusterAddArgumentsParams	arg1	@(0)	zap-generated/MTRCommandPayloadsObjc.mm:57509
MTRSampleMEIClusterAddArgumentsParams	arg2	@(0)	zap-generated/MTRCommandPayloadsObjc.mm:57511
MTRSampleMEIClusterAddArgumentsParams	timedInvokeTimeoutMs	nil	zap-generated/MTRCommandPayloadsObjc.mm:57512
MTRSampleMEIClusterAddArgumentsParams	serverSideProcessingTimeout	nil	zap-generated/MTRCommandPayloadsObjc.mm:57513
MTRDataTypeCurrencyStruct	currency	@(0)	zap-generated/MTRStructsObjc.mm:27
MTRDataTypeCurrencyStruct	decimalPoints	@(0)	zap-generated/MTRStructsObjc.mm:29
MTRDataTypePriceStruct	amount	@(0)	zap-generated/MTRStructsObjc.mm:57
MTRDataTypePriceStruct	currency	[MTRDataTypeCurrencyStruct new]	zap-generated/MTRStructsObjc.mm:59
MTRDataTypeMeasurementAccuracyRangeStruct	rangeMin	@(0)	zap-generated/MTRStructsObjc.mm:87
MTRDataTypeMeasurementAccuracyRangeStruct	rangeMax	@(0)	zap-generated/MTRStructsObjc.mm:89
MTRDataTypeMeasurementAccuracyRangeStruct	percentMax	nil	zap-generated/MTRStructsObjc.mm:91
MTRDataTypeMeasurementAccuracyRangeStruct	percentMin	nil	zap-generated/MTRStructsObjc.mm:93
MTRDataTypeMeasurementAccuracyRangeStruct	percentTypical	nil	zap-generated/MTRStructsObjc.mm:95
MTRDataTypeMeasurementAccuracyRangeStruct	fixedMax	nil	zap-generated/MTRStructsObjc.mm:97
MTRDataTypeMeasurementAccuracyRangeStruct	fixedMin	nil	zap-generated/MTRStructsObjc.mm:99
MTRDataTypeMeasurementAccuracyRangeStruct	fixedTypical	nil	zap-generated/MTRStructsObjc.mm:101
MTRDataTypeMeasurementAccuracyStruct	measurementType	@(0)	zap-generated/MTRStructsObjc.mm:135
MTRDataTypeMeasurementAccuracyStruct	measured	@(0)	zap-generated/MTRStructsObjc.mm:137
MTRDataTypeMeasurementAccuracyStruct	minMeasuredValue	@(0)	zap-generated/MTRStructsObjc.mm:139
MTRDataTypeMeasurementAccuracyStruct	maxMeasuredValue	@(0)	zap-generated/MTRStructsObjc.mm:141
MTRDataTypeMeasurementAccuracyStruct	accuracyRanges	[NSArray array]	zap-generated/MTRStructsObjc.mm:143
MTRDataTypeAtomicAttributeStatusStruct	attributeID	@(0)	zap-generated/MTRStructsObjc.mm:174
MTRDataTypeAtomicAttributeStatusStruct	statusCode	@(0)	zap-generated/MTRStructsObjc.mm:176
MTRDataTypeICECandidateStruct	candidate	@""	zap-generated/MTRStructsObjc.mm:204
MTRDataTypeICECandidateStruct	sdpMid	nil	zap-generated/MTRStructsObjc.mm:206
MTRDataTypeICECandidateStruct	sdpmLineIndex	nil	zap-generated/MTRStructsObjc.mm:208
MTRDataTypeICEServerStruct	urls	[NSArray array]	zap-generated/MTRStructsObjc.mm:237
MTRDataTypeICEServerStruct	username	nil	zap-generated/MTRStructsObjc.mm:239
MTRDataTypeICEServerStruct	credential	nil	zap-generated/MTRStructsObjc.mm:241
MTRDataTypeICEServerStruct	caid	nil	zap-generated/MTRStructsObjc.mm:243
MTRDataTypeLocationDescriptorStruct	locationName	@""	zap-generated/MTRStructsObjc.mm:273
MTRDataTypeLocationDescriptorStruct	floorNumber	nil	zap-generated/MTRStructsObjc.mm:275
MTRDataTypeLocationDescriptorStruct	areaType	nil	zap-generated/MTRStructsObjc.mm:277
MTRDataTypePowerThresholdStruct	powerThreshold	nil	zap-generated/MTRStructsObjc.mm:306
MTRDataTypePowerThresholdStruct	apparentPowerThreshold	nil	zap-generated/MTRStructsObjc.mm:308
MTRDataTypePowerThresholdStruct	powerThresholdSource	nil	zap-generated/MTRStructsObjc.mm:310
MTRDataTypeSemanticTagStruct	mfgCode	nil	zap-generated/MTRStructsObjc.mm:339
MTRDataTypeSemanticTagStruct	namespaceID	@(0)	zap-generated/MTRStructsObjc.mm:341
MTRDataTypeSemanticTagStruct	tag	@(0)	zap-generated/MTRStructsObjc.mm:343
MTRDataTypeSemanticTagStruct	label	nil	zap-generated/MTRStructsObjc.mm:345
MTRDataTypeTestGlobalStruct	name	@""	zap-generated/MTRStructsObjc.mm:375
MTRDataTypeTestGlobalStruct	myBitmap	nil	zap-generated/MTRStructsObjc.mm:377
MTRDataTypeTestGlobalStruct	myEnum	nil	zap-generated/MTRStructsObjc.mm:379
MTRDataTypeViewportStruct	x1	@(0)	zap-generated/MTRStructsObjc.mm:408
MTRDataTypeViewportStruct	y1	@(0)	zap-generated/MTRStructsObjc.mm:410
MTRDataTypeViewportStruct	x2	@(0)	zap-generated/MTRStructsObjc.mm:412
MTRDataTypeViewportStruct	y2	@(0)	zap-generated/MTRStructsObjc.mm:414
MTRDataTypeWebRTCSessionStruct	id	@(0)	zap-generated/MTRStructsObjc.mm:444
MTRDataTypeWebRTCSessionStruct	peerNodeID	@(0)	zap-generated/MTRStructsObjc.mm:446
MTRDataTypeWebRTCSessionStruct	peerEndpointID	@(0)	zap-generated/MTRStructsObjc.mm:448
MTRDataTypeWebRTCSessionStruct	streamUsage	@(0)	zap-generated/MTRStructsObjc.mm:450
MTRDataTypeWebRTCSessionStruct	videoStreamID	nil	zap-generated/MTRStructsObjc.mm:452
MTRDataTypeWebRTCSessionStruct	audioStreamID	nil	zap-generated/MTRStructsObjc.mm:454
MTRDataTypeWebRTCSessionStruct	metadataEnabled	@(0)	zap-generated/MTRStructsObjc.mm:456
MTRDataTypeWebRTCSessionStruct	videoStreams	nil	zap-generated/MTRStructsObjc.mm:458
MTRDataTypeWebRTCSessionStruct	audioStreams	nil	zap-generated/MTRStructsObjc.mm:460
MTRDataTypeWebRTCSessionStruct	fabricIndex	@(0)	zap-generated/MTRStructsObjc.mm:462
MTRDescriptorClusterDeviceTypeStruct	deviceType	@(0)	zap-generated/MTRStructsObjc.mm:498
MTRDescriptorClusterDeviceTypeStruct	revision	@(0)	zap-generated/MTRStructsObjc.mm:500
MTRBindingClusterTargetStruct	node	nil	zap-generated/MTRStructsObjc.mm:542
MTRBindingClusterTargetStruct	group	nil	zap-generated/MTRStructsObjc.mm:544
MTRBindingClusterTargetStruct	endpoint	nil	zap-generated/MTRStructsObjc.mm:546
MTRBindingClusterTargetStruct	cluster	nil	zap-generated/MTRStructsObjc.mm:548
MTRBindingClusterTargetStruct	fabricIndex	@(0)	zap-generated/MTRStructsObjc.mm:550
MTRAccessControlClusterAccessRestrictionStruct	type	@(0)	zap-generated/MTRStructsObjc.mm:581
MTRAccessControlClusterAccessRestrictionStruct	id	nil	zap-generated/MTRStructsObjc.mm:583
MTRAccessControlClusterCommissioningAccessRestrictionEntryStruct	endpoint	@(0)	zap-generated/MTRStructsObjc.mm:611
MTRAccessControlClusterCommissioningAccessRestrictionEntryStruct	cluster	@(0)	zap-generated/MTRStructsObjc.mm:613
MTRAccessControlClusterCommissioningAccessRestrictionEntryStruct	restrictions	[NSArray array]	zap-generated/MTRStructsObjc.mm:615
MTRAccessControlClusterAccessRestrictionEntryStruct	endpoint	@(0)	zap-generated/MTRStructsObjc.mm:644
MTRAccessControlClusterAccessRestrictionEntryStruct	cluster	@(0)	zap-generated/MTRStructsObjc.mm:646
MTRAccessControlClusterAccessRestrictionEntryStruct	restrictions	[NSArray array]	zap-generated/MTRStructsObjc.mm:648
MTRAccessControlClusterAccessRestrictionEntryStruct	fabricIndex	@(0)	zap-generated/MTRStructsObjc.mm:650
MTRAccessControlClusterAccessControlTargetStruct	cluster	nil	zap-generated/MTRStructsObjc.mm:680
MTRAccessControlClusterAccessControlTargetStruct	endpoint	nil	zap-generated/MTRStructsObjc.mm:682
MTRAccessControlClusterAccessControlTargetStruct	deviceType	nil	zap-generated/MTRStructsObjc.mm:684
MTRAccessControlClusterAccessControlEntryStruct	privilege	@(0)	zap-generated/MTRStructsObjc.mm:719
MTRAccessControlClusterAccessControlEntryStruct	authMode	@(0)	zap-generated/MTRStructsObjc.mm:721
MTRAccessControlClusterAccessControlEntryStruct	subjects	nil	zap-generated/MTRStructsObjc.mm:723
MTRAccessControlClusterAccessControlEntryStruct	targets	nil	zap-generated/MTRStructsObjc.mm:725
MTRAccessControlClusterAccessControlEntryStruct	auxiliaryType	nil	zap-generated/MTRStructsObjc.mm:727
MTRAccessControlClusterAccessControlEntryStruct	fabricIndex	@(0)	zap-generated/MTRStructsObjc.mm:729
MTRAccessControlClusterAccessControlExtensionStruct	data	[NSData data]	zap-generated/MTRStructsObjc.mm:769
MTRAccessControlClusterAccessControlExtensionStruct	fabricIndex	@(0)	zap-generated/MTRStructsObjc.mm:771
MTRAccessControlClusterAccessControlEntryChangedEvent	adminNodeID	nil	zap-generated/MTRStructsObjc.mm:804
MTRAccessControlClusterAccessControlEntryChangedEvent	adminPasscodeID	nil	zap-generated/MTRStructsObjc.mm:806
MTRAccessControlClusterAccessControlEntryChangedEvent	changeType	@(0)	zap-generated/MTRStructsObjc.mm:808
MTRAccessControlClusterAccessControlEntryChangedEvent	latestValue	nil	zap-generated/MTRStructsObjc.mm:810
MTRAccessControlClusterAccessControlEntryChangedEvent	fabricIndex	@(0)	zap-generated/MTRStructsObjc.mm:812
MTRAccessControlClusterAccessControlExtensionChangedEvent	adminNodeID	nil	zap-generated/MTRStructsObjc.mm:843
MTRAccessControlClusterAccessControlExtensionChangedEvent	adminPasscodeID	nil	zap-generated/MTRStructsObjc.mm:845
MTRAccessControlClusterAccessControlExtensionChangedEvent	changeType	@(0)	zap-generated/MTRStructsObjc.mm:847
MTRAccessControlClusterAccessControlExtensionChangedEvent	latestValue	nil	zap-generated/MTRStructsObjc.mm:849
MTRAccessControlClusterAccessControlExtensionChangedEvent	fabricIndex	@(0)	zap-generated/MTRStructsObjc.mm:851
MTRAccessControlClusterFabricRestrictionReviewUpdateEvent	token	@(0)	zap-generated/MTRStructsObjc.mm:882
MTRAccessControlClusterFabricRestrictionReviewUpdateEvent	instruction	nil	zap-generated/MTRStructsObjc.mm:884
MTRAccessControlClusterFabricRestrictionReviewUpdateEvent	arlRequestFlowUrl	nil	zap-generated/MTRStructsObjc.mm:886
MTRAccessControlClusterFabricRestrictionReviewUpdateEvent	fabricIndex	@(0)	zap-generated/MTRStructsObjc.mm:888
MTRAccessControlClusterAuxiliaryAccessUpdatedEvent	adminNodeID	nil	zap-generated/MTRStructsObjc.mm:918
MTRAccessControlClusterAuxiliaryAccessUpdatedEvent	fabricIndex	@(0)	zap-generated/MTRStructsObjc.mm:920
MTRActionsClusterActionStruct	actionID	@(0)	zap-generated/MTRStructsObjc.mm:948
MTRActionsClusterActionStruct	name	@""	zap-generated/MTRStructsObjc.mm:950
MTRActionsClusterActionStruct	type	@(0)	zap-generated/MTRStructsObjc.mm:952
MTRActionsClusterActionStruct	endpointListID	@(0)	zap-generated/MTRStructsObjc.mm:954
MTRActionsClusterActionStruct	supportedCommands	@(0)	zap-generated/MTRStructsObjc.mm:956
MTRActionsClusterActionStruct	state	@(0)	zap-generated/MTRStructsObjc.mm:958
MTRActionsClusterEndpointListStruct	endpointListID	@(0)	zap-generated/MTRStructsObjc.mm:990
MTRActionsClusterEndpointListStruct	name	@""	zap-generated/MTRStructsObjc.mm:992
MTRActionsClusterEndpointListStruct	type	@(0)	zap-generated/MTRStructsObjc.mm:994
MTRActionsClusterEndpointListStruct	endpoints	[NSArray array]	zap-generated/MTRStructsObjc.mm:996
MTRActionsClusterStateChangedEvent	actionID	@(0)	zap-generated/MTRStructsObjc.mm:1026
MTRActionsClusterStateChangedEvent	invokeID	@(0)	zap-generated/MTRStructsObjc.mm:1028
MTRActionsClusterStateChangedEvent	newState	@(0)	zap-generated/MTRStructsObjc.mm:1030
MTRActionsClusterActionFailedEvent	actionID	@(0)	zap-generated/MTRStructsObjc.mm:1059
MTRActionsClusterActionFailedEvent	invokeID	@(0)	zap-generated/MTRStructsObjc.mm:1061
MTRActionsClusterActionFailedEvent	newState	@(0)	zap-generated/MTRStructsObjc.mm:1063
MTRActionsClusterActionFailedEvent	error	@(0)	zap-generated/MTRStructsObjc.mm:1065
MTRBasicInformationClusterCapabilityMinimaStruct	caseSessionsPerFabric	@(0)	zap-generated/MTRStructsObjc.mm:1095
MTRBasicInformationClusterCapabilityMinimaStruct	subscriptionsPerFabric	@(0)	zap-generated/MTRStructsObjc.mm:1097
MTRBasicInformationClusterCapabilityMinimaStruct	simultaneousInvocationsSupported	nil	zap-generated/MTRStructsObjc.mm:1099
MTRBasicInformationClusterCapabilityMinimaStruct	simultaneousWritesSupported	nil	zap-generated/MTRStructsObjc.mm:1101
MTRBasicInformationClusterCapabilityMinimaStruct	readPathsSupported	nil	zap-generated/MTRStructsObjc.mm:1103
MTRBasicInformationClusterCapabilityMinimaStruct	subscribePathsSupported	nil	zap-generated/MTRStructsObjc.mm:1105
MTRBasicInformationClusterProductAppearanceStruct	finish	@(0)	zap-generated/MTRStructsObjc.mm:1142
MTRBasicInformationClusterProductAppearanceStruct	primaryColor	nil	zap-generated/MTRStructsObjc.mm:1144
MTRBasicInformationClusterStartUpEvent	softwareVersion	@(0)	zap-generated/MTRStructsObjc.mm:1172
MTRBasicInformationClusterLeaveEvent	fabricIndex	@(0)	zap-generated/MTRStructsObjc.mm:1229
MTRBasicInformationClusterReachableChangedEvent	reachableNewValue	@(0)	zap-generated/MTRStructsObjc.mm:1260
MTROTASoftwareUpdateRequestorClusterProviderLocation	providerNodeID	@(0)	zap-generated/MTRStructsObjc.mm:1291
MTROTASoftwareUpdateRequestorClusterProviderLocation	endpoint	@(0)	zap-generated/MTRStructsObjc.mm:1293
MTROTASoftwareUpdateRequestorClusterProviderLocation	fabricIndex	@(0)	zap-generated/MTRStructsObjc.mm:1295
MTROTASoftwareUpdateRequestorClusterStateTransitionEvent	previousState	@(0)	zap-generated/MTRStructsObjc.mm:1330
MTROTASoftwareUpdateRequestorClusterStateTransitionEvent	newState	@(0)	zap-generated/MTRStructsObjc.mm:1332
MTROTASoftwareUpdateRequestorClusterStateTransitionEvent	reason	@(0)	zap-generated/MTRStructsObjc.mm:1334
MTROTASoftwareUpdateRequestorClusterStateTransitionEvent	targetSoftwareVersion	nil	zap-generated/MTRStructsObjc.mm:1336
MTROTASoftwareUpdateRequestorClusterVersionAppliedEvent	softwareVersion	@(0)	zap-generated/MTRStructsObjc.mm:1373
MTROTASoftwareUpdateRequestorClusterVersionAppliedEvent	productID	@(0)	zap-generated/MTRStructsObjc.mm:1375
MTROTASoftwareUpdateRequestorClusterDownloadErrorEvent	softwareVersion	@(0)	zap-generated/MTRStructsObjc.mm:1408
MTROTASoftwareUpdateRequestorClusterDownloadErrorEvent	bytesDownloaded	@(0)	zap-generated/MTRStructsObjc.mm:1410
MTROTASoftwareUpdateRequestorClusterDownloadErrorEvent	progressPercent	nil	zap-generated/MTRStructsObjc.mm:1412
MTROTASoftwareUpdateRequestorClusterDownloadErrorEvent	platformCode	nil	zap-generated/MTRStructsObjc.mm:1414
MTRPowerSourceClusterBatChargeFaultChangeType	current	[NSArray array]	zap-generated/MTRStructsObjc.mm:1451
MTRPowerSourceClusterBatChargeFaultChangeType	previous	[NSArray array]	zap-generated/MTRStructsObjc.mm:1453
MTRPowerSourceClusterBatFaultChangeType	current	[NSArray array]	zap-generated/MTRStructsObjc.mm:1481
MTRPowerSourceClusterBatFaultChangeType	previous	[NSArray array]	zap-generated/MTRStructsObjc.mm:1483
MTRPowerSourceClusterWiredFaultChangeType	current	[NSArray array]	zap-generated/MTRStructsObjc.mm:1511
MTRPowerSourceClusterWiredFaultChangeType	previous	[NSArray array]	zap-generated/MTRStructsObjc.mm:1513
MTRPowerSourceClusterWiredFaultChangeEvent	current	[NSArray array]	zap-generated/MTRStructsObjc.mm:1541
MTRPowerSourceClusterWiredFaultChangeEvent	previous	[NSArray array]	zap-generated/MTRStructsObjc.mm:1543
MTRPowerSourceClusterBatFaultChangeEvent	current	[NSArray array]	zap-generated/MTRStructsObjc.mm:1571
MTRPowerSourceClusterBatFaultChangeEvent	previous	[NSArray array]	zap-generated/MTRStructsObjc.mm:1573
MTRPowerSourceClusterBatChargeFaultChangeEvent	current	[NSArray array]	zap-generated/MTRStructsObjc.mm:1601
MTRPowerSourceClusterBatChargeFaultChangeEvent	previous	[NSArray array]	zap-generated/MTRStructsObjc.mm:1603
MTRGeneralCommissioningClusterBasicCommissioningInfo	failSafeExpiryLengthSeconds	@(0)	zap-generated/MTRStructsObjc.mm:1631
MTRGeneralCommissioningClusterBasicCommissioningInfo	maxCumulativeFailsafeSeconds	@(0)	zap-generated/MTRStructsObjc.mm:1633
MTRNetworkCommissioningClusterNetworkInfoStruct	networkID	[NSData data]	zap-generated/MTRStructsObjc.mm:1661
MTRNetworkCommissioningClusterNetworkInfoStruct	connected	@(0)	zap-generated/MTRStructsObjc.mm:1663
MTRNetworkCommissioningClusterNetworkInfoStruct	networkIdentifier	nil	zap-generated/MTRStructsObjc.mm:1665
MTRNetworkCommissioningClusterNetworkInfoStruct	clientIdentifier	nil	zap-generated/MTRStructsObjc.mm:1667
MTRNetworkCommissioningClusterThreadInterfaceScanResultStruct	panId	@(0)	zap-generated/MTRStructsObjc.mm:1702
MTRNetworkCommissioningClusterThreadInterfaceScanResultStruct	extendedPanId	@(0)	zap-generated/MTRStructsObjc.mm:1704
MTRNetworkCommissioningClusterThreadInterfaceScanResultStruct	networkName	@""	zap-generated/MTRStructsObjc.mm:1706
MTRNetworkCommissioningClusterThreadInterfaceScanResultStruct	channel	@(0)	zap-generated/MTRStructsObjc.mm:1708
MTRNetworkCommissioningClusterThreadInterfaceScanResultStruct	version	@(0)	zap-generated/MTRStructsObjc.mm:1710
MTRNetworkCommissioningClusterThreadInterfaceScanResultStruct	extendedAddress	[NSData data]	zap-generated/MTRStructsObjc.mm:1712
MTRNetworkCommissioningClusterThreadInterfaceScanResultStruct	rssi	@(0)	zap-generated/MTRStructsObjc.mm:1714
MTRNetworkCommissioningClusterThreadInterfaceScanResultStruct	lqi	@(0)	zap-generated/MTRStructsObjc.mm:1716
MTRNetworkCommissioningClusterWiFiInterfaceScanResultStruct	security	@(0)	zap-generated/MTRStructsObjc.mm:1761
MTRNetworkCommissioningClusterWiFiInterfaceScanResultStruct	ssid	[NSData data]	zap-generated/MTRStructsObjc.mm:1763
MTRNetworkCommissioningClusterWiFiInterfaceScanResultStruct	bssid	[NSData data]	zap-generated/MTRStructsObjc.mm:1765
MTRNetworkCommissioningClusterWiFiInterfaceScanResultStruct	channel	@(0)	zap-generated/MTRStructsObjc.mm:1767
MTRNetworkCommissioningClusterWiFiInterfaceScanResultStruct	wiFiBand	@(0)	zap-generated/MTRStructsObjc.mm:1769
MTRNetworkCommissioningClusterWiFiInterfaceScanResultStruct	rssi	@(0)	zap-generated/MTRStructsObjc.mm:1771
MTRGeneralDiagnosticsClusterDeviceLoadStruct	currentSubscriptions	@(0)	zap-generated/MTRStructsObjc.mm:1812
MTRGeneralDiagnosticsClusterDeviceLoadStruct	currentSubscriptionsForFabric	@(0)	zap-generated/MTRStructsObjc.mm:1814
MTRGeneralDiagnosticsClusterDeviceLoadStruct	totalSubscriptionsEstablished	@(0)	zap-generated/MTRStructsObjc.mm:1816
MTRGeneralDiagnosticsClusterDeviceLoadStruct	totalInteractionModelMessagesSent	@(0)	zap-generated/MTRStructsObjc.mm:1818
MTRGeneralDiagnosticsClusterDeviceLoadStruct	totalInteractionModelMessagesReceived	@(0)	zap-generated/MTRStructsObjc.mm:1820
MTRGeneralDiagnosticsClusterNetworkInterface	name	@""	zap-generated/MTRStructsObjc.mm:1851
MTRGeneralDiagnosticsClusterNetworkInterface	isOperational	@(0)	zap-generated/MTRStructsObjc.mm:1853
MTRGeneralDiagnosticsClusterNetworkInterface	offPremiseServicesReachableIPv4	nil	zap-generated/MTRStructsObjc.mm:1855
MTRGeneralDiagnosticsClusterNetworkInterface	offPremiseServicesReachableIPv6	nil	zap-generated/MTRStructsObjc.mm:1857
MTRGeneralDiagnosticsClusterNetworkInterface	hardwareAddress	[NSData data]	zap-generated/MTRStructsObjc.mm:1859
MTRGeneralDiagnosticsClusterNetworkInterface	iPv4Addresses	[NSArray array]	zap-generated/MTRStructsObjc.mm:1861
MTRGeneralDiagnosticsClusterNetworkInterface	iPv6Addresses	[NSArray array]	zap-generated/MTRStructsObjc.mm:1863
MTRGeneralDiagnosticsClusterNetworkInterface	type	@(0)	zap-generated/MTRStructsObjc.mm:1865
MTRGeneralDiagnosticsClusterHardwareFaultChangeEvent	current	[NSArray array]	zap-generated/MTRStructsObjc.mm:1910
MTRGeneralDiagnosticsClusterHardwareFaultChangeEvent	previous	[NSArray array]	zap-generated/MTRStructsObjc.mm:1912
MTRGeneralDiagnosticsClusterRadioFaultChangeEvent	current	[NSArray array]	zap-generated/MTRStructsObjc.mm:1940
MTRGeneralDiagnosticsClusterRadioFaultChangeEvent	previous	[NSArray array]	zap-generated/MTRStructsObjc.mm:1942
MTRGeneralDiagnosticsClusterNetworkFaultChangeEvent	current	[NSArray array]	zap-generated/MTRStructsObjc.mm:1970
MTRGeneralDiagnosticsClusterNetworkFaultChangeEvent	previous	[NSArray array]	zap-generated/MTRStructsObjc.mm:1972
MTRGeneralDiagnosticsClusterBootReasonEvent	bootReason	@(0)	zap-generated/MTRStructsObjc.mm:2000
MTRSoftwareDiagnosticsClusterThreadMetricsStruct	id	@(0)	zap-generated/MTRStructsObjc.mm:2027
MTRSoftwareDiagnosticsClusterThreadMetricsStruct	name	nil	zap-generated/MTRStructsObjc.mm:2029
MTRSoftwareDiagnosticsClusterThreadMetricsStruct	stackFreeCurrent	nil	zap-generated/MTRStructsObjc.mm:2031
MTRSoftwareDiagnosticsClusterThreadMetricsStruct	stackFreeMinimum	nil	zap-generated/MTRStructsObjc.mm:2033
MTRSoftwareDiagnosticsClusterThreadMetricsStruct	stackSize	nil	zap-generated/MTRStructsObjc.mm:2035
MTRSoftwareDiagnosticsClusterSoftwareFaultEvent	id	@(0)	zap-generated/MTRStructsObjc.mm:2074
MTRSoftwareDiagnosticsClusterSoftwareFaultEvent	name	nil	zap-generated/MTRStructsObjc.mm:2076
MTRSoftwareDiagnosticsClusterSoftwareFaultEvent	faultRecording	nil	zap-generated/MTRStructsObjc.mm:2078
MTRThreadNetworkDiagnosticsClusterNeighborTableStruct	extAddress	@(0)	zap-generated/MTRStructsObjc.mm:2107
MTRThreadNetworkDiagnosticsClusterNeighborTableStruct	age	@(0)	zap-generated/MTRStructsObjc.mm:2109
MTRThreadNetworkDiagnosticsClusterNeighborTableStruct	rloc16	@(0)	zap-generated/MTRStructsObjc.mm:2111
MTRThreadNetworkDiagnosticsClusterNeighborTableStruct	linkFrameCounter	@(0)	zap-generated/MTRStructsObjc.mm:2113
MTRThreadNetworkDiagnosticsClusterNeighborTableStruct	mleFrameCounter	@(0)	zap-generated/MTRStructsObjc.mm:2115
MTRThreadNetworkDiagnosticsClusterNeighborTableStruct	lqi	@(0)	zap-generated/MTRStructsObjc.mm:2117
MTRThreadNetworkDiagnosticsClusterNeighborTableStruct	averageRssi	nil	zap-generated/MTRStructsObjc.mm:2119
MTRThreadNetworkDiagnosticsClusterNeighborTableStruct	lastRssi	nil	zap-generated/MTRStructsObjc.mm:2121
MTRThreadNetworkDiagnosticsClusterNeighborTableStruct	frameErrorRate	@(0)	zap-generated/MTRStructsObjc.mm:2123
MTRThreadNetworkDiagnosticsClusterNeighborTableStruct	messageErrorRate	@(0)	zap-generated/MTRStructsObjc.mm:2125
MTRThreadNetworkDiagnosticsClusterNeighborTableStruct	rxOnWhenIdle	@(0)	zap-generated/MTRStructsObjc.mm:2127
MTRThreadNetworkDiagnosticsClusterNeighborTableStruct	fullThreadDevice	@(0)	zap-generated/MTRStructsObjc.mm:2129
MTRThreadNetworkDiagnosticsClusterNeighborTableStruct	fullNetworkData	@(0)	zap-generated/MTRStructsObjc.mm:2131
MTRThreadNetworkDiagnosticsClusterNeighborTableStruct	isChild	@(0)	zap-generated/MTRStructsObjc.mm:2133
MTRThreadNetworkDiagnosticsClusterOperationalDatasetComponents	activeTimestampPresent	@(0)	zap-generated/MTRStructsObjc.mm:2190
MTRThreadNetworkDiagnosticsClusterOperationalDatasetComponents	pendingTimestampPresent	@(0)	zap-generated/MTRStructsObjc.mm:2192
MTRThreadNetworkDiagnosticsClusterOperationalDatasetComponents	masterKeyPresent	@(0)	zap-generated/MTRStructsObjc.mm:2194
MTRThreadNetworkDiagnosticsClusterOperationalDatasetComponents	networkNamePresent	@(0)	zap-generated/MTRStructsObjc.mm:2196
MTRThreadNetworkDiagnosticsClusterOperationalDatasetComponents	extendedPanIdPresent	@(0)	zap-generated/MTRStructsObjc.mm:2198
MTRThreadNetworkDiagnosticsClusterOperationalDatasetComponents	meshLocalPrefixPresent	@(0)	zap-generated/MTRStructsObjc.mm:2200
MTRThreadNetworkDiagnosticsClusterOperationalDatasetComponents	delayPresent	@(0)	zap-generated/MTRStructsObjc.mm:2202
MTRThreadNetworkDiagnosticsClusterOperationalDatasetComponents	panIdPresent	@(0)	zap-generated/MTRStructsObjc.mm:2204
MTRThreadNetworkDiagnosticsClusterOperationalDatasetComponents	channelPresent	@(0)	zap-generated/MTRStructsObjc.mm:2206
MTRThreadNetworkDiagnosticsClusterOperationalDatasetComponents	pskcPresent	@(0)	zap-generated/MTRStructsObjc.mm:2208
MTRThreadNetworkDiagnosticsClusterOperationalDatasetComponents	securityPolicyPresent	@(0)	zap-generated/MTRStructsObjc.mm:2210
MTRThreadNetworkDiagnosticsClusterOperationalDatasetComponents	channelMaskPresent	@(0)	zap-generated/MTRStructsObjc.mm:2212
MTRThreadNetworkDiagnosticsClusterRouteTableStruct	extAddress	@(0)	zap-generated/MTRStructsObjc.mm:2250
MTRThreadNetworkDiagnosticsClusterRouteTableStruct	rloc16	@(0)	zap-generated/MTRStructsObjc.mm:2252
MTRThreadNetworkDiagnosticsClusterRouteTableStruct	routerId	@(0)	zap-generated/MTRStructsObjc.mm:2254
MTRThreadNetworkDiagnosticsClusterRouteTableStruct	nextHop	@(0)	zap-generated/MTRStructsObjc.mm:2256
MTRThreadNetworkDiagnosticsClusterRouteTableStruct	pathCost	@(0)	zap-generated/MTRStructsObjc.mm:2258
MTRThreadNetworkDiagnosticsClusterRouteTableStruct	lqiIn	@(0)	zap-generated/MTRStructsObjc.mm:2260
MTRThreadNetworkDiagnosticsClusterRouteTableStruct	lqiOut	@(0)	zap-generated/MTRStructsObjc.mm:2262
MTRThreadNetworkDiagnosticsClusterRouteTableStruct	age	@(0)	zap-generated/MTRStructsObjc.mm:2264
MTRThreadNetworkDiagnosticsClusterRouteTableStruct	allocated	@(0)	zap-generated/MTRStructsObjc.mm:2266
MTRThreadNetworkDiagnosticsClusterRouteTableStruct	linkEstablished	@(0)	zap-generated/MTRStructsObjc.mm:2268
MTRThreadNetworkDiagnosticsClusterSecurityPolicy	rotationTime	@(0)	zap-generated/MTRStructsObjc.mm:2317
MTRThreadNetworkDiagnosticsClusterSecurityPolicy	flags	@(0)	zap-generated/MTRStructsObjc.mm:2319
MTRThreadNetworkDiagnosticsClusterConnectionStatusEvent	connectionStatus	@(0)	zap-generated/MTRStructsObjc.mm:2347
MTRThreadNetworkDiagnosticsClusterNetworkFaultChangeEvent	current	[NSArray array]	zap-generated/MTRStructsObjc.mm:2374
MTRThreadNetworkDiagnosticsClusterNetworkFaultChangeEvent	previous	[NSArray array]	zap-generated/MTRStructsObjc.mm:2376
MTRWiFiNetworkDiagnosticsClusterDisconnectionEvent	reasonCode	@(0)	zap-generated/MTRStructsObjc.mm:2404
MTRWiFiNetworkDiagnosticsClusterAssociationFailureEvent	associationFailureCause	@(0)	zap-generated/MTRStructsObjc.mm:2431
MTRWiFiNetworkDiagnosticsClusterAssociationFailureEvent	status	@(0)	zap-generated/MTRStructsObjc.mm:2433
MTRWiFiNetworkDiagnosticsClusterConnectionStatusEvent	connectionStatus	@(0)	zap-generated/MTRStructsObjc.mm:2470
MTRTimeSynchronizationClusterDSTOffsetStruct	offset	@(0)	zap-generated/MTRStructsObjc.mm:2497
MTRTimeSynchronizationClusterDSTOffsetStruct	validStarting	@(0)	zap-generated/MTRStructsObjc.mm:2499
MTRTimeSynchronizationClusterDSTOffsetStruct	validUntil	nil	zap-generated/MTRStructsObjc.mm:2501
MTRTimeSynchronizationClusterFabricScopedTrustedTimeSourceStruct	nodeID	@(0)	zap-generated/MTRStructsObjc.mm:2536
MTRTimeSynchronizationClusterFabricScopedTrustedTimeSourceStruct	endpoint	@(0)	zap-generated/MTRStructsObjc.mm:2538
MTRTimeSynchronizationClusterTimeZoneStruct	offset	@(0)	zap-generated/MTRStructsObjc.mm:2566
MTRTimeSynchronizationClusterTimeZoneStruct	validAt	@(0)	zap-generated/MTRStructsObjc.mm:2568
MTRTimeSynchronizationClusterTimeZoneStruct	name	nil	zap-generated/MTRStructsObjc.mm:2570
MTRTimeSynchronizationClusterTrustedTimeSourceStruct	fabricIndex	@(0)	zap-generated/MTRStructsObjc.mm:2605
MTRTimeSynchronizationClusterTrustedTimeSourceStruct	nodeID	@(0)	zap-generated/MTRStructsObjc.mm:2607
MTRTimeSynchronizationClusterTrustedTimeSourceStruct	endpoint	@(0)	zap-generated/MTRStructsObjc.mm:2609
MTRTimeSynchronizationClusterDSTStatusEvent	dstOffsetActive	@(0)	zap-generated/MTRStructsObjc.mm:2661
MTRTimeSynchronizationClusterTimeZoneStatusEvent	offset	@(0)	zap-generated/MTRStructsObjc.mm:2688
MTRTimeSynchronizationClusterTimeZoneStatusEvent	name	nil	zap-generated/MTRStructsObjc.mm:2690
MTRBridgedDeviceBasicInformationClusterProductAppearanceStruct	finish	@(0)	zap-generated/MTRStructsObjc.mm:2764
MTRBridgedDeviceBasicInformationClusterProductAppearanceStruct	primaryColor	nil	zap-generated/MTRStructsObjc.mm:2766
MTRBridgedDeviceBasicInformationClusterStartUpEvent	softwareVersion	@(0)	zap-generated/MTRStructsObjc.mm:2794
MTRBridgedDeviceBasicInformationClusterReachableChangedEvent	reachableNewValue	@(0)	zap-generated/MTRStructsObjc.mm:2877
MTRBridgedDeviceBasicInformationClusterActiveChangedEvent	promisedActiveDuration	@(0)	zap-generated/MTRStructsObjc.mm:2908
MTRSwitchClusterSwitchLatchedEvent	newPosition	@(0)	zap-generated/MTRStructsObjc.mm:2935
MTRSwitchClusterInitialPressEvent	newPosition	@(0)	zap-generated/MTRStructsObjc.mm:2962
MTRSwitchClusterLongPressEvent	newPosition	@(0)	zap-generated/MTRStructsObjc.mm:2989
MTRSwitchClusterShortReleaseEvent	previousPosition	@(0)	zap-generated/MTRStructsObjc.mm:3016
MTRSwitchClusterLongReleaseEvent	previousPosition	@(0)	zap-generated/MTRStructsObjc.mm:3043
MTRSwitchClusterMultiPressOngoingEvent	newPosition	@(0)	zap-generated/MTRStructsObjc.mm:3070
MTRSwitchClusterMultiPressOngoingEvent	currentNumberOfPressesCounted	@(0)	zap-generated/MTRStructsObjc.mm:3072
MTRSwitchClusterMultiPressCompleteEvent	previousPosition	@(0)	zap-generated/MTRStructsObjc.mm:3100
MTRSwitchClusterMultiPressCompleteEvent	totalNumberOfPressesCounted	@(0)	zap-generated/MTRStructsObjc.mm:3102
MTROperationalCredentialsClusterFabricDescriptorStruct	rootPublicKey	[NSData data]	zap-generated/MTRStructsObjc.mm:3139
MTROperationalCredentialsClusterFabricDescriptorStruct	vendorID	@(0)	zap-generated/MTRStructsObjc.mm:3141
MTROperationalCredentialsClusterFabricDescriptorStruct	fabricID	@(0)	zap-generated/MTRStructsObjc.mm:3143
MTROperationalCredentialsClusterFabricDescriptorStruct	nodeID	@(0)	zap-generated/MTRStructsObjc.mm:3145
MTROperationalCredentialsClusterFabricDescriptorStruct	label	@""	zap-generated/MTRStructsObjc.mm:3147
MTROperationalCredentialsClusterFabricDescriptorStruct	vidVerificationStatement	nil	zap-generated/MTRStructsObjc.mm:3149
MTROperationalCredentialsClusterFabricDescriptorStruct	fabricIndex	@(0)	zap-generated/MTRStructsObjc.mm:3151
MTROperationalCredentialsClusterNOCStruct	noc	[NSData data]	zap-generated/MTRStructsObjc.mm:3220
MTROperationalCredentialsClusterNOCStruct	icac	nil	zap-generated/MTRStructsObjc.mm:3222
MTROperationalCredentialsClusterNOCStruct	vvsc	nil	zap-generated/MTRStructsObjc.mm:3224
MTROperationalCredentialsClusterNOCStruct	fabricIndex	@(0)	zap-generated/MTRStructsObjc.mm:3226
MTROperationalCredentialsClusterPQCDeviceAttestationProfileStruct	paaSupportedProfiles	@(0)	zap-generated/MTRStructsObjc.mm:3256
MTROperationalCredentialsClusterPQCDeviceAttestationProfileStruct	paiSupportedProfiles	@(0)	zap-generated/MTRStructsObjc.mm:3258
MTROperationalCredentialsClusterPQCDeviceAttestationProfileStruct	dacSupportedProfiles	@(0)	zap-generated/MTRStructsObjc.mm:3260
MTROperationalCredentialsClusterPQCDeviceAttestationProfileStruct	cdSupportedProfiles	@(0)	zap-generated/MTRStructsObjc.mm:3262
MTRGroupKeyManagementClusterGroupInfoMapStruct	groupId	@(0)	zap-generated/MTRStructsObjc.mm:3292
MTRGroupKeyManagementClusterGroupInfoMapStruct	endpoints	[NSArray array]	zap-generated/MTRStructsObjc.mm:3294
MTRGroupKeyManagementClusterGroupInfoMapStruct	groupName	nil	zap-generated/MTRStructsObjc.mm:3296
MTRGroupKeyManagementClusterGroupInfoMapStruct	fabricIndex	@(0)	zap-generated/MTRStructsObjc.mm:3298
MTRGroupKeyManagementClusterGroupKeyMapStruct	groupId	@(0)	zap-generated/MTRStructsObjc.mm:3328
MTRGroupKeyManagementClusterGroupKeyMapStruct	groupKeySetID	@(0)	zap-generated/MTRStructsObjc.mm:3330
MTRGroupKeyManagementClusterGroupKeyMapStruct	fabricIndex	@(0)	zap-generated/MTRStructsObjc.mm:3332
MTRGroupKeyManagementClusterGroupKeySetStruct	groupKeySetID	@(0)	zap-generated/MTRStructsObjc.mm:3361
MTRGroupKeyManagementClusterGroupKeySetStruct	groupKeySecurityPolicy	@(0)	zap-generated/MTRStructsObjc.mm:3363
MTRGroupKeyManagementClusterGroupKeySetStruct	epochKey0	nil	zap-generated/MTRStructsObjc.mm:3365
MTRGroupKeyManagementClusterGroupKeySetStruct	epochStartTime0	nil	zap-generated/MTRStructsObjc.mm:3367
MTRGroupKeyManagementClusterGroupKeySetStruct	epochKey1	nil	zap-generated/MTRStructsObjc.mm:3369
MTRGroupKeyManagementClusterGroupKeySetStruct	epochStartTime1	nil	zap-generated/MTRStructsObjc.mm:3371
MTRGroupKeyManagementClusterGroupKeySetStruct	epochKey2	nil	zap-generated/MTRStructsObjc.mm:3373
MTRGroupKeyManagementClusterGroupKeySetStruct	epochStartTime2	nil	zap-generated/MTRStructsObjc.mm:3375
MTRGroupKeyManagementClusterGroupcastAdoptionStruct	groupcastAdopted	@(0)	zap-generated/MTRStructsObjc.mm:3409
MTRGroupKeyManagementClusterGroupcastAdoptionStruct	fabricIndex	@(0)	zap-generated/MTRStructsObjc.mm:3411
MTRFixedLabelClusterLabelStruct	label	@""	zap-generated/MTRStructsObjc.mm:3439
MTRFixedLabelClusterLabelStruct	value	@""	zap-generated/MTRStructsObjc.mm:3441
MTRUserLabelClusterLabelStruct	label	@""	zap-generated/MTRStructsObjc.mm:3469
MTRUserLabelClusterLabelStruct	value	@""	zap-generated/MTRStructsObjc.mm:3471
MTRBooleanStateClusterStateChangeEvent	stateValue	@(0)	zap-generated/MTRStructsObjc.mm:3499
MTRICDManagementClusterMonitoringRegistrationStruct	checkInNodeID	@(0)	zap-generated/MTRStructsObjc.mm:3526
MTRICDManagementClusterMonitoringRegistrationStruct	monitoredSubject	@(0)	zap-generated/MTRStructsObjc.mm:3528
MTRICDManagementClusterMonitoringRegistrationStruct	clientType	@(0)	zap-generated/MTRStructsObjc.mm:3530
MTRICDManagementClusterMonitoringRegistrationStruct	fabricIndex	@(0)	zap-generated/MTRStructsObjc.mm:3532
MTROvenCavityOperationalStateClusterErrorStateStruct	errorStateID	@(0)	zap-generated/MTRStructsObjc.mm:3562
MTROvenCavityOperationalStateClusterErrorStateStruct	errorStateLabel	nil	zap-generated/MTRStructsObjc.mm:3564
MTROvenCavityOperationalStateClusterErrorStateStruct	errorStateDetails	nil	zap-generated/MTRStructsObjc.mm:3566
MTROvenCavityOperationalStateClusterOperationalStateStruct	operationalStateID	@(0)	zap-generated/MTRStructsObjc.mm:3595
MTROvenCavityOperationalStateClusterOperationalStateStruct	operationalStateLabel	nil	zap-generated/MTRStructsObjc.mm:3597
MTROvenCavityOperationalStateClusterOperationalErrorEvent	errorState	[MTROvenCavityOperationalStateClusterErrorStateStruct new]	zap-generated/MTRStructsObjc.mm:3625
MTROvenCavityOperationalStateClusterOperationCompletionEvent	completionErrorCode	@(0)	zap-generated/MTRStructsObjc.mm:3652
MTROvenCavityOperationalStateClusterOperationCompletionEvent	totalOperationalTime	nil	zap-generated/MTRStructsObjc.mm:3654
MTROvenCavityOperationalStateClusterOperationCompletionEvent	pausedTime	nil	zap-generated/MTRStructsObjc.mm:3656
MTROvenModeClusterModeTagStruct	mfgCode	nil	zap-generated/MTRStructsObjc.mm:3685
MTROvenModeClusterModeTagStruct	value	@(0)	zap-generated/MTRStructsObjc.mm:3687
MTROvenModeClusterModeOptionStruct	label	@""	zap-generated/MTRStructsObjc.mm:3715
MTROvenModeClusterModeOptionStruct	mode	@(0)	zap-generated/MTRStructsObjc.mm:3717
MTROvenModeClusterModeOptionStruct	modeTags	[NSArray array]	zap-generated/MTRStructsObjc.mm:3719
MTRModeSelectClusterSemanticTagStruct	mfgCode	@(0)	zap-generated/MTRStructsObjc.mm:3748
MTRModeSelectClusterSemanticTagStruct	value	@(0)	zap-generated/MTRStructsObjc.mm:3750
MTRModeSelectClusterModeOptionStruct	label	@""	zap-generated/MTRStructsObjc.mm:3783
MTRModeSelectClusterModeOptionStruct	mode	@(0)	zap-generated/MTRStructsObjc.mm:3785
MTRModeSelectClusterModeOptionStruct	semanticTags	[NSArray array]	zap-generated/MTRStructsObjc.mm:3787
MTRLaundryWasherModeClusterModeTagStruct	mfgCode	nil	zap-generated/MTRStructsObjc.mm:3816
MTRLaundryWasherModeClusterModeTagStruct	value	@(0)	zap-generated/MTRStructsObjc.mm:3818
MTRLaundryWasherModeClusterModeOptionStruct	label	@""	zap-generated/MTRStructsObjc.mm:3846
MTRLaundryWasherModeClusterModeOptionStruct	mode	@(0)	zap-generated/MTRStructsObjc.mm:3848
MTRLaundryWasherModeClusterModeOptionStruct	modeTags	[NSArray array]	zap-generated/MTRStructsObjc.mm:3850
MTRRefrigeratorAndTemperatureControlledCabinetModeClusterModeTagStruct	mfgCode	nil	zap-generated/MTRStructsObjc.mm:3879
MTRRefrigeratorAndTemperatureControlledCabinetModeClusterModeTagStruct	value	@(0)	zap-generated/MTRStructsObjc.mm:3881
MTRRefrigeratorAndTemperatureControlledCabinetModeClusterModeOptionStruct	label	@""	zap-generated/MTRStructsObjc.mm:3909
MTRRefrigeratorAndTemperatureControlledCabinetModeClusterModeOptionStruct	mode	@(0)	zap-generated/MTRStructsObjc.mm:3911
MTRRefrigeratorAndTemperatureControlledCabinetModeClusterModeOptionStruct	modeTags	[NSArray array]	zap-generated/MTRStructsObjc.mm:3913
MTRRVCRunModeClusterModeTagStruct	mfgCode	nil	zap-generated/MTRStructsObjc.mm:3942
MTRRVCRunModeClusterModeTagStruct	value	@(0)	zap-generated/MTRStructsObjc.mm:3944
MTRRVCRunModeClusterModeOptionStruct	label	@""	zap-generated/MTRStructsObjc.mm:3972
MTRRVCRunModeClusterModeOptionStruct	mode	@(0)	zap-generated/MTRStructsObjc.mm:3974
MTRRVCRunModeClusterModeOptionStruct	modeTags	[NSArray array]	zap-generated/MTRStructsObjc.mm:3976
MTRRVCCleanModeClusterModeTagStruct	mfgCode	nil	zap-generated/MTRStructsObjc.mm:4005
MTRRVCCleanModeClusterModeTagStruct	value	@(0)	zap-generated/MTRStructsObjc.mm:4007
MTRRVCCleanModeClusterModeOptionStruct	label	@""	zap-generated/MTRStructsObjc.mm:4035
MTRRVCCleanModeClusterModeOptionStruct	mode	@(0)	zap-generated/MTRStructsObjc.mm:4037
MTRRVCCleanModeClusterModeOptionStruct	modeTags	[NSArray array]	zap-generated/MTRStructsObjc.mm:4039
MTRRefrigeratorAlarmClusterNotifyEvent	active	@(0)	zap-generated/MTRStructsObjc.mm:4068
MTRRefrigeratorAlarmClusterNotifyEvent	inactive	@(0)	zap-generated/MTRStructsObjc.mm:4070
MTRRefrigeratorAlarmClusterNotifyEvent	state	@(0)	zap-generated/MTRStructsObjc.mm:4072
MTRRefrigeratorAlarmClusterNotifyEvent	mask	@(0)	zap-generated/MTRStructsObjc.mm:4074
MTRDishwasherModeClusterModeTagStruct	mfgCode	nil	zap-generated/MTRStructsObjc.mm:4104
MTRDishwasherModeClusterModeTagStruct	value	@(0)	zap-generated/MTRStructsObjc.mm:4106
MTRDishwasherModeClusterModeOptionStruct	label	@""	zap-generated/MTRStructsObjc.mm:4134
MTRDishwasherModeClusterModeOptionStruct	mode	@(0)	zap-generated/MTRStructsObjc.mm:4136
MTRDishwasherModeClusterModeOptionStruct	modeTags	[NSArray array]	zap-generated/MTRStructsObjc.mm:4138
MTRSmokeCOAlarmClusterSmokeAlarmEvent	alarmSeverityLevel	@(0)	zap-generated/MTRStructsObjc.mm:4167
MTRSmokeCOAlarmClusterCOAlarmEvent	alarmSeverityLevel	@(0)	zap-generated/MTRStructsObjc.mm:4194
MTRSmokeCOAlarmClusterLowBatteryEvent	alarmSeverityLevel	@(0)	zap-generated/MTRStructsObjc.mm:4221
MTRSmokeCOAlarmClusterInterconnectSmokeAlarmEvent	alarmSeverityLevel	@(0)	zap-generated/MTRStructsObjc.mm:4363
MTRSmokeCOAlarmClusterInterconnectCOAlarmEvent	alarmSeverityLevel	@(0)	zap-generated/MTRStructsObjc.mm:4390
MTRDishwasherAlarmClusterNotifyEvent	active	@(0)	zap-generated/MTRStructsObjc.mm:4440
MTRDishwasherAlarmClusterNotifyEvent	inactive	@(0)	zap-generated/MTRStructsObjc.mm:4442
MTRDishwasherAlarmClusterNotifyEvent	state	@(0)	zap-generated/MTRStructsObjc.mm:4444
MTRDishwasherAlarmClusterNotifyEvent	mask	@(0)	zap-generated/MTRStructsObjc.mm:4446
MTRMicrowaveOvenModeClusterModeTagStruct	mfgCode	nil	zap-generated/MTRStructsObjc.mm:4476
MTRMicrowaveOvenModeClusterModeTagStruct	value	@(0)	zap-generated/MTRStructsObjc.mm:4478
MTRMicrowaveOvenModeClusterModeOptionStruct	label	@""	zap-generated/MTRStructsObjc.mm:4506
MTRMicrowaveOvenModeClusterModeOptionStruct	mode	@(0)	zap-generated/MTRStructsObjc.mm:4508
MTRMicrowaveOvenModeClusterModeOptionStruct	modeTags	[NSArray array]	zap-generated/MTRStructsObjc.mm:4510
MTROperationalStateClusterErrorStateStruct	errorStateID	@(0)	zap-generated/MTRStructsObjc.mm:4539
MTROperationalStateClusterErrorStateStruct	errorStateLabel	nil	zap-generated/MTRStructsObjc.mm:4541
MTROperationalStateClusterErrorStateStruct	errorStateDetails	nil	zap-generated/MTRStructsObjc.mm:4543
MTROperationalStateClusterOperationalStateStruct	operationalStateID	@(0)	zap-generated/MTRStructsObjc.mm:4572
MTROperationalStateClusterOperationalStateStruct	operationalStateLabel	nil	zap-generated/MTRStructsObjc.mm:4574
MTROperationalStateClusterOperationalErrorEvent	errorState	[MTROperationalStateClusterErrorStateStruct new]	zap-generated/MTRStructsObjc.mm:4602
MTROperationalStateClusterOperationCompletionEvent	completionErrorCode	@(0)	zap-generated/MTRStructsObjc.mm:4629
MTROperationalStateClusterOperationCompletionEvent	totalOperationalTime	nil	zap-generated/MTRStructsObjc.mm:4631
MTROperationalStateClusterOperationCompletionEvent	pausedTime	nil	zap-generated/MTRStructsObjc.mm:4633
MTRRVCOperationalStateClusterErrorStateStruct	errorStateID	@(0)	zap-generated/MTRStructsObjc.mm:4662
MTRRVCOperationalStateClusterErrorStateStruct	errorStateLabel	nil	zap-generated/MTRStructsObjc.mm:4664
MTRRVCOperationalStateClusterErrorStateStruct	errorStateDetails	nil	zap-generated/MTRStructsObjc.mm:4666
MTRRVCOperationalStateClusterOperationalStateStruct	operationalStateID	@(0)	zap-generated/MTRStructsObjc.mm:4695
MTRRVCOperationalStateClusterOperationalStateStruct	operationalStateLabel	nil	zap-generated/MTRStructsObjc.mm:4697
MTRRVCOperationalStateClusterOperationalErrorEvent	errorState	[MTRRVCOperationalStateClusterErrorStateStruct new]	zap-generated/MTRStructsObjc.mm:4725
MTRRVCOperationalStateClusterOperationCompletionEvent	completionErrorCode	@(0)	zap-generated/MTRStructsObjc.mm:4752
MTRRVCOperationalStateClusterOperationCompletionEvent	totalOperationalTime	nil	zap-generated/MTRStructsObjc.mm:4754
MTRRVCOperationalStateClusterOperationCompletionEvent	pausedTime	nil	zap-generated/MTRStructsObjc.mm:4756
MTRScenesManagementClusterAttributeValuePairStruct	attributeID	@(0)	zap-generated/MTRStructsObjc.mm:4785
MTRScenesManagementClusterAttributeValuePairStruct	valueUnsigned8	nil	zap-generated/MTRStructsObjc.mm:4787
MTRScenesManagementClusterAttributeValuePairStruct	valueSigned8	nil	zap-generated/MTRStructsObjc.mm:4789
MTRScenesManagementClusterAttributeValuePairStruct	valueUnsigned16	nil	zap-generated/MTRStructsObjc.mm:4791
MTRScenesManagementClusterAttributeValuePairStruct	valueSigned16	nil	zap-generated/MTRStructsObjc.mm:4793
MTRScenesManagementClusterAttributeValuePairStruct	valueUnsigned32	nil	zap-generated/MTRStructsObjc.mm:4795
MTRScenesManagementClusterAttributeValuePairStruct	valueSigned32	nil	zap-generated/MTRStructsObjc.mm:4797
MTRScenesManagementClusterAttributeValuePairStruct	valueUnsigned64	nil	zap-generated/MTRStructsObjc.mm:4799
MTRScenesManagementClusterAttributeValuePairStruct	valueSigned64	nil	zap-generated/MTRStructsObjc.mm:4801
MTRScenesManagementClusterExtensionFieldSetStruct	clusterID	@(0)	zap-generated/MTRStructsObjc.mm:4836
MTRScenesManagementClusterExtensionFieldSetStruct	attributeValueList	[NSArray array]	zap-generated/MTRStructsObjc.mm:4838
MTRScenesManagementClusterSceneInfoStruct	sceneCount	@(0)	zap-generated/MTRStructsObjc.mm:4866
MTRScenesManagementClusterSceneInfoStruct	currentScene	@(0)	zap-generated/MTRStructsObjc.mm:4868
MTRScenesManagementClusterSceneInfoStruct	currentGroup	@(0)	zap-generated/MTRStructsObjc.mm:4870
MTRScenesManagementClusterSceneInfoStruct	sceneValid	@(0)	zap-generated/MTRStructsObjc.mm:4872
MTRScenesManagementClusterSceneInfoStruct	remainingCapacity	@(0)	zap-generated/MTRStructsObjc.mm:4874
MTRScenesManagementClusterSceneInfoStruct	fabricIndex	@(0)	zap-generated/MTRStructsObjc.mm:4876
MTRThermostatModeClusterModeTagStruct	mfgCode	nil	zap-generated/MTRStructsObjc.mm:4908
MTRThermostatModeClusterModeTagStruct	value	@(0)	zap-generated/MTRStructsObjc.mm:4910
MTRThermostatModeClusterModeOptionStruct	label	@""	zap-generated/MTRStructsObjc.mm:4938
MTRThermostatModeClusterModeOptionStruct	mode	@(0)	zap-generated/MTRStructsObjc.mm:4940
MTRThermostatModeClusterModeOptionStruct	modeTags	[NSArray array]	zap-generated/MTRStructsObjc.mm:4942
MTRGroupcastClusterMembershipStruct	groupID	@(0)	zap-generated/MTRStructsObjc.mm:4971
MTRGroupcastClusterMembershipStruct	endpoints	nil	zap-generated/MTRStructsObjc.mm:4973
MTRGroupcastClusterMembershipStruct	keySetID	@(0)	zap-generated/MTRStructsObjc.mm:4975
MTRGroupcastClusterMembershipStruct	hasAuxiliaryACL	nil	zap-generated/MTRStructsObjc.mm:4977
MTRGroupcastClusterMembershipStruct	mcastAddrPolicy	@(0)	zap-generated/MTRStructsObjc.mm:4979
MTRGroupcastClusterMembershipStruct	fabricIndex	@(0)	zap-generated/MTRStructsObjc.mm:4981
MTRGroupcastClusterGroupcastTestingEvent	sourceIpAddress	nil	zap-generated/MTRStructsObjc.mm:5013
MTRGroupcastClusterGroupcastTestingEvent	destinationIpAddress	nil	zap-generated/MTRStructsObjc.mm:5015
MTRGroupcastClusterGroupcastTestingEvent	groupID	nil	zap-generated/MTRStructsObjc.mm:5017
MTRGroupcastClusterGroupcastTestingEvent	endpointID	nil	zap-generated/MTRStructsObjc.mm:5019
MTRGroupcastClusterGroupcastTestingEvent	clusterID	nil	zap-generated/MTRStructsObjc.mm:5021
MTRGroupcastClusterGroupcastTestingEvent	elementID	nil	zap-generated/MTRStructsObjc.mm:5023
MTRGroupcastClusterGroupcastTestingEvent	accessAllowed	nil	zap-generated/MTRStructsObjc.mm:5025
MTRGroupcastClusterGroupcastTestingEvent	groupcastTestResult	@(0)	zap-generated/MTRStructsObjc.mm:5027
MTRGroupcastClusterGroupcastTestingEvent	fabricIndex	@(0)	zap-generated/MTRStructsObjc.mm:5029
MTRHEPAFilterMonitoringClusterReplacementProductStruct	productIdentifierType	@(0)	zap-generated/MTRStructsObjc.mm:5064
MTRHEPAFilterMonitoringClusterReplacementProductStruct	productIdentifierValue	@""	zap-generated/MTRStructsObjc.mm:5066
MTRActivatedCarbonFilterMonitoringClusterReplacementProductStruct	productIdentifierType	@(0)	zap-generated/MTRStructsObjc.mm:5094
MTRActivatedCarbonFilterMonitoringClusterReplacementProductStruct	productIdentifierValue	@""	zap-generated/MTRStructsObjc.mm:5096
MTRWaterTankLevelMonitoringClusterReplacementProductStruct	productIdentifierType	@(0)	zap-generated/MTRStructsObjc.mm:5124
MTRWaterTankLevelMonitoringClusterReplacementProductStruct	productIdentifierValue	@""	zap-generated/MTRStructsObjc.mm:5126
MTRBooleanStateConfigurationClusterAlarmsStateChangedEvent	alarmsActive	@(0)	zap-generated/MTRStructsObjc.mm:5154
MTRBooleanStateConfigurationClusterAlarmsStateChangedEvent	alarmsSuppressed	nil	zap-generated/MTRStructsObjc.mm:5156
MTRBooleanStateConfigurationClusterSensorFaultEvent	sensorFault	@(0)	zap-generated/MTRStructsObjc.mm:5184
MTRValveConfigurationAndControlClusterValveStateChangedEvent	valveState	@(0)	zap-generated/MTRStructsObjc.mm:5211
MTRValveConfigurationAndControlClusterValveStateChangedEvent	valveLevel	nil	zap-generated/MTRStructsObjc.mm:5213
MTRValveConfigurationAndControlClusterValveFaultEvent	valveFault	@(0)	zap-generated/MTRStructsObjc.mm:5241
MTRElectricalPowerMeasurementClusterMeasurementAccuracyRangeStruct	rangeMin	@(0)	zap-generated/MTRStructsObjc.mm:5268
MTRElectricalPowerMeasurementClusterMeasurementAccuracyRangeStruct	rangeMax	@(0)	zap-generated/MTRStructsObjc.mm:5270
MTRElectricalPowerMeasurementClusterMeasurementAccuracyRangeStruct	percentMax	nil	zap-generated/MTRStructsObjc.mm:5272
MTRElectricalPowerMeasurementClusterMeasurementAccuracyRangeStruct	percentMin	nil	zap-generated/MTRStructsObjc.mm:5274
MTRElectricalPowerMeasurementClusterMeasurementAccuracyRangeStruct	percentTypical	nil	zap-generated/MTRStructsObjc.mm:5276
MTRElectricalPowerMeasurementClusterMeasurementAccuracyRangeStruct	fixedMax	nil	zap-generated/MTRStructsObjc.mm:5278
MTRElectricalPowerMeasurementClusterMeasurementAccuracyRangeStruct	fixedMin	nil	zap-generated/MTRStructsObjc.mm:5280
MTRElectricalPowerMeasurementClusterMeasurementAccuracyRangeStruct	fixedTypical	nil	zap-generated/MTRStructsObjc.mm:5282
MTRElectricalPowerMeasurementClusterMeasurementAccuracyStruct	measurementType	@(0)	zap-generated/MTRStructsObjc.mm:5316
MTRElectricalPowerMeasurementClusterMeasurementAccuracyStruct	measured	@(0)	zap-generated/MTRStructsObjc.mm:5318
MTRElectricalPowerMeasurementClusterMeasurementAccuracyStruct	minMeasuredValue	@(0)	zap-generated/MTRStructsObjc.mm:5320
MTRElectricalPowerMeasurementClusterMeasurementAccuracyStruct	maxMeasuredValue	@(0)	zap-generated/MTRStructsObjc.mm:5322
MTRElectricalPowerMeasurementClusterMeasurementAccuracyStruct	accuracyRanges	[NSArray array]	zap-generated/MTRStructsObjc.mm:5324
MTRElectricalPowerMeasurementClusterHarmonicMeasurementStruct	order	@(0)	zap-generated/MTRStructsObjc.mm:5355
MTRElectricalPowerMeasurementClusterHarmonicMeasurementStruct	measurement	nil	zap-generated/MTRStructsObjc.mm:5357
MTRElectricalPowerMeasurementClusterMeasurementRangeStruct	measurementType	@(0)	zap-generated/MTRStructsObjc.mm:5385
MTRElectricalPowerMeasurementClusterMeasurementRangeStruct	min	@(0)	zap-generated/MTRStructsObjc.mm:5387
MTRElectricalPowerMeasurementClusterMeasurementRangeStruct	max	@(0)	zap-generated/MTRStructsObjc.mm:5389
MTRElectricalPowerMeasurementClusterMeasurementRangeStruct	startTimestamp	nil	zap-generated/MTRStructsObjc.mm:5391
MTRElectricalPowerMeasurementClusterMeasurementRangeStruct	endTimestamp	nil	zap-generated/MTRStructsObjc.mm:5393
MTRElectricalPowerMeasurementClusterMeasurementRangeStruct	minTimestamp	nil	zap-generated/MTRStructsObjc.mm:5395
MTRElectricalPowerMeasurementClusterMeasurementRangeStruct	maxTimestamp	nil	zap-generated/MTRStructsObjc.mm:5397
MTRElectricalPowerMeasurementClusterMeasurementRangeStruct	startSystime	nil	zap-generated/MTRStructsObjc.mm:5399
MTRElectricalPowerMeasurementClusterMeasurementRangeStruct	endSystime	nil	zap-generated/MTRStructsObjc.mm:5401
MTRElectricalPowerMeasurementClusterMeasurementRangeStruct	minSystime	nil	zap-generated/MTRStructsObjc.mm:5403
MTRElectricalPowerMeasurementClusterMeasurementRangeStruct	maxSystime	nil	zap-generated/MTRStructsObjc.mm:5405
MTRElectricalPowerMeasurementClusterMeasurementPeriodRangesEvent	ranges	[NSArray array]	zap-generated/MTRStructsObjc.mm:5442
MTRElectricalEnergyMeasurementClusterMeasurementAccuracyRangeStruct	rangeMin	@(0)	zap-generated/MTRStructsObjc.mm:5469
MTRElectricalEnergyMeasurementClusterMeasurementAccuracyRangeStruct	rangeMax	@(0)	zap-generated/MTRStructsObjc.mm:5471
MTRElectricalEnergyMeasurementClusterMeasurementAccuracyRangeStruct	percentMax	nil	zap-generated/MTRStructsObjc.mm:5473
MTRElectricalEnergyMeasurementClusterMeasurementAccuracyRangeStruct	percentMin	nil	zap-generated/MTRStructsObjc.mm:5475
MTRElectricalEnergyMeasurementClusterMeasurementAccuracyRangeStruct	percentTypical	nil	zap-generated/MTRStructsObjc.mm:5477
MTRElectricalEnergyMeasurementClusterMeasurementAccuracyRangeStruct	fixedMax	nil	zap-generated/MTRStructsObjc.mm:5479
MTRElectricalEnergyMeasurementClusterMeasurementAccuracyRangeStruct	fixedMin	nil	zap-generated/MTRStructsObjc.mm:5481
MTRElectricalEnergyMeasurementClusterMeasurementAccuracyRangeStruct	fixedTypical	nil	zap-generated/MTRStructsObjc.mm:5483
MTRElectricalEnergyMeasurementClusterMeasurementAccuracyStruct	measurementType	@(0)	zap-generated/MTRStructsObjc.mm:5517
MTRElectricalEnergyMeasurementClusterMeasurementAccuracyStruct	measured	@(0)	zap-generated/MTRStructsObjc.mm:5519
MTRElectricalEnergyMeasurementClusterMeasurementAccuracyStruct	minMeasuredValue	@(0)	zap-generated/MTRStructsObjc.mm:5521
MTRElectricalEnergyMeasurementClusterMeasurementAccuracyStruct	maxMeasuredValue	@(0)	zap-generated/MTRStructsObjc.mm:5523
MTRElectricalEnergyMeasurementClusterMeasurementAccuracyStruct	accuracyRanges	[NSArray array]	zap-generated/MTRStructsObjc.mm:5525
MTRElectricalEnergyMeasurementClusterCumulativeEnergyResetStruct	importedResetTimestamp	nil	zap-generated/MTRStructsObjc.mm:5556
MTRElectricalEnergyMeasurementClusterCumulativeEnergyResetStruct	exportedResetTimestamp	nil	zap-generated/MTRStructsObjc.mm:5558
MTRElectricalEnergyMeasurementClusterCumulativeEnergyResetStruct	importedResetSystime	nil	zap-generated/MTRStructsObjc.mm:5560
MTRElectricalEnergyMeasurementClusterCumulativeEnergyResetStruct	exportedResetSystime	nil	zap-generated/MTRStructsObjc.mm:5562
MTRElectricalEnergyMeasurementClusterEnergyMeasurementStruct	energy	@(0)	zap-generated/MTRStructsObjc.mm:5592
MTRElectricalEnergyMeasurementClusterEnergyMeasurementStruct	startTimestamp	nil	zap-generated/MTRStructsObjc.mm:5594
MTRElectricalEnergyMeasurementClusterEnergyMeasurementStruct	endTimestamp	nil	zap-generated/MTRStructsObjc.mm:5596
MTRElectricalEnergyMeasurementClusterEnergyMeasurementStruct	startSystime	nil	zap-generated/MTRStructsObjc.mm:5598
MTRElectricalEnergyMeasurementClusterEnergyMeasurementStruct	endSystime	nil	zap-generated/MTRStructsObjc.mm:5600
MTRElectricalEnergyMeasurementClusterEnergyMeasurementStruct	apparentEnergy	nil	zap-generated/MTRStructsObjc.mm:5602
MTRElectricalEnergyMeasurementClusterEnergyMeasurementStruct	reactiveEnergy	nil	zap-generated/MTRStructsObjc.mm:5604
MTRElectricalEnergyMeasurementClusterCumulativeEnergyMeasuredEvent	energyImported	nil	zap-generated/MTRStructsObjc.mm:5637
MTRElectricalEnergyMeasurementClusterCumulativeEnergyMeasuredEvent	energyExported	nil	zap-generated/MTRStructsObjc.mm:5639
MTRElectricalEnergyMeasurementClusterPeriodicEnergyMeasuredEvent	energyImported	nil	zap-generated/MTRStructsObjc.mm:5667
MTRElectricalEnergyMeasurementClusterPeriodicEnergyMeasuredEvent	energyExported	nil	zap-generated/MTRStructsObjc.mm:5669
MTRWaterHeaterManagementClusterWaterHeaterBoostInfoStruct	duration	@(0)	zap-generated/MTRStructsObjc.mm:5697
MTRWaterHeaterManagementClusterWaterHeaterBoostInfoStruct	oneShot	nil	zap-generated/MTRStructsObjc.mm:5699
MTRWaterHeaterManagementClusterWaterHeaterBoostInfoStruct	emergencyBoost	nil	zap-generated/MTRStructsObjc.mm:5701
MTRWaterHeaterManagementClusterWaterHeaterBoostInfoStruct	temporarySetpoint	nil	zap-generated/MTRStructsObjc.mm:5703
MTRWaterHeaterManagementClusterWaterHeaterBoostInfoStruct	targetPercentage	nil	zap-generated/MTRStructsObjc.mm:5705
MTRWaterHeaterManagementClusterWaterHeaterBoostInfoStruct	targetReheat	nil	zap-generated/MTRStructsObjc.mm:5707
MTRWaterHeaterManagementClusterBoostStartedEvent	boostInfo	[MTRWaterHeaterManagementClusterWaterHeaterBoostInfoStruct new]	zap-generated/MTRStructsObjc.mm:5739
MTRCommodityPriceClusterCommodityPriceComponentStruct	price	@(0)	zap-generated/MTRStructsObjc.mm:5789
MTRCommodityPriceClusterCommodityPriceComponentStruct	source	@(0)	zap-generated/MTRStructsObjc.mm:5791
MTRCommodityPriceClusterCommodityPriceComponentStruct	descriptionString	nil	zap-generated/MTRStructsObjc.mm:5793
MTRCommodityPriceClusterCommodityPriceComponentStruct	tariffComponentID	nil	zap-generated/MTRStructsObjc.mm:5795
MTRCommodityPriceClusterCommodityPriceStruct	periodStart	@(0)	zap-generated/MTRStructsObjc.mm:5825
MTRCommodityPriceClusterCommodityPriceStruct	periodEnd	nil	zap-generated/MTRStructsObjc.mm:5827
MTRCommodityPriceClusterCommodityPriceStruct	price	nil	zap-generated/MTRStructsObjc.mm:5829
MTRCommodityPriceClusterCommodityPriceStruct	priceLevel	nil	zap-generated/MTRStructsObjc.mm:5831
MTRCommodityPriceClusterCommodityPriceStruct	descriptionString	nil	zap-generated/MTRStructsObjc.mm:5833
MTRCommodityPriceClusterCommodityPriceStruct	components	nil	zap-generated/MTRStructsObjc.mm:5835
MTRCommodityPriceClusterPriceChangeEvent	currentPrice	nil	zap-generated/MTRStructsObjc.mm:5867
MTRMessagesClusterMessageResponseOptionStruct	messageResponseID	nil	zap-generated/MTRStructsObjc.mm:5894
MTRMessagesClusterMessageResponseOptionStruct	label	nil	zap-generated/MTRStructsObjc.mm:5896
MTRMessagesClusterMessageStruct	messageID	[NSData data]	zap-generated/MTRStructsObjc.mm:5924
MTRMessagesClusterMessageStruct	priority	@(0)	zap-generated/MTRStructsObjc.mm:5926
MTRMessagesClusterMessageStruct	messageControl	@(0)	zap-generated/MTRStructsObjc.mm:5928
MTRMessagesClusterMessageStruct	startTime	nil	zap-generated/MTRStructsObjc.mm:5930
MTRMessagesClusterMessageStruct	duration	nil	zap-generated/MTRStructsObjc.mm:5932
MTRMessagesClusterMessageStruct	messageText	@""	zap-generated/MTRStructsObjc.mm:5934
MTRMessagesClusterMessageStruct	responses	nil	zap-generated/MTRStructsObjc.mm:5936
MTRMessagesClusterMessageStruct	languageCode	nil	zap-generated/MTRStructsObjc.mm:5938
MTRMessagesClusterMessageStruct	messageURI	nil	zap-generated/MTRStructsObjc.mm:5940
MTRMessagesClusterMessageQueuedEvent	messageID	[NSData data]	zap-generated/MTRStructsObjc.mm:5975
MTRMessagesClusterMessagePresentedEvent	messageID	[NSData data]	zap-generated/MTRStructsObjc.mm:6002
MTRMessagesClusterMessageCompleteEvent	messageID	[NSData data]	zap-generated/MTRStructsObjc.mm:6029
MTRMessagesClusterMessageCompleteEvent	responseID	nil	zap-generated/MTRStructsObjc.mm:6031
MTRMessagesClusterMessageCompleteEvent	reply	nil	zap-generated/MTRStructsObjc.mm:6033
MTRMessagesClusterMessageCompleteEvent	futureMessagesPreference	nil	zap-generated/MTRStructsObjc.mm:6035
MTRMessagesClusterMessageNotPresentedEvent	messageID	[NSData data]	zap-generated/MTRStructsObjc.mm:6065
MTRMessagesClusterMessageNotPresentedEvent	removedFromQueue	@(0)	zap-generated/MTRStructsObjc.mm:6067
MTRMessagesClusterMessageNotPresentedEvent	fabricIndex	@(0)	zap-generated/MTRStructsObjc.mm:6069
MTRDeviceEnergyManagementClusterCostStruct	costType	@(0)	zap-generated/MTRStructsObjc.mm:6098
MTRDeviceEnergyManagementClusterCostStruct	value	@(0)	zap-generated/MTRStructsObjc.mm:6100
MTRDeviceEnergyManagementClusterCostStruct	decimalPoints	@(0)	zap-generated/MTRStructsObjc.mm:6102
MTRDeviceEnergyManagementClusterCostStruct	currency	nil	zap-generated/MTRStructsObjc.mm:6104
MTRDeviceEnergyManagementClusterPowerAdjustStruct	minPower	@(0)	zap-generated/MTRStructsObjc.mm:6134
MTRDeviceEnergyManagementClusterPowerAdjustStruct	maxPower	@(0)	zap-generated/MTRStructsObjc.mm:6136
MTRDeviceEnergyManagementClusterPowerAdjustStruct	minDuration	@(0)	zap-generated/MTRStructsObjc.mm:6138
MTRDeviceEnergyManagementClusterPowerAdjustStruct	maxDuration	@(0)	zap-generated/MTRStructsObjc.mm:6140
MTRDeviceEnergyManagementClusterPowerAdjustCapabilityStruct	powerAdjustCapability	nil	zap-generated/MTRStructsObjc.mm:6170
MTRDeviceEnergyManagementClusterPowerAdjustCapabilityStruct	cause	@(0)	zap-generated/MTRStructsObjc.mm:6172
MTRDeviceEnergyManagementClusterSlotStruct	minDuration	@(0)	zap-generated/MTRStructsObjc.mm:6200
MTRDeviceEnergyManagementClusterSlotStruct	maxDuration	@(0)	zap-generated/MTRStructsObjc.mm:6202
MTRDeviceEnergyManagementClusterSlotStruct	defaultDuration	@(0)	zap-generated/MTRStructsObjc.mm:6204
MTRDeviceEnergyManagementClusterSlotStruct	elapsedSlotTime	@(0)	zap-generated/MTRStructsObjc.mm:6206
MTRDeviceEnergyManagementClusterSlotStruct	remainingSlotTime	@(0)	zap-generated/MTRStructsObjc.mm:6208
MTRDeviceEnergyManagementClusterSlotStruct	slotIsPausable	nil	zap-generated/MTRStructsObjc.mm:6210
MTRDeviceEnergyManagementClusterSlotStruct	minPauseDuration	nil	zap-generated/MTRStructsObjc.mm:6212
MTRDeviceEnergyManagementClusterSlotStruct	maxPauseDuration	nil	zap-generated/MTRStructsObjc.mm:6214
MTRDeviceEnergyManagementClusterSlotStruct	manufacturerESAState	nil	zap-generated/MTRStructsObjc.mm:6216
MTRDeviceEnergyManagementClusterSlotStruct	nominalPower	nil	zap-generated/MTRStructsObjc.mm:6218
MTRDeviceEnergyManagementClusterSlotStruct	minPower	nil	zap-generated/MTRStructsObjc.mm:6220
MTRDeviceEnergyManagementClusterSlotStruct	maxPower	nil	zap-generated/MTRStructsObjc.mm:6222
MTRDeviceEnergyManagementClusterSlotStruct	nominalEnergy	nil	zap-generated/MTRStructsObjc.mm:6224
MTRDeviceEnergyManagementClusterSlotStruct	costs	nil	zap-generated/MTRStructsObjc.mm:6226
MTRDeviceEnergyManagementClusterSlotStruct	minPowerAdjustment	nil	zap-generated/MTRStructsObjc.mm:6228
MTRDeviceEnergyManagementClusterSlotStruct	maxPowerAdjustment	nil	zap-generated/MTRStructsObjc.mm:6230
MTRDeviceEnergyManagementClusterSlotStruct	minDurationAdjustment	nil	zap-generated/MTRStructsObjc.mm:6232
MTRDeviceEnergyManagementClusterSlotStruct	maxDurationAdjustment	nil	zap-generated/MTRStructsObjc.mm:6234
MTRDeviceEnergyManagementClusterForecastStruct	forecastID	@(0)	zap-generated/MTRStructsObjc.mm:6278
MTRDeviceEnergyManagementClusterForecastStruct	activeSlotNumber	nil	zap-generated/MTRStructsObjc.mm:6280
MTRDeviceEnergyManagementClusterForecastStruct	startTime	@(0)	zap-generated/MTRStructsObjc.mm:6282
MTRDeviceEnergyManagementClusterForecastStruct	endTime	@(0)	zap-generated/MTRStructsObjc.mm:6284
MTRDeviceEnergyManagementClusterForecastStruct	earliestStartTime	nil	zap-generated/MTRStructsObjc.mm:6286
MTRDeviceEnergyManagementClusterForecastStruct	latestEndTime	nil	zap-generated/MTRStructsObjc.mm:6288
MTRDeviceEnergyManagementClusterForecastStruct	isPausable	@(0)	zap-generated/MTRStructsObjc.mm:6290
MTRDeviceEnergyManagementClusterForecastStruct	slots	[NSArray array]	zap-generated/MTRStructsObjc.mm:6292
MTRDeviceEnergyManagementClusterForecastStruct	forecastUpdateReason	@(0)	zap-generated/MTRStructsObjc.mm:6294
MTRDeviceEnergyManagementClusterConstraintsStruct	startTime	@(0)	zap-generated/MTRStructsObjc.mm:6329
MTRDeviceEnergyManagementClusterConstraintsStruct	duration	@(0)	zap-generated/MTRStructsObjc.mm:6331
MTRDeviceEnergyManagementClusterConstraintsStruct	nominalPower	nil	zap-generated/MTRStructsObjc.mm:6333
MTRDeviceEnergyManagementClusterConstraintsStruct	maximumEnergy	nil	zap-generated/MTRStructsObjc.mm:6335
MTRDeviceEnergyManagementClusterConstraintsStruct	loadControl	nil	zap-generated/MTRStructsObjc.mm:6337
MTRDeviceEnergyManagementClusterPowerRangeAdjustStruct	minPower	nil	zap-generated/MTRStructsObjc.mm:6368
MTRDeviceEnergyManagementClusterPowerRangeAdjustStruct	maxPower	nil	zap-generated/MTRStructsObjc.mm:6370
MTRDeviceEnergyManagementClusterPowerRangeAdjustStruct	cause	@(0)	zap-generated/MTRStructsObjc.mm:6372
MTRDeviceEnergyManagementClusterPowerRangeAdjustStruct	endTime	@(0)	zap-generated/MTRStructsObjc.mm:6374
MTRDeviceEnergyManagementClusterSlotAdjustmentStruct	slotIndex	@(0)	zap-generated/MTRStructsObjc.mm:6404
MTRDeviceEnergyManagementClusterSlotAdjustmentStruct	nominalPower	nil	zap-generated/MTRStructsObjc.mm:6406
MTRDeviceEnergyManagementClusterSlotAdjustmentStruct	duration	@(0)	zap-generated/MTRStructsObjc.mm:6408
MTRDeviceEnergyManagementClusterPowerAdjustEndEvent	cause	@(0)	zap-generated/MTRStructsObjc.mm:6460
MTRDeviceEnergyManagementClusterPowerAdjustEndEvent	duration	@(0)	zap-generated/MTRStructsObjc.mm:6462
MTRDeviceEnergyManagementClusterPowerAdjustEndEvent	energyUse	@(0)	zap-generated/MTRStructsObjc.mm:6464
MTRDeviceEnergyManagementClusterResumedEvent	cause	@(0)	zap-generated/MTRStructsObjc.mm:6516
MTRDeviceEnergyManagementClusterPowerRangeAdjustStartEvent	adjustment	[MTRDeviceEnergyManagementClusterPowerRangeAdjustStruct new]	zap-generated/MTRStructsObjc.mm:6543
MTRDeviceEnergyManagementClusterPowerRangeAdjustStartEvent	duration	@(0)	zap-generated/MTRStructsObjc.mm:6545
MTRDeviceEnergyManagementClusterPowerRangeAdjustEndEvent	cause	@(0)	zap-generated/MTRStructsObjc.mm:6573
MTRDeviceEnergyManagementClusterPowerRangeAdjustEndEvent	duration	@(0)	zap-generated/MTRStructsObjc.mm:6575
MTRDeviceEnergyManagementClusterPowerRangeAdjustEndEvent	energyUse	@(0)	zap-generated/MTRStructsObjc.mm:6577
MTREnergyEVSEClusterChargingTargetStruct	targetTimeMinutesPastMidnight	@(0)	zap-generated/MTRStructsObjc.mm:6606
MTREnergyEVSEClusterChargingTargetStruct	targetSoC	nil	zap-generated/MTRStructsObjc.mm:6608
MTREnergyEVSEClusterChargingTargetStruct	addedEnergy	nil	zap-generated/MTRStructsObjc.mm:6610
MTREnergyEVSEClusterChargingTargetScheduleStruct	dayOfWeekForSequence	@(0)	zap-generated/MTRStructsObjc.mm:6639
MTREnergyEVSEClusterChargingTargetScheduleStruct	chargingTargets	[NSArray array]	zap-generated/MTRStructsObjc.mm:6641
MTREnergyEVSEClusterEVConnectedEvent	sessionID	@(0)	zap-generated/MTRStructsObjc.mm:6669
MTREnergyEVSEClusterEVNotDetectedEvent	sessionID	@(0)	zap-generated/MTRStructsObjc.mm:6696
MTREnergyEVSEClusterEVNotDetectedEvent	state	@(0)	zap-generated/MTRStructsObjc.mm:6698
MTREnergyEVSEClusterEVNotDetectedEvent	sessionDuration	@(0)	zap-generated/MTRStructsObjc.mm:6700
MTREnergyEVSEClusterEVNotDetectedEvent	sessionEnergyCharged	@(0)	zap-generated/MTRStructsObjc.mm:6702
MTREnergyEVSEClusterEVNotDetectedEvent	sessionEnergyDischarged	nil	zap-generated/MTRStructsObjc.mm:6704
MTREnergyEVSEClusterEnergyTransferStartedEvent	sessionID	@(0)	zap-generated/MTRStructsObjc.mm:6735
MTREnergyEVSEClusterEnergyTransferStartedEvent	state	@(0)	zap-generated/MTRStructsObjc.mm:6737
MTREnergyEVSEClusterEnergyTransferStartedEvent	maximumCurrent	@(0)	zap-generated/MTRStructsObjc.mm:6739
MTREnergyEVSEClusterEnergyTransferStartedEvent	maximumDischargeCurrent	nil	zap-generated/MTRStructsObjc.mm:6741
MTREnergyEVSEClusterEnergyTransferStoppedEvent	sessionID	@(0)	zap-generated/MTRStructsObjc.mm:6771
MTREnergyEVSEClusterEnergyTransferStoppedEvent	state	@(0)	zap-generated/MTRStructsObjc.mm:6773
MTREnergyEVSEClusterEnergyTransferStoppedEvent	reason	@(0)	zap-generated/MTRStructsObjc.mm:6775
MTREnergyEVSEClusterEnergyTransferStoppedEvent	energyTransferred	@(0)	zap-generated/MTRStructsObjc.mm:6777
MTREnergyEVSEClusterEnergyTransferStoppedEvent	energyDischarged	nil	zap-generated/MTRStructsObjc.mm:6779
MTREnergyEVSEClusterFaultEvent	sessionID	nil	zap-generated/MTRStructsObjc.mm:6810
MTREnergyEVSEClusterFaultEvent	state	@(0)	zap-generated/MTRStructsObjc.mm:6812
MTREnergyEVSEClusterFaultEvent	faultStatePreviousState	@(0)	zap-generated/MTRStructsObjc.mm:6814
MTREnergyEVSEClusterFaultEvent	faultStateCurrentState	@(0)	zap-generated/MTRStructsObjc.mm:6816
MTREnergyEVSEClusterRFIDEvent	uid	[NSData data]	zap-generated/MTRStructsObjc.mm:6846
MTREnergyPreferenceClusterBalanceStruct	step	@(0)	zap-generated/MTRStructsObjc.mm:6873
MTREnergyPreferenceClusterBalanceStruct	label	nil	zap-generated/MTRStructsObjc.mm:6875
MTRPowerTopologyClusterCircuitNodeStruct	node	@(0)	zap-generated/MTRStructsObjc.mm:6903
MTRPowerTopologyClusterCircuitNodeStruct	endpoint	nil	zap-generated/MTRStructsObjc.mm:6905
MTRPowerTopologyClusterCircuitNodeStruct	label	nil	zap-generated/MTRStructsObjc.mm:6907
MTRPowerTopologyClusterCircuitNodeStruct	fabricIndex	@(0)	zap-generated/MTRStructsObjc.mm:6909
MTREnergyEVSEModeClusterModeTagStruct	mfgCode	nil	zap-generated/MTRStructsObjc.mm:6939
MTREnergyEVSEModeClusterModeTagStruct	value	@(0)	zap-generated/MTRStructsObjc.mm:6941
MTREnergyEVSEModeClusterModeOptionStruct	label	@""	zap-generated/MTRStructsObjc.mm:6969
MTREnergyEVSEModeClusterModeOptionStruct	mode	@(0)	zap-generated/MTRStructsObjc.mm:6971
MTREnergyEVSEModeClusterModeOptionStruct	modeTags	[NSArray array]	zap-generated/MTRStructsObjc.mm:6973
MTRWaterHeaterModeClusterModeTagStruct	mfgCode	nil	zap-generated/MTRStructsObjc.mm:7002
MTRWaterHeaterModeClusterModeTagStruct	value	@(0)	zap-generated/MTRStructsObjc.mm:7004
MTRWaterHeaterModeClusterModeOptionStruct	label	@""	zap-generated/MTRStructsObjc.mm:7032
MTRWaterHeaterModeClusterModeOptionStruct	mode	@(0)	zap-generated/MTRStructsObjc.mm:7034
MTRWaterHeaterModeClusterModeOptionStruct	modeTags	[NSArray array]	zap-generated/MTRStructsObjc.mm:7036
MTRDeviceEnergyManagementModeClusterModeTagStruct	mfgCode	nil	zap-generated/MTRStructsObjc.mm:7065
MTRDeviceEnergyManagementModeClusterModeTagStruct	value	@(0)	zap-generated/MTRStructsObjc.mm:7067
MTRDeviceEnergyManagementModeClusterModeOptionStruct	label	@""	zap-generated/MTRStructsObjc.mm:7095
MTRDeviceEnergyManagementModeClusterModeOptionStruct	mode	@(0)	zap-generated/MTRStructsObjc.mm:7097
MTRDeviceEnergyManagementModeClusterModeOptionStruct	modeTags	[NSArray array]	zap-generated/MTRStructsObjc.mm:7099
MTRElectricalGridConditionsClusterElectricalGridConditionsStruct	periodStart	@(0)	zap-generated/MTRStructsObjc.mm:7128
MTRElectricalGridConditionsClusterElectricalGridConditionsStruct	periodEnd	nil	zap-generated/MTRStructsObjc.mm:7130
MTRElectricalGridConditionsClusterElectricalGridConditionsStruct	gridCarbonIntensity	@(0)	zap-generated/MTRStructsObjc.mm:7132
MTRElectricalGridConditionsClusterElectricalGridConditionsStruct	gridCarbonLevel	@(0)	zap-generated/MTRStructsObjc.mm:7134
MTRElectricalGridConditionsClusterElectricalGridConditionsStruct	localCarbonIntensity	@(0)	zap-generated/MTRStructsObjc.mm:7136
MTRElectricalGridConditionsClusterElectricalGridConditionsStruct	localCarbonLevel	@(0)	zap-generated/MTRStructsObjc.mm:7138
MTRElectricalGridConditionsClusterCurrentConditionsChangedEvent	currentConditions	nil	zap-generated/MTRStructsObjc.mm:7170
MTRElectricalAlarmClusterNotifyEvent	active	@(0)	zap-generated/MTRStructsObjc.mm:7197
MTRElectricalAlarmClusterNotifyEvent	inactive	@(0)	zap-generated/MTRStructsObjc.mm:7199
MTRElectricalAlarmClusterNotifyEvent	state	@(0)	zap-generated/MTRStructsObjc.mm:7201
MTRElectricalAlarmClusterNotifyEvent	mask	@(0)	zap-generated/MTRStructsObjc.mm:7203
MTRElectricalProtectionAlarmClusterArcFaultRatingsStruct	seriesArcCurrentSensitivity	nil	zap-generated/MTRStructsObjc.mm:7233
MTRElectricalProtectionAlarmClusterArcFaultRatingsStruct	parallelArcCurrentSensitivity	nil	zap-generated/MTRStructsObjc.mm:7235
MTRElectricalProtectionAlarmClusterArcFaultRatingsStruct	supportedArcCauses	nil	zap-generated/MTRStructsObjc.mm:7237
MTRElectricalProtectionAlarmClusterOverLoadRatingsStruct	tripCurrent	nil	zap-generated/MTRStructsObjc.mm:7266
MTRElectricalProtectionAlarmClusterOverLoadRatingsStruct	tripCurve	nil	zap-generated/MTRStructsObjc.mm:7268
MTRElectricalProtectionAlarmClusterOverLoadRatingsStruct	tripMechanism	nil	zap-generated/MTRStructsObjc.mm:7270
MTRElectricalProtectionAlarmClusterOverLoadRatingsStruct	ultimateMaxCurrent	nil	zap-generated/MTRStructsObjc.mm:7272
MTRElectricalProtectionAlarmClusterOverLoadRatingsStruct	serviceMaxCurrent	nil	zap-generated/MTRStructsObjc.mm:7274
MTRElectricalProtectionAlarmClusterOverVoltageRatingsStruct	tripMechanism	nil	zap-generated/MTRStructsObjc.mm:7305
MTRElectricalProtectionAlarmClusterOverVoltageRatingsStruct	tripVoltage	nil	zap-generated/MTRStructsObjc.mm:7307
MTRElectricalProtectionAlarmClusterOverVoltageRatingsStruct	maxContinuousOperatingVoltage	nil	zap-generated/MTRStructsObjc.mm:7309
MTRElectricalProtectionAlarmClusterOverVoltageRatingsStruct	responseTime	nil	zap-generated/MTRStructsObjc.mm:7311
MTRElectricalProtectionAlarmClusterResidualCurrentFaultRatingsStruct	currentSensitivity	nil	zap-generated/MTRStructsObjc.mm:7341
MTRElectricalProtectionAlarmClusterResidualCurrentFaultRatingsStruct	tripMechanism	nil	zap-generated/MTRStructsObjc.mm:7343
MTRElectricalProtectionAlarmClusterResidualCurrentFaultRatingsStruct	voltageDependent	nil	zap-generated/MTRStructsObjc.mm:7345
MTRElectricalProtectionAlarmClusterResidualCurrentFaultRatingsStruct	groundFaultClass	nil	zap-generated/MTRStructsObjc.mm:7347
MTRElectricalProtectionAlarmClusterResidualCurrentFaultRatingsStruct	waveform	nil	zap-generated/MTRStructsObjc.mm:7349
MTRElectricalProtectionAlarmClusterResidualCurrentFaultRatingsStruct	trippingCharacteristic	nil	zap-generated/MTRStructsObjc.mm:7351
MTRElectricalProtectionAlarmClusterResidualCurrentFaultRatingsStruct	ultimateMaxCurrent	nil	zap-generated/MTRStructsObjc.mm:7353
MTRElectricalProtectionAlarmClusterResidualCurrentFaultRatingsStruct	serviceMaxCurrent	nil	zap-generated/MTRStructsObjc.mm:7355
MTRElectricalProtectionAlarmClusterShortCircuitRatingsStruct	tripCurrent	nil	zap-generated/MTRStructsObjc.mm:7389
MTRElectricalProtectionAlarmClusterShortCircuitRatingsStruct	tripMechanism	nil	zap-generated/MTRStructsObjc.mm:7391
MTRElectricalProtectionAlarmClusterShortCircuitRatingsStruct	tripCurve	nil	zap-generated/MTRStructsObjc.mm:7393
MTRElectricalProtectionAlarmClusterShortCircuitRatingsStruct	ultimateMaxCurrent	nil	zap-generated/MTRStructsObjc.mm:7395
MTRElectricalProtectionAlarmClusterShortCircuitRatingsStruct	serviceMaxCurrent	nil	zap-generated/MTRStructsObjc.mm:7397
MTRElectricalProtectionAlarmClusterShortCircuitRatingsStruct	maxCurrent	nil	zap-generated/MTRStructsObjc.mm:7399
MTRElectricalProtectionAlarmClusterSurgeProtectionRatingsStruct	tripMechanism	nil	zap-generated/MTRStructsObjc.mm:7431
MTRElectricalProtectionAlarmClusterSurgeProtectionRatingsStruct	protectionClass	nil	zap-generated/MTRStructsObjc.mm:7433
MTRElectricalProtectionAlarmClusterSurgeProtectionRatingsStruct	protectionType	nil	zap-generated/MTRStructsObjc.mm:7435
MTRElectricalProtectionAlarmClusterSurgeProtectionRatingsStruct	maxContinuousOperatingVoltage	nil	zap-generated/MTRStructsObjc.mm:7437
MTRElectricalProtectionAlarmClusterSurgeProtectionRatingsStruct	maxVoltageProtection	nil	zap-generated/MTRStructsObjc.mm:7439
MTRElectricalProtectionAlarmClusterSurgeProtectionRatingsStruct	maxTemporaryVoltage	nil	zap-generated/MTRStructsObjc.mm:7441
MTRElectricalProtectionAlarmClusterSurgeProtectionRatingsStruct	nominalDischargeCurrent	nil	zap-generated/MTRStructsObjc.mm:7443
MTRElectricalProtectionAlarmClusterSurgeProtectionRatingsStruct	maximumDischargeCurrent	nil	zap-generated/MTRStructsObjc.mm:7445
MTRElectricalProtectionAlarmClusterSurgeProtectionRatingsStruct	ratedShortCircuitCurrent	nil	zap-generated/MTRStructsObjc.mm:7447
MTRElectricalProtectionAlarmClusterSurgeProtectionRatingsStruct	ratedShortTimeWithstandCurrent	nil	zap-generated/MTRStructsObjc.mm:7449
MTRElectricalProtectionAlarmClusterSurgeProtectionRatingsStruct	energyAbsorptionCapability	nil	zap-generated/MTRStructsObjc.mm:7451
MTRElectricalProtectionAlarmClusterSurgeProtectionRatingsStruct	responseTime	nil	zap-generated/MTRStructsObjc.mm:7453
MTRElectricalProtectionAlarmClusterNotifyEvent	active	@(0)	zap-generated/MTRStructsObjc.mm:7491
MTRElectricalProtectionAlarmClusterNotifyEvent	inactive	@(0)	zap-generated/MTRStructsObjc.mm:7493
MTRElectricalProtectionAlarmClusterNotifyEvent	state	@(0)	zap-generated/MTRStructsObjc.mm:7495
MTRElectricalProtectionAlarmClusterNotifyEvent	mask	@(0)	zap-generated/MTRStructsObjc.mm:7497
MTRDoorLockClusterCredentialStruct	credentialType	@(0)	zap-generated/MTRStructsObjc.mm:7527
MTRDoorLockClusterCredentialStruct	credentialIndex	@(0)	zap-generated/MTRStructsObjc.mm:7529
MTRDoorLockClusterDoorLockAlarmEvent	alarmCode	@(0)	zap-generated/MTRStructsObjc.mm:7562
MTRDoorLockClusterDoorStateChangeEvent	doorState	@(0)	zap-generated/MTRStructsObjc.mm:7589
MTRDoorLockClusterLockOperationEvent	lockOperationType	@(0)	zap-generated/MTRStructsObjc.mm:7616
MTRDoorLockClusterLockOperationEvent	operationSource	@(0)	zap-generated/MTRStructsObjc.mm:7618
MTRDoorLockClusterLockOperationEvent	userIndex	nil	zap-generated/MTRStructsObjc.mm:7620
MTRDoorLockClusterLockOperationEvent	fabricIndex	nil	zap-generated/MTRStructsObjc.mm:7622
MTRDoorLockClusterLockOperationEvent	sourceNode	nil	zap-generated/MTRStructsObjc.mm:7624
MTRDoorLockClusterLockOperationEvent	credentials	nil	zap-generated/MTRStructsObjc.mm:7626
MTRDoorLockClusterLockOperationErrorEvent	lockOperationType	@(0)	zap-generated/MTRStructsObjc.mm:7658
MTRDoorLockClusterLockOperationErrorEvent	operationSource	@(0)	zap-generated/MTRStructsObjc.mm:7660
MTRDoorLockClusterLockOperationErrorEvent	operationError	@(0)	zap-generated/MTRStructsObjc.mm:7662
MTRDoorLockClusterLockOperationErrorEvent	userIndex	nil	zap-generated/MTRStructsObjc.mm:7664
MTRDoorLockClusterLockOperationErrorEvent	fabricIndex	nil	zap-generated/MTRStructsObjc.mm:7666
MTRDoorLockClusterLockOperationErrorEvent	sourceNode	nil	zap-generated/MTRStructsObjc.mm:7668
MTRDoorLockClusterLockOperationErrorEvent	credentials	nil	zap-generated/MTRStructsObjc.mm:7670
MTRDoorLockClusterLockUserChangeEvent	lockDataType	@(0)	zap-generated/MTRStructsObjc.mm:7703
MTRDoorLockClusterLockUserChangeEvent	dataOperationType	@(0)	zap-generated/MTRStructsObjc.mm:7705
MTRDoorLockClusterLockUserChangeEvent	operationSource	@(0)	zap-generated/MTRStructsObjc.mm:7707
MTRDoorLockClusterLockUserChangeEvent	userIndex	nil	zap-generated/MTRStructsObjc.mm:7709
MTRDoorLockClusterLockUserChangeEvent	fabricIndex	nil	zap-generated/MTRStructsObjc.mm:7711
MTRDoorLockClusterLockUserChangeEvent	sourceNode	nil	zap-generated/MTRStructsObjc.mm:7713
MTRDoorLockClusterLockUserChangeEvent	dataIndex	nil	zap-generated/MTRStructsObjc.mm:7715
MTRClosureControlClusterOverallCurrentStateStruct	position	nil	zap-generated/MTRStructsObjc.mm:7748
MTRClosureControlClusterOverallCurrentStateStruct	latch	nil	zap-generated/MTRStructsObjc.mm:7750
MTRClosureControlClusterOverallCurrentStateStruct	speed	nil	zap-generated/MTRStructsObjc.mm:7752
MTRClosureControlClusterOverallCurrentStateStruct	secureState	nil	zap-generated/MTRStructsObjc.mm:7754
MTRClosureControlClusterOverallTargetStateStruct	position	nil	zap-generated/MTRStructsObjc.mm:7784
MTRClosureControlClusterOverallTargetStateStruct	latch	nil	zap-generated/MTRStructsObjc.mm:7786
MTRClosureControlClusterOverallTargetStateStruct	speed	nil	zap-generated/MTRStructsObjc.mm:7788
MTRClosureControlClusterOperationalErrorEvent	errorState	[NSArray array]	zap-generated/MTRStructsObjc.mm:7817
MTRClosureControlClusterEngageStateChangedEvent	engageValue	@(0)	zap-generated/MTRStructsObjc.mm:7867
MTRClosureControlClusterSecureStateChangedEvent	secureValue	@(0)	zap-generated/MTRStructsObjc.mm:7894
MTRClosureDimensionClusterDimensionStateStruct	position	nil	zap-generated/MTRStructsObjc.mm:7921
MTRClosureDimensionClusterDimensionStateStruct	latch	nil	zap-generated/MTRStructsObjc.mm:7923
MTRClosureDimensionClusterDimensionStateStruct	speed	nil	zap-generated/MTRStructsObjc.mm:7925
MTRClosureDimensionClusterRangePercent100thsStruct	min	@(0)	zap-generated/MTRStructsObjc.mm:7954
MTRClosureDimensionClusterRangePercent100thsStruct	max	@(0)	zap-generated/MTRStructsObjc.mm:7956
MTRClosureDimensionClusterUnitRangeStruct	min	@(0)	zap-generated/MTRStructsObjc.mm:7984
MTRClosureDimensionClusterUnitRangeStruct	max	@(0)	zap-generated/MTRStructsObjc.mm:7986
MTRServiceAreaClusterLandmarkInfoStruct	landmarkTag	@(0)	zap-generated/MTRStructsObjc.mm:8014
MTRServiceAreaClusterLandmarkInfoStruct	relativePositionTag	nil	zap-generated/MTRStructsObjc.mm:8016
MTRServiceAreaClusterAreaInfoStruct	locationInfo	nil	zap-generated/MTRStructsObjc.mm:8044
MTRServiceAreaClusterAreaInfoStruct	landmarkInfo	nil	zap-generated/MTRStructsObjc.mm:8046
MTRServiceAreaClusterAreaStruct	areaID	@(0)	zap-generated/MTRStructsObjc.mm:8074
MTRServiceAreaClusterAreaStruct	mapID	nil	zap-generated/MTRStructsObjc.mm:8076
MTRServiceAreaClusterAreaStruct	areaInfo	[MTRServiceAreaClusterAreaInfoStruct new]	zap-generated/MTRStructsObjc.mm:8078
MTRServiceAreaClusterMapStruct	mapID	@(0)	zap-generated/MTRStructsObjc.mm:8107
MTRServiceAreaClusterMapStruct	name	@""	zap-generated/MTRStructsObjc.mm:8109
MTRServiceAreaClusterProgressStruct	areaID	@(0)	zap-generated/MTRStructsObjc.mm:8137
MTRServiceAreaClusterProgressStruct	status	@(0)	zap-generated/MTRStructsObjc.mm:8139
MTRServiceAreaClusterProgressStruct	totalOperationalTime	nil	zap-generated/MTRStructsObjc.mm:8141
MTRServiceAreaClusterProgressStruct	estimatedTime	nil	zap-generated/MTRStructsObjc.mm:8143
MTRThermostatClusterScheduleTransitionStruct	dayOfWeek	@(0)	zap-generated/MTRStructsObjc.mm:8564
MTRThermostatClusterScheduleTransitionStruct	transitionTime	@(0)	zap-generated/MTRStructsObjc.mm:8566
MTRThermostatClusterScheduleTransitionStruct	presetHandle	nil	zap-generated/MTRStructsObjc.mm:8568
MTRThermostatClusterScheduleTransitionStruct	systemMode	nil	zap-generated/MTRStructsObjc.mm:8570
MTRThermostatClusterScheduleTransitionStruct	coolingSetpoint	nil	zap-generated/MTRStructsObjc.mm:8572
MTRThermostatClusterScheduleTransitionStruct	heatingSetpoint	nil	zap-generated/MTRStructsObjc.mm:8574
MTRThermostatClusterScheduleStruct	scheduleHandle	nil	zap-generated/MTRStructsObjc.mm:8606
MTRThermostatClusterScheduleStruct	systemMode	@(0)	zap-generated/MTRStructsObjc.mm:8608
MTRThermostatClusterScheduleStruct	name	nil	zap-generated/MTRStructsObjc.mm:8610
MTRThermostatClusterScheduleStruct	presetHandle	nil	zap-generated/MTRStructsObjc.mm:8612
MTRThermostatClusterScheduleStruct	transitions	[NSArray array]	zap-generated/MTRStructsObjc.mm:8614
MTRThermostatClusterScheduleStruct	builtIn	nil	zap-generated/MTRStructsObjc.mm:8616
MTRThermostatClusterPresetStruct	presetHandle	nil	zap-generated/MTRStructsObjc.mm:8648
MTRThermostatClusterPresetStruct	presetScenario	@(0)	zap-generated/MTRStructsObjc.mm:8650
MTRThermostatClusterPresetStruct	name	nil	zap-generated/MTRStructsObjc.mm:8652
MTRThermostatClusterPresetStruct	coolingSetpoint	nil	zap-generated/MTRStructsObjc.mm:8654
MTRThermostatClusterPresetStruct	heatingSetpoint	nil	zap-generated/MTRStructsObjc.mm:8656
MTRThermostatClusterPresetStruct	builtIn	nil	zap-generated/MTRStructsObjc.mm:8658
MTRThermostatClusterPresetTypeStruct	presetScenario	@(0)	zap-generated/MTRStructsObjc.mm:8690
MTRThermostatClusterPresetTypeStruct	numberOfPresets	@(0)	zap-generated/MTRStructsObjc.mm:8692
MTRThermostatClusterPresetTypeStruct	presetTypeFeatures	@(0)	zap-generated/MTRStructsObjc.mm:8694
MTRThermostatClusterScheduleTypeStruct	systemMode	@(0)	zap-generated/MTRStructsObjc.mm:8723
MTRThermostatClusterScheduleTypeStruct	numberOfSchedules	@(0)	zap-generated/MTRStructsObjc.mm:8725
MTRThermostatClusterScheduleTypeStruct	scheduleTypeFeatures	@(0)	zap-generated/MTRStructsObjc.mm:8727
MTRThermostatClusterSensorScheduleTransitionStruct	dayOfWeek	@(0)	zap-generated/MTRStructsObjc.mm:8756
MTRThermostatClusterSensorScheduleTransitionStruct	transitionTime	@(0)	zap-generated/MTRStructsObjc.mm:8758
MTRThermostatClusterSensorScheduleTransitionStruct	enabledSensorHandles	[NSArray array]	zap-generated/MTRStructsObjc.mm:8760
MTRThermostatClusterThermostatSensorStruct	name	@""	zap-generated/MTRStructsObjc.mm:8789
MTRThermostatClusterThermostatSensorStruct	sensorHandle	[NSData data]	zap-generated/MTRStructsObjc.mm:8791
MTRThermostatClusterThermostatSensorStruct	cluster	@(0)	zap-generated/MTRStructsObjc.mm:8793
MTRThermostatClusterThermostatSensorStruct	endpoint	nil	zap-generated/MTRStructsObjc.mm:8795
MTRThermostatClusterThermostatSensorStruct	node	nil	zap-generated/MTRStructsObjc.mm:8797
MTRThermostatClusterThermostatSensorStruct	fabricIndex	nil	zap-generated/MTRStructsObjc.mm:8799
MTRThermostatClusterThermostatSuggestionStruct	uniqueID	@(0)	zap-generated/MTRStructsObjc.mm:8831
MTRThermostatClusterThermostatSuggestionStruct	presetHandle	[NSData data]	zap-generated/MTRStructsObjc.mm:8833
MTRThermostatClusterThermostatSuggestionStruct	effectiveTime	@(0)	zap-generated/MTRStructsObjc.mm:8835
MTRThermostatClusterThermostatSuggestionStruct	expirationTime	@(0)	zap-generated/MTRStructsObjc.mm:8837
MTRThermostatClusterWeeklyScheduleTransitionStruct	transitionTime	@(0)	zap-generated/MTRStructsObjc.mm:8867
MTRThermostatClusterWeeklyScheduleTransitionStruct	heatSetpoint	nil	zap-generated/MTRStructsObjc.mm:8869
MTRThermostatClusterWeeklyScheduleTransitionStruct	coolSetpoint	nil	zap-generated/MTRStructsObjc.mm:8871
MTRThermostatClusterSystemModeChangeEvent	previousSystemMode	nil	zap-generated/MTRStructsObjc.mm:8906
MTRThermostatClusterSystemModeChangeEvent	currentSystemMode	@(0)	zap-generated/MTRStructsObjc.mm:8908
MTRThermostatClusterLocalTemperatureChangeEvent	currentLocalTemperature	nil	zap-generated/MTRStructsObjc.mm:8936
MTRThermostatClusterOccupancyChangeEvent	previousOccupancy	nil	zap-generated/MTRStructsObjc.mm:8963
MTRThermostatClusterOccupancyChangeEvent	currentOccupancy	@(0)	zap-generated/MTRStructsObjc.mm:8965
MTRThermostatClusterSetpointChangeEvent	systemMode	@(0)	zap-generated/MTRStructsObjc.mm:8993
MTRThermostatClusterSetpointChangeEvent	occupancy	nil	zap-generated/MTRStructsObjc.mm:8995
MTRThermostatClusterSetpointChangeEvent	previousSetpoint	nil	zap-generated/MTRStructsObjc.mm:8997
MTRThermostatClusterSetpointChangeEvent	currentSetpoint	@(0)	zap-generated/MTRStructsObjc.mm:8999
MTRThermostatClusterRunningStateChangeEvent	previousRunningState	nil	zap-generated/MTRStructsObjc.mm:9029
MTRThermostatClusterRunningStateChangeEvent	currentRunningState	@(0)	zap-generated/MTRStructsObjc.mm:9031
MTRThermostatClusterRunningModeChangeEvent	previousRunningMode	nil	zap-generated/MTRStructsObjc.mm:9059
MTRThermostatClusterRunningModeChangeEvent	currentRunningMode	@(0)	zap-generated/MTRStructsObjc.mm:9061
MTRThermostatClusterActiveScheduleChangeEvent	previousScheduleHandle	nil	zap-generated/MTRStructsObjc.mm:9089
MTRThermostatClusterActiveScheduleChangeEvent	currentScheduleHandle	nil	zap-generated/MTRStructsObjc.mm:9091
MTRThermostatClusterActivePresetChangeEvent	previousPresetHandle	nil	zap-generated/MTRStructsObjc.mm:9119
MTRThermostatClusterActivePresetChangeEvent	currentPresetHandle	nil	zap-generated/MTRStructsObjc.mm:9121
MTRDynamicLightingClusterEffectColorStruct	level	nil	zap-generated/MTRStructsObjc.mm:9149
MTRDynamicLightingClusterEffectColorStruct	x	nil	zap-generated/MTRStructsObjc.mm:9151
MTRDynamicLightingClusterEffectColorStruct	y	nil	zap-generated/MTRStructsObjc.mm:9153
MTRDynamicLightingClusterEffectColorStruct	hue	nil	zap-generated/MTRStructsObjc.mm:9155
MTRDynamicLightingClusterEffectColorStruct	enhancedHue	nil	zap-generated/MTRStructsObjc.mm:9157
MTRDynamicLightingClusterEffectColorStruct	saturation	nil	zap-generated/MTRStructsObjc.mm:9159
MTRDynamicLightingClusterEffectStruct	effectID	@(0)	zap-generated/MTRStructsObjc.mm:9191
MTRDynamicLightingClusterEffectStruct	source	@(0)	zap-generated/MTRStructsObjc.mm:9193
MTRDynamicLightingClusterEffectStruct	label	@""	zap-generated/MTRStructsObjc.mm:9195
MTRDynamicLightingClusterEffectStruct	maxSpeed	@(0)	zap-generated/MTRStructsObjc.mm:9197
MTRDynamicLightingClusterEffectStruct	defaultSpeed	@(0)	zap-generated/MTRStructsObjc.mm:9199
MTRDynamicLightingClusterEffectStruct	supportsColorPalette	@(0)	zap-generated/MTRStructsObjc.mm:9201
MTROccupancySensingClusterHoldTimeLimitsStruct	holdTimeMin	@(0)	zap-generated/MTRStructsObjc.mm:9233
MTROccupancySensingClusterHoldTimeLimitsStruct	holdTimeMax	@(0)	zap-generated/MTRStructsObjc.mm:9235
MTROccupancySensingClusterHoldTimeLimitsStruct	holdTimeDefault	@(0)	zap-generated/MTRStructsObjc.mm:9237
MTROccupancySensingClusterPredictedOccupancyStruct	startTimestamp	@(0)	zap-generated/MTRStructsObjc.mm:9266
MTROccupancySensingClusterPredictedOccupancyStruct	endTimestamp	@(0)	zap-generated/MTRStructsObjc.mm:9268
MTROccupancySensingClusterPredictedOccupancyStruct	occupancy	@(0)	zap-generated/MTRStructsObjc.mm:9270
MTROccupancySensingClusterPredictedOccupancyStruct	confidence	@(0)	zap-generated/MTRStructsObjc.mm:9272
MTROccupancySensingClusterOccupancyChangedEvent	occupancy	@(0)	zap-generated/MTRStructsObjc.mm:9302
MTRAmbientContextSensingClusterAmbientContextTypeStruct	ambientContextSensed	[NSArray array]	zap-generated/MTRStructsObjc.mm:9329
MTRAmbientContextSensingClusterAmbientContextTypeStruct	detectionConfidence	nil	zap-generated/MTRStructsObjc.mm:9331
MTRAmbientContextSensingClusterHoldTimeLimitsStruct	holdTimeMin	@(0)	zap-generated/MTRStructsObjc.mm:9359
MTRAmbientContextSensingClusterHoldTimeLimitsStruct	holdTimeMax	@(0)	zap-generated/MTRStructsObjc.mm:9361
MTRAmbientContextSensingClusterHoldTimeLimitsStruct	holdTimeDefault	@(0)	zap-generated/MTRStructsObjc.mm:9363
MTRAmbientContextSensingClusterObjectCountConfigStruct	countingObject	[MTRDataTypeSemanticTagStruct new]	zap-generated/MTRStructsObjc.mm:9392
MTRAmbientContextSensingClusterObjectCountConfigStruct	objectCountThreshold	@(0)	zap-generated/MTRStructsObjc.mm:9394
MTRAmbientContextSensingClusterPredictedActivityStruct	startTimestamp	@(0)	zap-generated/MTRStructsObjc.mm:9422
MTRAmbientContextSensingClusterPredictedActivityStruct	endTimestamp	@(0)	zap-generated/MTRStructsObjc.mm:9424
MTRAmbientContextSensingClusterPredictedActivityStruct	ambientContextType	nil	zap-generated/MTRStructsObjc.mm:9426
MTRAmbientContextSensingClusterPredictedActivityStruct	crowdDetected	nil	zap-generated/MTRStructsObjc.mm:9428
MTRAmbientContextSensingClusterPredictedActivityStruct	crowdCount	nil	zap-generated/MTRStructsObjc.mm:9430
MTRAmbientContextSensingClusterPredictedActivityStruct	confidence	@(0)	zap-generated/MTRStructsObjc.mm:9432
MTRAmbientContextSensingClusterAmbientContextDetectStartedEvent	ambientContextDetected	nil	zap-generated/MTRStructsObjc.mm:9464
MTRAmbientContextSensingClusterAmbientContextDetectStartedEvent	objectCountThresholdReached	nil	zap-generated/MTRStructsObjc.mm:9466
MTRAmbientContextSensingClusterAmbientContextDetectStartedEvent	objectCount	nil	zap-generated/MTRStructsObjc.mm:9468
MTRAmbientContextSensingClusterAmbientContextDetectEndedEvent	eventStartTimePos	nil	zap-generated/MTRStructsObjc.mm:9497
MTRAmbientContextSensingClusterAmbientContextDetectEndedEvent	eventStartTimeSys	nil	zap-generated/MTRStructsObjc.mm:9499
MTRAmbientSensingUnionClusterContributorStatusChangeStruct	contributorNodeID	nil	zap-generated/MTRStructsObjc.mm:9527
MTRAmbientSensingUnionClusterContributorStatusChangeStruct	contributorEndpointID	nil	zap-generated/MTRStructsObjc.mm:9529
MTRAmbientSensingUnionClusterContributorStatusChangeStruct	contributorName	nil	zap-generated/MTRStructsObjc.mm:9531
MTRAmbientSensingUnionClusterContributorStatusChangeStruct	previousContributorStatus	@(0)	zap-generated/MTRStructsObjc.mm:9533
MTRAmbientSensingUnionClusterContributorStatusChangeStruct	currentContributorStatus	@(0)	zap-generated/MTRStructsObjc.mm:9535
MTRAmbientSensingUnionClusterContributorStatusChangeStruct	fabricIndex	@(0)	zap-generated/MTRStructsObjc.mm:9537
MTRAmbientSensingUnionClusterUnionContributorStruct	contributorNodeID	nil	zap-generated/MTRStructsObjc.mm:9569
MTRAmbientSensingUnionClusterUnionContributorStruct	contributorEndpointID	nil	zap-generated/MTRStructsObjc.mm:9571
MTRAmbientSensingUnionClusterUnionContributorStruct	contributorName	nil	zap-generated/MTRStructsObjc.mm:9573
MTRAmbientSensingUnionClusterUnionContributorStruct	contributorStatus	@(0)	zap-generated/MTRStructsObjc.mm:9575
MTRAmbientSensingUnionClusterUnionContributorStruct	fabricIndex	@(0)	zap-generated/MTRStructsObjc.mm:9577
MTRAmbientSensingUnionClusterUnionContributorAddedEvent	addedContributor	[NSArray array]	zap-generated/MTRStructsObjc.mm:9608
MTRAmbientSensingUnionClusterUnionContributorAddedEvent	fabricIndex	@(0)	zap-generated/MTRStructsObjc.mm:9610
MTRAmbientSensingUnionClusterUnionContributorRemovedEvent	removedContributor	[NSArray array]	zap-generated/MTRStructsObjc.mm:9638
MTRAmbientSensingUnionClusterUnionContributorRemovedEvent	fabricIndex	@(0)	zap-generated/MTRStructsObjc.mm:9640
MTRAmbientSensingUnionClusterUnionContributorStatusChangedEvent	contributorStatusChange	[NSArray array]	zap-generated/MTRStructsObjc.mm:9668
MTRAmbientSensingUnionClusterUnionContributorStatusChangedEvent	fabricIndex	@(0)	zap-generated/MTRStructsObjc.mm:9670
MTRProximityRangingClusterRDRStruct	azimuth	@(0)	zap-generated/MTRStructsObjc.mm:9698
MTRProximityRangingClusterRDRStruct	elevation	@(0)	zap-generated/MTRStructsObjc.mm:9700
MTRProximityRangingClusterRDRStruct	azimuthAccuracy	@(0)	zap-generated/MTRStructsObjc.mm:9702
MTRProximityRangingClusterRDRStruct	elevationAccuracy	@(0)	zap-generated/MTRStructsObjc.mm:9704
MTRProximityRangingClusterRDRStruct	reference	@(0)	zap-generated/MTRStructsObjc.mm:9706
MTRProximityRangingClusterRangingMeasurementDataStruct	wiFiDevIK	nil	zap-generated/MTRStructsObjc.mm:9737
MTRProximityRangingClusterRangingMeasurementDataStruct	bleDeviceID	nil	zap-generated/MTRStructsObjc.mm:9739
MTRProximityRangingClusterRangingMeasurementDataStruct	bltDevIK	nil	zap-generated/MTRStructsObjc.mm:9741
MTRProximityRangingClusterRangingMeasurementDataStruct	timeOfMeasurement	nil	zap-generated/MTRStructsObjc.mm:9743
MTRProximityRangingClusterRangingMeasurementDataStruct	timeOfMeasurementOffset	nil	zap-generated/MTRStructsObjc.mm:9745
MTRProximityRangingClusterRangingMeasurementDataStruct	distance	nil	zap-generated/MTRStructsObjc.mm:9747
MTRProximityRangingClusterRangingMeasurementDataStruct	errorMargin	nil	zap-generated/MTRStructsObjc.mm:9749
MTRProximityRangingClusterRangingMeasurementDataStruct	rdr	nil	zap-generated/MTRStructsObjc.mm:9751
MTRProximityRangingClusterRangingMeasurementDataStruct	detectedAttackLevel	nil	zap-generated/MTRStructsObjc.mm:9753
MTRProximityRangingClusterRangingMeasurementDataStruct	rssi	nil	zap-generated/MTRStructsObjc.mm:9755
MTRProximityRangingClusterRangingMeasurementDataStruct	txPower	nil	zap-generated/MTRStructsObjc.mm:9757
MTRProximityRangingClusterBLERangingDeviceRoleConfigStruct	role	@(0)	zap-generated/MTRStructsObjc.mm:9794
MTRProximityRangingClusterBLERangingDeviceRoleConfigStruct	peerBLEDeviceID	@(0)	zap-generated/MTRStructsObjc.mm:9796
MTRProximityRangingClusterBLERangingDeviceRoleConfigStruct	blerbcSecurityMode	@(0)	zap-generated/MTRStructsObjc.mm:9798
MTRProximityRangingClusterBLERangingDeviceRoleConfigStruct	sessionKey	nil	zap-generated/MTRStructsObjc.mm:9800
MTRProximityRangingClusterBLTChannelSoundingDeviceRoleConfigStruct	role	@(0)	zap-generated/MTRStructsObjc.mm:9830
MTRProximityRangingClusterBLTChannelSoundingDeviceRoleConfigStruct	peerBLTDevIK	[NSData data]	zap-generated/MTRStructsObjc.mm:9832
MTRProximityRangingClusterBLTChannelSoundingDeviceRoleConfigStruct	bltcsMode	nil	zap-generated/MTRStructsObjc.mm:9834
MTRProximityRangingClusterBLTChannelSoundingDeviceRoleConfigStruct	bltcsSecurityLevel	@(0)	zap-generated/MTRStructsObjc.mm:9836
MTRProximityRangingClusterBLTChannelSoundingDeviceRoleConfigStruct	ltk	[NSData data]	zap-generated/MTRStructsObjc.mm:9838
MTRProximityRangingClusterRangingCapabilitiesStruct	technology	@(0)	zap-generated/MTRStructsObjc.mm:9869
MTRProximityRangingClusterRangingCapabilitiesStruct	frequencyBand	@(0)	zap-generated/MTRStructsObjc.mm:9871
MTRProximityRangingClusterRangingCapabilitiesStruct	bandwidth	@(0)	zap-generated/MTRStructsObjc.mm:9873
MTRProximityRangingClusterRangingCapabilitiesStruct	supportedRangingRoles	@(0)	zap-generated/MTRStructsObjc.mm:9875
MTRProximityRangingClusterRangingCapabilitiesStruct	rdrCapability	@(0)	zap-generated/MTRStructsObjc.mm:9877
MTRProximityRangingClusterRangingCapabilitiesStruct	periodicRangingSupport	@(0)	zap-generated/MTRStructsObjc.mm:9879
MTRProximityRangingClusterRangingCapabilitiesStruct	maxConcurrentSessions	nil	zap-generated/MTRStructsObjc.mm:9881
MTRProximityRangingClusterRangingConstraintStruct	technology	@(0)	zap-generated/MTRStructsObjc.mm:9914
MTRProximityRangingClusterRangingConstraintStruct	role	@(0)	zap-generated/MTRStructsObjc.mm:9916
MTRProximityRangingClusterRangingConstraintStruct	enabled	nil	zap-generated/MTRStructsObjc.mm:9918
MTRProximityRangingClusterRangingConstraintStruct	minRangingInterval	nil	zap-generated/MTRStructsObjc.mm:9920
MTRProximityRangingClusterRangingConstraintStruct	maxSessionDuration	nil	zap-generated/MTRStructsObjc.mm:9922
MTRProximityRangingClusterRangingConstraintStruct	maxRangingInstances	nil	zap-generated/MTRStructsObjc.mm:9924
MTRProximityRangingClusterRangingTriggerConditionStruct	startTime	@(0)	zap-generated/MTRStructsObjc.mm:9956
MTRProximityRangingClusterRangingTriggerConditionStruct	endTime	@(0)	zap-generated/MTRStructsObjc.mm:9958
MTRProximityRangingClusterRangingTriggerConditionStruct	rangingInstanceInterval	nil	zap-generated/MTRStructsObjc.mm:9960
MTRProximityRangingClusterReportingConditionStruct	minDistanceCondition	nil	zap-generated/MTRStructsObjc.mm:9989
MTRProximityRangingClusterReportingConditionStruct	maxDistanceCondition	nil	zap-generated/MTRStructsObjc.mm:9991
MTRProximityRangingClusterReportingConditionStruct	errorMarginCondition	nil	zap-generated/MTRStructsObjc.mm:9993
MTRProximityRangingClusterWiFiRangingDeviceRoleConfigStruct	role	@(0)	zap-generated/MTRStructsObjc.mm:10022
MTRProximityRangingClusterWiFiRangingDeviceRoleConfigStruct	peerWiFiDevIK	[NSData data]	zap-generated/MTRStructsObjc.mm:10024
MTRProximityRangingClusterWiFiRangingDeviceRoleConfigStruct	pmk	[NSData data]	zap-generated/MTRStructsObjc.mm:10026
MTRProximityRangingClusterRangingResultEvent	sessionID	@(0)	zap-generated/MTRStructsObjc.mm:10055
MTRProximityRangingClusterRangingResultEvent	rangingResultData	[MTRProximityRangingClusterRangingMeasurementDataStruct new]	zap-generated/MTRStructsObjc.mm:10057
MTRProximityRangingClusterRangingSessionStatusEvent	sessionID	@(0)	zap-generated/MTRStructsObjc.mm:10085
MTRProximityRangingClusterRangingSessionStatusEvent	status	@(0)	zap-generated/MTRStructsObjc.mm:10087
MTRNetworkIdentityManagementClusterActiveNetworkIdentityStruct	index	@(0)	zap-generated/MTRStructsObjc.mm:10115
MTRNetworkIdentityManagementClusterActiveNetworkIdentityStruct	type	@(0)	zap-generated/MTRStructsObjc.mm:10117
MTRNetworkIdentityManagementClusterActiveNetworkIdentityStruct	identifier	[NSData data]	zap-generated/MTRStructsObjc.mm:10119
MTRNetworkIdentityManagementClusterActiveNetworkIdentityStruct	createdTimestamp	@(0)	zap-generated/MTRStructsObjc.mm:10121
MTRNetworkIdentityManagementClusterActiveNetworkIdentityStruct	current	@(0)	zap-generated/MTRStructsObjc.mm:10123
MTRNetworkIdentityManagementClusterActiveNetworkIdentityStruct	remainingClients	nil	zap-generated/MTRStructsObjc.mm:10125
MTRNetworkIdentityManagementClusterClientStruct	clientIndex	@(0)	zap-generated/MTRStructsObjc.mm:10157
MTRNetworkIdentityManagementClusterClientStruct	clientIdentifier	[NSData data]	zap-generated/MTRStructsObjc.mm:10159
MTRNetworkIdentityManagementClusterClientStruct	clientIdentityType	@(0)	zap-generated/MTRStructsObjc.mm:10161
MTRNetworkIdentityManagementClusterClientStruct	networkIdentityIndex	nil	zap-generated/MTRStructsObjc.mm:10163
MTRThreadNetworkDirectoryClusterThreadNetworkStruct	extendedPanID	[NSData data]	zap-generated/MTRStructsObjc.mm:10193
MTRThreadNetworkDirectoryClusterThreadNetworkStruct	networkName	@""	zap-generated/MTRStructsObjc.mm:10195
MTRThreadNetworkDirectoryClusterThreadNetworkStruct	channel	@(0)	zap-generated/MTRStructsObjc.mm:10197
MTRThreadNetworkDirectoryClusterThreadNetworkStruct	activeTimestamp	@(0)	zap-generated/MTRStructsObjc.mm:10199
MTRCommissioningProxyClusterScanResultStruct	address	nil	zap-generated/MTRStructsObjc.mm:10229
MTRCommissioningProxyClusterScanResultStruct	transport	@(0)	zap-generated/MTRStructsObjc.mm:10231
MTRCommissioningProxyClusterScanResultStruct	discriminator	@(0)	zap-generated/MTRStructsObjc.mm:10233
MTRCommissioningProxyClusterScanResultStruct	vendorID	@(0)	zap-generated/MTRStructsObjc.mm:10235
MTRCommissioningProxyClusterScanResultStruct	productID	@(0)	zap-generated/MTRStructsObjc.mm:10237
MTRCommissioningProxyClusterScanResultStruct	extendedData	nil	zap-generated/MTRStructsObjc.mm:10239
MTRCommissioningProxyClusterScanResultStruct	wiFiBand	nil	zap-generated/MTRStructsObjc.mm:10241
MTRChannelClusterProgramCastStruct	name	@""	zap-generated/MTRStructsObjc.mm:10274
MTRChannelClusterProgramCastStruct	role	@""	zap-generated/MTRStructsObjc.mm:10276
MTRChannelClusterProgramCategoryStruct	category	@""	zap-generated/MTRStructsObjc.mm:10304
MTRChannelClusterProgramCategoryStruct	subCategory	nil	zap-generated/MTRStructsObjc.mm:10306
MTRChannelClusterSeriesInfoStruct	season	@""	zap-generated/MTRStructsObjc.mm:10334
MTRChannelClusterSeriesInfoStruct	episode	@""	zap-generated/MTRStructsObjc.mm:10336
MTRChannelClusterChannelInfoStruct	majorNumber	@(0)	zap-generated/MTRStructsObjc.mm:10364
MTRChannelClusterChannelInfoStruct	minorNumber	@(0)	zap-generated/MTRStructsObjc.mm:10366
MTRChannelClusterChannelInfoStruct	name	nil	zap-generated/MTRStructsObjc.mm:10368
MTRChannelClusterChannelInfoStruct	callSign	nil	zap-generated/MTRStructsObjc.mm:10370
MTRChannelClusterChannelInfoStruct	affiliateCallSign	nil	zap-generated/MTRStructsObjc.mm:10372
MTRChannelClusterChannelInfoStruct	identifier	nil	zap-generated/MTRStructsObjc.mm:10374
MTRChannelClusterChannelInfoStruct	type	nil	zap-generated/MTRStructsObjc.mm:10376
MTRChannelClusterProgramStruct	identifier	@""	zap-generated/MTRStructsObjc.mm:10417
MTRChannelClusterProgramStruct	channel	[MTRChannelClusterChannelInfoStruct new]	zap-generated/MTRStructsObjc.mm:10419
MTRChannelClusterProgramStruct	startTime	@(0)	zap-generated/MTRStructsObjc.mm:10421
MTRChannelClusterProgramStruct	endTime	@(0)	zap-generated/MTRStructsObjc.mm:10423
MTRChannelClusterProgramStruct	title	@""	zap-generated/MTRStructsObjc.mm:10425
MTRChannelClusterProgramStruct	subtitle	nil	zap-generated/MTRStructsObjc.mm:10427
MTRChannelClusterProgramStruct	descriptionString	nil	zap-generated/MTRStructsObjc.mm:10429
MTRChannelClusterProgramStruct	audioLanguages	nil	zap-generated/MTRStructsObjc.mm:10431
MTRChannelClusterProgramStruct	ratings	nil	zap-generated/MTRStructsObjc.mm:10433
MTRChannelClusterProgramStruct	thumbnailUrl	nil	zap-generated/MTRStructsObjc.mm:10435
MTRChannelClusterProgramStruct	posterArtUrl	nil	zap-generated/MTRStructsObjc.mm:10437
MTRChannelClusterProgramStruct	dvbiUrl	nil	zap-generated/MTRStructsObjc.mm:10439
MTRChannelClusterProgramStruct	releaseDate	nil	zap-generated/MTRStructsObjc.mm:10441
MTRChannelClusterProgramStruct	parentalGuidanceText	nil	zap-generated/MTRStructsObjc.mm:10443
MTRChannelClusterProgramStruct	recordingFlag	nil	zap-generated/MTRStructsObjc.mm:10445
MTRChannelClusterProgramStruct	seriesInfo	nil	zap-generated/MTRStructsObjc.mm:10447
MTRChannelClusterProgramStruct	categoryList	nil	zap-generated/MTRStructsObjc.mm:10449
MTRChannelClusterProgramStruct	castList	nil	zap-generated/MTRStructsObjc.mm:10451
MTRChannelClusterProgramStruct	externalIDList	nil	zap-generated/MTRStructsObjc.mm:10453
MTRChannelClusterPageTokenStruct	limit	nil	zap-generated/MTRStructsObjc.mm:10498
MTRChannelClusterPageTokenStruct	after	nil	zap-generated/MTRStructsObjc.mm:10500
MTRChannelClusterPageTokenStruct	before	nil	zap-generated/MTRStructsObjc.mm:10502
MTRChannelClusterChannelPagingStruct	previousToken	nil	zap-generated/MTRStructsObjc.mm:10531
MTRChannelClusterChannelPagingStruct	nextToken	nil	zap-generated/MTRStructsObjc.mm:10533
MTRChannelClusterAdditionalInfoStruct	name	@""	zap-generated/MTRStructsObjc.mm:10561
MTRChannelClusterAdditionalInfoStruct	value	@""	zap-generated/MTRStructsObjc.mm:10563
MTRChannelClusterLineupInfoStruct	operatorName	@""	zap-generated/MTRStructsObjc.mm:10591
MTRChannelClusterLineupInfoStruct	lineupName	nil	zap-generated/MTRStructsObjc.mm:10593
MTRChannelClusterLineupInfoStruct	postalCode	nil	zap-generated/MTRStructsObjc.mm:10595
MTRChannelClusterLineupInfoStruct	lineupInfoType	@(0)	zap-generated/MTRStructsObjc.mm:10597
MTRTargetNavigatorClusterTargetInfoStruct	identifier	@(0)	zap-generated/MTRStructsObjc.mm:10634
MTRTargetNavigatorClusterTargetInfoStruct	name	@""	zap-generated/MTRStructsObjc.mm:10636
MTRTargetNavigatorClusterTargetUpdatedEvent	targetList	[NSArray array]	zap-generated/MTRStructsObjc.mm:10669
MTRTargetNavigatorClusterTargetUpdatedEvent	currentTarget	@(0)	zap-generated/MTRStructsObjc.mm:10671
MTRTargetNavigatorClusterTargetUpdatedEvent	data	[NSData data]	zap-generated/MTRStructsObjc.mm:10673
MTRMediaPlaybackClusterTrackAttributesStruct	languageCode	@""	zap-generated/MTRStructsObjc.mm:10702
MTRMediaPlaybackClusterTrackAttributesStruct	characteristics	nil	zap-generated/MTRStructsObjc.mm:10704
MTRMediaPlaybackClusterTrackAttributesStruct	displayName	nil	zap-generated/MTRStructsObjc.mm:10706
MTRMediaPlaybackClusterTrackStruct	id	@""	zap-generated/MTRStructsObjc.mm:10735
MTRMediaPlaybackClusterTrackStruct	trackAttributes	nil	zap-generated/MTRStructsObjc.mm:10737
MTRMediaPlaybackClusterContentInfoStruct	contentType	@(0)	zap-generated/MTRStructsObjc.mm:10765
MTRMediaPlaybackClusterContentInfoStruct	title	nil	zap-generated/MTRStructsObjc.mm:10767
MTRMediaPlaybackClusterContentInfoStruct	show	nil	zap-generated/MTRStructsObjc.mm:10769
MTRMediaPlaybackClusterContentInfoStruct	season	nil	zap-generated/MTRStructsObjc.mm:10771
MTRMediaPlaybackClusterContentInfoStruct	episode	nil	zap-generated/MTRStructsObjc.mm:10773
MTRMediaPlaybackClusterContentInfoStruct	provider	nil	zap-generated/MTRStructsObjc.mm:10775
MTRMediaPlaybackClusterContentInfoStruct	artist	nil	zap-generated/MTRStructsObjc.mm:10777
MTRMediaPlaybackClusterContentInfoStruct	album	nil	zap-generated/MTRStructsObjc.mm:10779
MTRMediaPlaybackClusterContentInfoStruct	track	nil	zap-generated/MTRStructsObjc.mm:10781
MTRMediaPlaybackClusterPlaybackPositionStruct	updatedAt	@(0)	zap-generated/MTRStructsObjc.mm:10816
MTRMediaPlaybackClusterPlaybackPositionStruct	position	nil	zap-generated/MTRStructsObjc.mm:10818
MTRMediaPlaybackClusterStateChangedEvent	currentState	@(0)	zap-generated/MTRStructsObjc.mm:10851
MTRMediaPlaybackClusterStateChangedEvent	startTime	@(0)	zap-generated/MTRStructsObjc.mm:10853
MTRMediaPlaybackClusterStateChangedEvent	duration	@(0)	zap-generated/MTRStructsObjc.mm:10855
MTRMediaPlaybackClusterStateChangedEvent	sampledPosition	[MTRMediaPlaybackClusterPlaybackPositionStruct new]	zap-generated/MTRStructsObjc.mm:10857
MTRMediaPlaybackClusterStateChangedEvent	playbackSpeed	@(0)	zap-generated/MTRStructsObjc.mm:10859
MTRMediaPlaybackClusterStateChangedEvent	seekRangeEnd	@(0)	zap-generated/MTRStructsObjc.mm:10861
MTRMediaPlaybackClusterStateChangedEvent	seekRangeStart	@(0)	zap-generated/MTRStructsObjc.mm:10863
MTRMediaPlaybackClusterStateChangedEvent	data	nil	zap-generated/MTRStructsObjc.mm:10865
MTRMediaPlaybackClusterStateChangedEvent	audioAdvanceUnmuted	@(0)	zap-generated/MTRStructsObjc.mm:10867
MTRMediaInputClusterInputInfoStruct	index	@(0)	zap-generated/MTRStructsObjc.mm:10902
MTRMediaInputClusterInputInfoStruct	inputType	@(0)	zap-generated/MTRStructsObjc.mm:10904
MTRMediaInputClusterInputInfoStruct	name	@""	zap-generated/MTRStructsObjc.mm:10906
MTRMediaInputClusterInputInfoStruct	descriptionString	@""	zap-generated/MTRStructsObjc.mm:10908
MTRContentLauncherClusterDimensionStruct	width	@(0)	zap-generated/MTRStructsObjc.mm:10945
MTRContentLauncherClusterDimensionStruct	height	@(0)	zap-generated/MTRStructsObjc.mm:10947
MTRContentLauncherClusterDimensionStruct	metric	@(0)	zap-generated/MTRStructsObjc.mm:10949
MTRContentLauncherClusterContentAppInfo	contentAppVendorID	@(0)	zap-generated/MTRStructsObjc.mm:10984
MTRContentLauncherClusterContentAppInfo	contentAppProductID	@(0)	zap-generated/MTRStructsObjc.mm:10986
MTRContentLauncherClusterContentAppInfo	data	@""	zap-generated/MTRStructsObjc.mm:10988
MTRContentLauncherClusterLaunchUrlInfo	url	@""	zap-generated/MTRStructsObjc.mm:11017
MTRContentLauncherClusterLaunchUrlInfo	data	nil	zap-generated/MTRStructsObjc.mm:11019
MTRContentLauncherClusterLaunchUrlInfo	contentType	nil	zap-generated/MTRStructsObjc.mm:11021
MTRContentLauncherClusterLaunchUrlInfo	contentHeaders	nil	zap-generated/MTRStructsObjc.mm:11023
MTRContentLauncherClusterLaunchUrlInfo	offsetMillisecs	nil	zap-generated/MTRStructsObjc.mm:11025
MTRContentLauncherClusterLaunchUrlInfo	queueType	nil	zap-generated/MTRStructsObjc.mm:11027
MTRContentLauncherClusterLaunchUrlInfo	nextUrl	nil	zap-generated/MTRStructsObjc.mm:11029
MTRContentLauncherClusterReplicationInfo	launchUrlInfo	nil	zap-generated/MTRStructsObjc.mm:11062
MTRContentLauncherClusterReplicationInfo	contentAppInfo	nil	zap-generated/MTRStructsObjc.mm:11064
MTRContentLauncherClusterTrackPreferenceStruct	languageCode	@""	zap-generated/MTRStructsObjc.mm:11092
MTRContentLauncherClusterTrackPreferenceStruct	characteristics	nil	zap-generated/MTRStructsObjc.mm:11094
MTRContentLauncherClusterTrackPreferenceStruct	audioOutputIndex	@(0)	zap-generated/MTRStructsObjc.mm:11096
MTRContentLauncherClusterPlaybackPreferencesStruct	playbackPosition	@(0)	zap-generated/MTRStructsObjc.mm:11125
MTRContentLauncherClusterPlaybackPreferencesStruct	textTrack	[MTRContentLauncherClusterTrackPreferenceStruct new]	zap-generated/MTRStructsObjc.mm:11127
MTRContentLauncherClusterPlaybackPreferencesStruct	audioTracks	nil	zap-generated/MTRStructsObjc.mm:11129
MTRContentLauncherClusterAdditionalInfoStruct	name	@""	zap-generated/MTRStructsObjc.mm:11158
MTRContentLauncherClusterAdditionalInfoStruct	value	@""	zap-generated/MTRStructsObjc.mm:11160
MTRContentLauncherClusterParameterStruct	type	@(0)	zap-generated/MTRStructsObjc.mm:11193
MTRContentLauncherClusterParameterStruct	value	@""	zap-generated/MTRStructsObjc.mm:11195
MTRContentLauncherClusterParameterStruct	externalIDList	nil	zap-generated/MTRStructsObjc.mm:11197
MTRContentLauncherClusterContentSearchStruct	parameterList	[NSArray array]	zap-generated/MTRStructsObjc.mm:11232
MTRContentLauncherClusterStyleInformationStruct	imageURL	nil	zap-generated/MTRStructsObjc.mm:11263
MTRContentLauncherClusterStyleInformationStruct	color	nil	zap-generated/MTRStructsObjc.mm:11265
MTRContentLauncherClusterStyleInformationStruct	size	nil	zap-generated/MTRStructsObjc.mm:11267
MTRContentLauncherClusterBrandingInformationStruct	providerName	@""	zap-generated/MTRStructsObjc.mm:11311
MTRContentLauncherClusterBrandingInformationStruct	background	nil	zap-generated/MTRStructsObjc.mm:11313
MTRContentLauncherClusterBrandingInformationStruct	logo	nil	zap-generated/MTRStructsObjc.mm:11315
MTRContentLauncherClusterBrandingInformationStruct	progressBar	nil	zap-generated/MTRStructsObjc.mm:11317
MTRContentLauncherClusterBrandingInformationStruct	splash	nil	zap-generated/MTRStructsObjc.mm:11319
MTRContentLauncherClusterBrandingInformationStruct	waterMark	nil	zap-generated/MTRStructsObjc.mm:11321
MTRContentLauncherClusterContentPresetStruct	presetID	@(0)	zap-generated/MTRStructsObjc.mm:11362
MTRContentLauncherClusterContentPresetStruct	presetName	@""	zap-generated/MTRStructsObjc.mm:11364
MTRContentLauncherClusterContentReplicationEvent	status	@(0)	zap-generated/MTRStructsObjc.mm:11392
MTRAudioOutputClusterOutputInfoStruct	index	@(0)	zap-generated/MTRStructsObjc.mm:11419
MTRAudioOutputClusterOutputInfoStruct	outputType	@(0)	zap-generated/MTRStructsObjc.mm:11421
MTRAudioOutputClusterOutputInfoStruct	name	@""	zap-generated/MTRStructsObjc.mm:11423
MTRApplicationLauncherClusterApplicationStruct	catalogVendorID	@(0)	zap-generated/MTRStructsObjc.mm:11458
MTRApplicationLauncherClusterApplicationStruct	applicationID	@""	zap-generated/MTRStructsObjc.mm:11460
MTRApplicationLauncherClusterApplicationEPStruct	application	[MTRApplicationLauncherClusterApplicationStruct new]	zap-generated/MTRStructsObjc.mm:11511
MTRApplicationLauncherClusterApplicationEPStruct	endpoint	nil	zap-generated/MTRStructsObjc.mm:11513
MTRApplicationBasicClusterApplicationStruct	catalogVendorID	@(0)	zap-generated/MTRStructsObjc.mm:11546
MTRApplicationBasicClusterApplicationStruct	applicationID	@""	zap-generated/MTRStructsObjc.mm:11548
MTRAccountLoginClusterLoggedOutEvent	node	nil	zap-generated/MTRStructsObjc.mm:11599
MTRAccountLoginClusterLoggedOutEvent	fabricIndex	@(0)	zap-generated/MTRStructsObjc.mm:11601
MTRContentControlClusterTimePeriodStruct	startHour	@(0)	zap-generated/MTRStructsObjc.mm:11629
MTRContentControlClusterTimePeriodStruct	startMinute	@(0)	zap-generated/MTRStructsObjc.mm:11631
MTRContentControlClusterTimePeriodStruct	endHour	@(0)	zap-generated/MTRStructsObjc.mm:11633
MTRContentControlClusterTimePeriodStruct	endMinute	@(0)	zap-generated/MTRStructsObjc.mm:11635
MTRContentControlClusterTimeWindowStruct	timeWindowIndex	nil	zap-generated/MTRStructsObjc.mm:11665
MTRContentControlClusterTimeWindowStruct	dayOfWeek	@(0)	zap-generated/MTRStructsObjc.mm:11667
MTRContentControlClusterTimeWindowStruct	timePeriod	[NSArray array]	zap-generated/MTRStructsObjc.mm:11669
MTRContentControlClusterAppInfoStruct	catalogVendorID	@(0)	zap-generated/MTRStructsObjc.mm:11698
MTRContentControlClusterAppInfoStruct	applicationID	@""	zap-generated/MTRStructsObjc.mm:11700
MTRContentControlClusterBlockChannelStruct	blockChannelIndex	nil	zap-generated/MTRStructsObjc.mm:11728
MTRContentControlClusterBlockChannelStruct	majorNumber	@(0)	zap-generated/MTRStructsObjc.mm:11730
MTRContentControlClusterBlockChannelStruct	minorNumber	@(0)	zap-generated/MTRStructsObjc.mm:11732
MTRContentControlClusterBlockChannelStruct	identifier	nil	zap-generated/MTRStructsObjc.mm:11734
MTRContentControlClusterRatingNameStruct	ratingName	@""	zap-generated/MTRStructsObjc.mm:11764
MTRContentControlClusterRatingNameStruct	ratingNameDesc	nil	zap-generated/MTRStructsObjc.mm:11766
MTRMediaFileManagementClusterFileDescriptionStruct	fileID	@(0)	zap-generated/MTRStructsObjc.mm:11840
MTRMediaFileManagementClusterFileDescriptionStruct	name	@""	zap-generated/MTRStructsObjc.mm:11842
MTRMediaFileManagementClusterFileDescriptionStruct	size	@(0)	zap-generated/MTRStructsObjc.mm:11844
MTRMediaFileManagementClusterFileDescriptionStruct	mimeType	@""	zap-generated/MTRStructsObjc.mm:11846
MTRMediaFileManagementClusterFileDescriptionStruct	imageUri	@""	zap-generated/MTRStructsObjc.mm:11848
MTRMediaFileManagementClusterSharedFilesAddedEvent	requestID	@(0)	zap-generated/MTRStructsObjc.mm:11879
MTRMediaFileManagementClusterSharedFilesAddedEvent	responseID	@(0)	zap-generated/MTRStructsObjc.mm:11881
MTRZoneManagementClusterTwoDCartesianVertexStruct	x	@(0)	zap-generated/MTRStructsObjc.mm:11909
MTRZoneManagementClusterTwoDCartesianVertexStruct	y	@(0)	zap-generated/MTRStructsObjc.mm:11911
MTRZoneManagementClusterTwoDCartesianZoneStruct	name	@""	zap-generated/MTRStructsObjc.mm:11939
MTRZoneManagementClusterTwoDCartesianZoneStruct	use	@(0)	zap-generated/MTRStructsObjc.mm:11941
MTRZoneManagementClusterTwoDCartesianZoneStruct	vertices	[NSArray array]	zap-generated/MTRStructsObjc.mm:11943
MTRZoneManagementClusterTwoDCartesianZoneStruct	color	nil	zap-generated/MTRStructsObjc.mm:11945
MTRZoneManagementClusterZoneInformationStruct	zoneID	@(0)	zap-generated/MTRStructsObjc.mm:11975
MTRZoneManagementClusterZoneInformationStruct	zoneType	@(0)	zap-generated/MTRStructsObjc.mm:11977
MTRZoneManagementClusterZoneInformationStruct	zoneSource	@(0)	zap-generated/MTRStructsObjc.mm:11979
MTRZoneManagementClusterZoneInformationStruct	twoDCartesianZone	nil	zap-generated/MTRStructsObjc.mm:11981
MTRZoneManagementClusterZoneInformationStruct	nodeID	nil	zap-generated/MTRStructsObjc.mm:11983
MTRZoneManagementClusterZoneInformationStruct	endpointID	nil	zap-generated/MTRStructsObjc.mm:11985
MTRZoneManagementClusterZoneTriggerControlStruct	zoneID	@(0)	zap-generated/MTRStructsObjc.mm:12017
MTRZoneManagementClusterZoneTriggerControlStruct	initialDuration	@(0)	zap-generated/MTRStructsObjc.mm:12019
MTRZoneManagementClusterZoneTriggerControlStruct	augmentationDuration	@(0)	zap-generated/MTRStructsObjc.mm:12021
MTRZoneManagementClusterZoneTriggerControlStruct	maxDuration	@(0)	zap-generated/MTRStructsObjc.mm:12023
MTRZoneManagementClusterZoneTriggerControlStruct	blindDuration	@(0)	zap-generated/MTRStructsObjc.mm:12025
MTRZoneManagementClusterZoneTriggerControlStruct	sensitivity	nil	zap-generated/MTRStructsObjc.mm:12027
MTRZoneManagementClusterZoneTriggeredEvent	zone	@(0)	zap-generated/MTRStructsObjc.mm:12059
MTRZoneManagementClusterZoneTriggeredEvent	reason	@(0)	zap-generated/MTRStructsObjc.mm:12061
MTRZoneManagementClusterZoneTriggeredEvent	nodeID	nil	zap-generated/MTRStructsObjc.mm:12063
MTRZoneManagementClusterZoneTriggeredEvent	endpointID	nil	zap-generated/MTRStructsObjc.mm:12065
MTRZoneManagementClusterZoneStoppedEvent	zone	@(0)	zap-generated/MTRStructsObjc.mm:12095
MTRZoneManagementClusterZoneStoppedEvent	reason	@(0)	zap-generated/MTRStructsObjc.mm:12097
MTRZoneManagementClusterZoneStoppedEvent	nodeID	nil	zap-generated/MTRStructsObjc.mm:12099
MTRZoneManagementClusterZoneStoppedEvent	endpointID	nil	zap-generated/MTRStructsObjc.mm:12101
MTRCameraAVStreamManagementClusterVideoResolutionStruct	width	@(0)	zap-generated/MTRStructsObjc.mm:12131
MTRCameraAVStreamManagementClusterVideoResolutionStruct	height	@(0)	zap-generated/MTRStructsObjc.mm:12133
MTRCameraAVStreamManagementClusterVideoStreamStruct	videoStreamID	@(0)	zap-generated/MTRStructsObjc.mm:12161
MTRCameraAVStreamManagementClusterVideoStreamStruct	streamUsage	@(0)	zap-generated/MTRStructsObjc.mm:12163
MTRCameraAVStreamManagementClusterVideoStreamStruct	videoCodec	@(0)	zap-generated/MTRStructsObjc.mm:12165
MTRCameraAVStreamManagementClusterVideoStreamStruct	minFrameRate	@(0)	zap-generated/MTRStructsObjc.mm:12167
MTRCameraAVStreamManagementClusterVideoStreamStruct	maxFrameRate	@(0)	zap-generated/MTRStructsObjc.mm:12169
MTRCameraAVStreamManagementClusterVideoStreamStruct	minResolution	[MTRCameraAVStreamManagementClusterVideoResolutionStruct new]	zap-generated/MTRStructsObjc.mm:12171
MTRCameraAVStreamManagementClusterVideoStreamStruct	maxResolution	[MTRCameraAVStreamManagementClusterVideoResolutionStruct new]	zap-generated/MTRStructsObjc.mm:12173
MTRCameraAVStreamManagementClusterVideoStreamStruct	minBitRate	@(0)	zap-generated/MTRStructsObjc.mm:12175
MTRCameraAVStreamManagementClusterVideoStreamStruct	maxBitRate	@(0)	zap-generated/MTRStructsObjc.mm:12177
MTRCameraAVStreamManagementClusterVideoStreamStruct	keyFrameInterval	@(0)	zap-generated/MTRStructsObjc.mm:12179
MTRCameraAVStreamManagementClusterVideoStreamStruct	watermarkEnabled	nil	zap-generated/MTRStructsObjc.mm:12181
MTRCameraAVStreamManagementClusterVideoStreamStruct	osdEnabled	nil	zap-generated/MTRStructsObjc.mm:12183
MTRCameraAVStreamManagementClusterVideoStreamStruct	referenceCount	@(0)	zap-generated/MTRStructsObjc.mm:12185
MTRCameraAVStreamManagementClusterSnapshotStreamStruct	snapshotStreamID	@(0)	zap-generated/MTRStructsObjc.mm:12224
MTRCameraAVStreamManagementClusterSnapshotStreamStruct	imageCodec	@(0)	zap-generated/MTRStructsObjc.mm:12226
MTRCameraAVStreamManagementClusterSnapshotStreamStruct	frameRate	@(0)	zap-generated/MTRStructsObjc.mm:12228
MTRCameraAVStreamManagementClusterSnapshotStreamStruct	minResolution	[MTRCameraAVStreamManagementClusterVideoResolutionStruct new]	zap-generated/MTRStructsObjc.mm:12230
MTRCameraAVStreamManagementClusterSnapshotStreamStruct	maxResolution	[MTRCameraAVStreamManagementClusterVideoResolutionStruct new]	zap-generated/MTRStructsObjc.mm:12232
MTRCameraAVStreamManagementClusterSnapshotStreamStruct	quality	@(0)	zap-generated/MTRStructsObjc.mm:12234
MTRCameraAVStreamManagementClusterSnapshotStreamStruct	referenceCount	@(0)	zap-generated/MTRStructsObjc.mm:12236
MTRCameraAVStreamManagementClusterSnapshotStreamStruct	encodedPixels	@(0)	zap-generated/MTRStructsObjc.mm:12238
MTRCameraAVStreamManagementClusterSnapshotStreamStruct	hardwareEncoder	@(0)	zap-generated/MTRStructsObjc.mm:12240
MTRCameraAVStreamManagementClusterSnapshotStreamStruct	watermarkEnabled	nil	zap-generated/MTRStructsObjc.mm:12242
MTRCameraAVStreamManagementClusterSnapshotStreamStruct	osdEnabled	nil	zap-generated/MTRStructsObjc.mm:12244
MTRCameraAVStreamManagementClusterSnapshotCapabilitiesStruct	resolution	[MTRCameraAVStreamManagementClusterVideoResolutionStruct new]	zap-generated/MTRStructsObjc.mm:12281
MTRCameraAVStreamManagementClusterSnapshotCapabilitiesStruct	maxFrameRate	@(0)	zap-generated/MTRStructsObjc.mm:12283
MTRCameraAVStreamManagementClusterSnapshotCapabilitiesStruct	imageCodec	@(0)	zap-generated/MTRStructsObjc.mm:12285
MTRCameraAVStreamManagementClusterSnapshotCapabilitiesStruct	requiresEncodedPixels	@(0)	zap-generated/MTRStructsObjc.mm:12287
MTRCameraAVStreamManagementClusterSnapshotCapabilitiesStruct	requiresHardwareEncoder	nil	zap-generated/MTRStructsObjc.mm:12289
MTRCameraAVStreamManagementClusterRateDistortionTradeOffPointsStruct	codec	@(0)	zap-generated/MTRStructsObjc.mm:12320
MTRCameraAVStreamManagementClusterRateDistortionTradeOffPointsStruct	resolution	[MTRCameraAVStreamManagementClusterVideoResolutionStruct new]	zap-generated/MTRStructsObjc.mm:12322
MTRCameraAVStreamManagementClusterRateDistortionTradeOffPointsStruct	minBitRate	@(0)	zap-generated/MTRStructsObjc.mm:12324
MTRCameraAVStreamManagementClusterAudioCapabilitiesStruct	maxNumberOfChannels	@(0)	zap-generated/MTRStructsObjc.mm:12353
MTRCameraAVStreamManagementClusterAudioCapabilitiesStruct	supportedCodecs	[NSArray array]	zap-generated/MTRStructsObjc.mm:12355
MTRCameraAVStreamManagementClusterAudioCapabilitiesStruct	supportedSampleRates	[NSArray array]	zap-generated/MTRStructsObjc.mm:12357
MTRCameraAVStreamManagementClusterAudioCapabilitiesStruct	supportedBitDepths	[NSArray array]	zap-generated/MTRStructsObjc.mm:12359
MTRCameraAVStreamManagementClusterAudioStreamStruct	audioStreamID	@(0)	zap-generated/MTRStructsObjc.mm:12389
MTRCameraAVStreamManagementClusterAudioStreamStruct	streamUsage	@(0)	zap-generated/MTRStructsObjc.mm:12391
MTRCameraAVStreamManagementClusterAudioStreamStruct	audioCodec	@(0)	zap-generated/MTRStructsObjc.mm:12393
MTRCameraAVStreamManagementClusterAudioStreamStruct	channelCount	@(0)	zap-generated/MTRStructsObjc.mm:12395
MTRCameraAVStreamManagementClusterAudioStreamStruct	sampleRate	@(0)	zap-generated/MTRStructsObjc.mm:12397
MTRCameraAVStreamManagementClusterAudioStreamStruct	bitRate	@(0)	zap-generated/MTRStructsObjc.mm:12399
MTRCameraAVStreamManagementClusterAudioStreamStruct	bitDepth	@(0)	zap-generated/MTRStructsObjc.mm:12401
MTRCameraAVStreamManagementClusterAudioStreamStruct	referenceCount	@(0)	zap-generated/MTRStructsObjc.mm:12403
MTRCameraAVStreamManagementClusterVideoSensorParamsStruct	sensorWidth	@(0)	zap-generated/MTRStructsObjc.mm:12437
MTRCameraAVStreamManagementClusterVideoSensorParamsStruct	sensorHeight	@(0)	zap-generated/MTRStructsObjc.mm:12439
MTRCameraAVStreamManagementClusterVideoSensorParamsStruct	maxFPS	@(0)	zap-generated/MTRStructsObjc.mm:12441
MTRCameraAVStreamManagementClusterVideoSensorParamsStruct	maxHDRFPS	nil	zap-generated/MTRStructsObjc.mm:12443
MTRCameraAVSettingsUserLevelManagementClusterMPTZStruct	pan	nil	zap-generated/MTRStructsObjc.mm:12473
MTRCameraAVSettingsUserLevelManagementClusterMPTZStruct	tilt	nil	zap-generated/MTRStructsObjc.mm:12475
MTRCameraAVSettingsUserLevelManagementClusterMPTZStruct	zoom	nil	zap-generated/MTRStructsObjc.mm:12477
MTRCameraAVSettingsUserLevelManagementClusterMPTZPresetStruct	presetID	@(0)	zap-generated/MTRStructsObjc.mm:12506
MTRCameraAVSettingsUserLevelManagementClusterMPTZPresetStruct	name	@""	zap-generated/MTRStructsObjc.mm:12508
MTRCameraAVSettingsUserLevelManagementClusterMPTZPresetStruct	settings	[MTRCameraAVSettingsUserLevelManagementClusterMPTZStruct new]	zap-generated/MTRStructsObjc.mm:12510
MTRCameraAVSettingsUserLevelManagementClusterDPTZStruct	videoStreamID	@(0)	zap-generated/MTRStructsObjc.mm:12539
MTRCameraAVSettingsUserLevelManagementClusterDPTZStruct	viewport	[MTRDataTypeViewportStruct new]	zap-generated/MTRStructsObjc.mm:12541
MTRWebRTCTransportProviderClusterSFrameStruct	cipherSuite	@(0)	zap-generated/MTRStructsObjc.mm:12569
MTRWebRTCTransportProviderClusterSFrameStruct	baseKey	[NSData data]	zap-generated/MTRStructsObjc.mm:12571
MTRWebRTCTransportProviderClusterSFrameStruct	kid	[NSData data]	zap-generated/MTRStructsObjc.mm:12573
MTRPushAVStreamTransportClusterTransportMotionTriggerTimeControlStruct	initialDuration	@(0)	zap-generated/MTRStructsObjc.mm:12602
MTRPushAVStreamTransportClusterTransportMotionTriggerTimeControlStruct	augmentationDuration	@(0)	zap-generated/MTRStructsObjc.mm:12604
MTRPushAVStreamTransportClusterTransportMotionTriggerTimeControlStruct	maxDuration	@(0)	zap-generated/MTRStructsObjc.mm:12606
MTRPushAVStreamTransportClusterTransportMotionTriggerTimeControlStruct	blindDuration	@(0)	zap-generated/MTRStructsObjc.mm:12608
MTRPushAVStreamTransportClusterTransportZoneOptionsStruct	zone	nil	zap-generated/MTRStructsObjc.mm:12638
MTRPushAVStreamTransportClusterTransportZoneOptionsStruct	sensitivity	nil	zap-generated/MTRStructsObjc.mm:12640
MTRPushAVStreamTransportClusterAudioStreamStruct	audioStreamName	@""	zap-generated/MTRStructsObjc.mm:12668
MTRPushAVStreamTransportClusterAudioStreamStruct	audioStreamID	@(0)	zap-generated/MTRStructsObjc.mm:12670
MTRPushAVStreamTransportClusterVideoStreamStruct	videoStreamName	@""	zap-generated/MTRStructsObjc.mm:12698
MTRPushAVStreamTransportClusterVideoStreamStruct	videoStreamID	@(0)	zap-generated/MTRStructsObjc.mm:12700
MTRPushAVStreamTransportClusterTransportTriggerOptionsStruct	triggerType	@(0)	zap-generated/MTRStructsObjc.mm:12728
MTRPushAVStreamTransportClusterTransportTriggerOptionsStruct	motionZones	nil	zap-generated/MTRStructsObjc.mm:12730
MTRPushAVStreamTransportClusterTransportTriggerOptionsStruct	motionSensitivity	nil	zap-generated/MTRStructsObjc.mm:12732
MTRPushAVStreamTransportClusterTransportTriggerOptionsStruct	motionTimeControl	nil	zap-generated/MTRStructsObjc.mm:12734
MTRPushAVStreamTransportClusterTransportTriggerOptionsStruct	maxPreRollLen	nil	zap-generated/MTRStructsObjc.mm:12736
MTRPushAVStreamTransportClusterCMAFContainerOptionsStruct	cmafInterface	@(0)	zap-generated/MTRStructsObjc.mm:12767
MTRPushAVStreamTransportClusterCMAFContainerOptionsStruct	segmentDuration	@(0)	zap-generated/MTRStructsObjc.mm:12769
MTRPushAVStreamTransportClusterCMAFContainerOptionsStruct	chunkDuration	@(0)	zap-generated/MTRStructsObjc.mm:12771
MTRPushAVStreamTransportClusterCMAFContainerOptionsStruct	sessionGroup	nil	zap-generated/MTRStructsObjc.mm:12773
MTRPushAVStreamTransportClusterCMAFContainerOptionsStruct	trackName	nil	zap-generated/MTRStructsObjc.mm:12775
MTRPushAVStreamTransportClusterCMAFContainerOptionsStruct	metadataEnabled	nil	zap-generated/MTRStructsObjc.mm:12777
MTRPushAVStreamTransportClusterContainerOptionsStruct	containerType	@(0)	zap-generated/MTRStructsObjc.mm:12809
MTRPushAVStreamTransportClusterContainerOptionsStruct	cmafContainerOptions	nil	zap-generated/MTRStructsObjc.mm:12811
MTRPushAVStreamTransportClusterTransportOptionsStruct	streamUsage	@(0)	zap-generated/MTRStructsObjc.mm:12839
MTRPushAVStreamTransportClusterTransportOptionsStruct	videoStreamID	nil	zap-generated/MTRStructsObjc.mm:12841
MTRPushAVStreamTransportClusterTransportOptionsStruct	audioStreamID	nil	zap-generated/MTRStructsObjc.mm:12843
MTRPushAVStreamTransportClusterTransportOptionsStruct	tlsEndpointID	@(0)	zap-generated/MTRStructsObjc.mm:12845
MTRPushAVStreamTransportClusterTransportOptionsStruct	url	@""	zap-generated/MTRStructsObjc.mm:12847
MTRPushAVStreamTransportClusterTransportOptionsStruct	triggerOptions	[MTRPushAVStreamTransportClusterTransportTriggerOptionsStruct new]	zap-generated/MTRStructsObjc.mm:12849
MTRPushAVStreamTransportClusterTransportOptionsStruct	ingestMethod	@(0)	zap-generated/MTRStructsObjc.mm:12851
MTRPushAVStreamTransportClusterTransportOptionsStruct	containerOptions	[MTRPushAVStreamTransportClusterContainerOptionsStruct new]	zap-generated/MTRStructsObjc.mm:12853
MTRPushAVStreamTransportClusterTransportOptionsStruct	expiryTime	nil	zap-generated/MTRStructsObjc.mm:12855
MTRPushAVStreamTransportClusterTransportOptionsStruct	videoStreams	nil	zap-generated/MTRStructsObjc.mm:12857
MTRPushAVStreamTransportClusterTransportOptionsStruct	audioStreams	nil	zap-generated/MTRStructsObjc.mm:12859
MTRPushAVStreamTransportClusterTransportConfigurationStruct	connectionID	@(0)	zap-generated/MTRStructsObjc.mm:12896
MTRPushAVStreamTransportClusterTransportConfigurationStruct	transportStatus	@(0)	zap-generated/MTRStructsObjc.mm:12898
MTRPushAVStreamTransportClusterTransportConfigurationStruct	transportOptions	nil	zap-generated/MTRStructsObjc.mm:12900
MTRPushAVStreamTransportClusterTransportConfigurationStruct	fabricIndex	@(0)	zap-generated/MTRStructsObjc.mm:12902
MTRPushAVStreamTransportClusterSupportedFormatStruct	containerFormat	@(0)	zap-generated/MTRStructsObjc.mm:12932
MTRPushAVStreamTransportClusterSupportedFormatStruct	ingestMethod	@(0)	zap-generated/MTRStructsObjc.mm:12934
MTRPushAVStreamTransportClusterPushTransportBeginEvent	connectionID	@(0)	zap-generated/MTRStructsObjc.mm:12962
MTRPushAVStreamTransportClusterPushTransportBeginEvent	triggerType	@(0)	zap-generated/MTRStructsObjc.mm:12964
MTRPushAVStreamTransportClusterPushTransportBeginEvent	activationReason	nil	zap-generated/MTRStructsObjc.mm:12966
MTRPushAVStreamTransportClusterPushTransportBeginEvent	containerType	nil	zap-generated/MTRStructsObjc.mm:12968
MTRPushAVStreamTransportClusterPushTransportBeginEvent	cmafSessionNumber	nil	zap-generated/MTRStructsObjc.mm:12970
MTRPushAVStreamTransportClusterPushTransportEndEvent	connectionID	@(0)	zap-generated/MTRStructsObjc.mm:13001
MTRPushAVStreamTransportClusterPushTransportEndEvent	containerType	nil	zap-generated/MTRStructsObjc.mm:13003
MTRPushAVStreamTransportClusterPushTransportEndEvent	cmafSessionNumber	nil	zap-generated/MTRStructsObjc.mm:13005
MTRChimeClusterChimeSoundStruct	chimeID	@(0)	zap-generated/MTRStructsObjc.mm:13034
MTRChimeClusterChimeSoundStruct	name	@""	zap-generated/MTRStructsObjc.mm:13036
MTRChimeClusterChimeStartedPlayingEvent	chimeID	@(0)	zap-generated/MTRStructsObjc.mm:13064
MTRAVAnalysisClusterAnalysisStreamStruct	analysisStreamID	@(0)	zap-generated/MTRStructsObjc.mm:13091
MTRAVAnalysisClusterAnalysisStreamStruct	webRTCEndpointID	nil	zap-generated/MTRStructsObjc.mm:13093
MTRAVAnalysisClusterAnalysisStreamStruct	pushAVEndpointID	nil	zap-generated/MTRStructsObjc.mm:13095
MTRAVAnalysisClusterAnalysisStreamStruct	analysisStreamState	@(0)	zap-generated/MTRStructsObjc.mm:13097
MTRAVAnalysisClusterContextTriggerStruct	context	[MTRDataTypeSemanticTagStruct new]	zap-generated/MTRStructsObjc.mm:13127
MTRAVAnalysisClusterContextTriggerStruct	zoneIDs	nil	zap-generated/MTRStructsObjc.mm:13129
MTRAVAnalysisClusterTrackedContext	identifiedContextID	@(0)	zap-generated/MTRStructsObjc.mm:13157
MTRAVAnalysisClusterTrackedContext	identifiedContext	[MTRDataTypeSemanticTagStruct new]	zap-generated/MTRStructsObjc.mm:13159
MTRAVAnalysisClusterTrackedContext	previousZone	nil	zap-generated/MTRStructsObjc.mm:13161
MTRAVAnalysisClusterTrackedContext	currentZone	nil	zap-generated/MTRStructsObjc.mm:13163
MTRAVAnalysisClusterTrackedContext	startTime	@(0)	zap-generated/MTRStructsObjc.mm:13165
MTRAVAnalysisClusterTrackedContext	endTime	nil	zap-generated/MTRStructsObjc.mm:13167
MTRAVAnalysisClusterAnalysisSessionStartEvent	sessionID	@(0)	zap-generated/MTRStructsObjc.mm:13199
MTRAVAnalysisClusterAnalysisSessionStartEvent	sourceNodeId	nil	zap-generated/MTRStructsObjc.mm:13201
MTRAVAnalysisClusterAnalysisSessionStartEvent	triggeredZones	nil	zap-generated/MTRStructsObjc.mm:13203
MTRAVAnalysisClusterAnalysisSessionEndEvent	sessionID	@(0)	zap-generated/MTRStructsObjc.mm:13232
MTRAVAnalysisClusterAnalysisSessionEndEvent	sourceNodeId	nil	zap-generated/MTRStructsObjc.mm:13234
MTRAVAnalysisClusterPerceivedContextEvent	sessionID	@(0)	zap-generated/MTRStructsObjc.mm:13262
MTRAVAnalysisClusterPerceivedContextEvent	sourceNodeId	nil	zap-generated/MTRStructsObjc.mm:13264
MTRAVAnalysisClusterPerceivedContextEvent	sourceStartTimestamp	nil	zap-generated/MTRStructsObjc.mm:13266
MTRAVAnalysisClusterPerceivedContextEvent	newIdentifiedContexts	nil	zap-generated/MTRStructsObjc.mm:13268
MTRAVAnalysisClusterPerceivedContextEvent	currentIdentifiedContexts	nil	zap-generated/MTRStructsObjc.mm:13270
MTRAVAnalysisClusterPerceivedContextEvent	expiredContexts	nil	zap-generated/MTRStructsObjc.mm:13272
MTRCommodityTariffClusterPeakPeriodStruct	severity	@(0)	zap-generated/MTRStructsObjc.mm:13304
MTRCommodityTariffClusterPeakPeriodStruct	peakPeriod	@(0)	zap-generated/MTRStructsObjc.mm:13306
MTRCommodityTariffClusterAuxiliaryLoadSwitchSettingsStruct	number	@(0)	zap-generated/MTRStructsObjc.mm:13334
MTRCommodityTariffClusterAuxiliaryLoadSwitchSettingsStruct	requiredState	@(0)	zap-generated/MTRStructsObjc.mm:13336
MTRCommodityTariffClusterTariffPriceStruct	priceType	@(0)	zap-generated/MTRStructsObjc.mm:13364
MTRCommodityTariffClusterTariffPriceStruct	price	nil	zap-generated/MTRStructsObjc.mm:13366
MTRCommodityTariffClusterTariffPriceStruct	priceLevel	nil	zap-generated/MTRStructsObjc.mm:13368
MTRCommodityTariffClusterTariffComponentStruct	tariffComponentID	@(0)	zap-generated/MTRStructsObjc.mm:13397
MTRCommodityTariffClusterTariffComponentStruct	price	nil	zap-generated/MTRStructsObjc.mm:13399
MTRCommodityTariffClusterTariffComponentStruct	friendlyCredit	nil	zap-generated/MTRStructsObjc.mm:13401
MTRCommodityTariffClusterTariffComponentStruct	auxiliaryLoad	nil	zap-generated/MTRStructsObjc.mm:13403
MTRCommodityTariffClusterTariffComponentStruct	peakPeriod	nil	zap-generated/MTRStructsObjc.mm:13405
MTRCommodityTariffClusterTariffComponentStruct	powerThreshold	nil	zap-generated/MTRStructsObjc.mm:13407
MTRCommodityTariffClusterTariffComponentStruct	threshold	nil	zap-generated/MTRStructsObjc.mm:13409
MTRCommodityTariffClusterTariffComponentStruct	label	nil	zap-generated/MTRStructsObjc.mm:13411
MTRCommodityTariffClusterTariffComponentStruct	predicted	nil	zap-generated/MTRStructsObjc.mm:13413
MTRCommodityTariffClusterTariffComponentStruct	externalID	nil	zap-generated/MTRStructsObjc.mm:13415
MTRCommodityTariffClusterCalendarPeriodStruct	startDate	nil	zap-generated/MTRStructsObjc.mm:13451
MTRCommodityTariffClusterCalendarPeriodStruct	dayPatternIDs	[NSArray array]	zap-generated/MTRStructsObjc.mm:13453
MTRCommodityTariffClusterDayEntryStruct	dayEntryID	@(0)	zap-generated/MTRStructsObjc.mm:13481
MTRCommodityTariffClusterDayEntryStruct	startTime	@(0)	zap-generated/MTRStructsObjc.mm:13483
MTRCommodityTariffClusterDayEntryStruct	duration	nil	zap-generated/MTRStructsObjc.mm:13485
MTRCommodityTariffClusterDayEntryStruct	randomizationOffset	nil	zap-generated/MTRStructsObjc.mm:13487
MTRCommodityTariffClusterDayEntryStruct	randomizationType	nil	zap-generated/MTRStructsObjc.mm:13489
MTRCommodityTariffClusterDayPatternStruct	dayPatternID	@(0)	zap-generated/MTRStructsObjc.mm:13520
MTRCommodityTariffClusterDayPatternStruct	daysOfWeek	@(0)	zap-generated/MTRStructsObjc.mm:13522
MTRCommodityTariffClusterDayPatternStruct	dayEntryIDs	[NSArray array]	zap-generated/MTRStructsObjc.mm:13524
MTRCommodityTariffClusterDayStruct	date	@(0)	zap-generated/MTRStructsObjc.mm:13553
MTRCommodityTariffClusterDayStruct	dayType	@(0)	zap-generated/MTRStructsObjc.mm:13555
MTRCommodityTariffClusterDayStruct	dayEntryIDs	[NSArray array]	zap-generated/MTRStructsObjc.mm:13557
MTRCommodityTariffClusterTariffInformationStruct	tariffLabel	nil	zap-generated/MTRStructsObjc.mm:13586
MTRCommodityTariffClusterTariffInformationStruct	providerName	nil	zap-generated/MTRStructsObjc.mm:13588
MTRCommodityTariffClusterTariffInformationStruct	currency	nil	zap-generated/MTRStructsObjc.mm:13590
MTRCommodityTariffClusterTariffInformationStruct	blockMode	nil	zap-generated/MTRStructsObjc.mm:13592
MTRCommodityTariffClusterTariffPeriodStruct	label	nil	zap-generated/MTRStructsObjc.mm:13622
MTRCommodityTariffClusterTariffPeriodStruct	dayEntryIDs	[NSArray array]	zap-generated/MTRStructsObjc.mm:13624
MTRCommodityTariffClusterTariffPeriodStruct	tariffComponentIDs	[NSArray array]	zap-generated/MTRStructsObjc.mm:13626
MTREcosystemInformationClusterDeviceTypeStruct	deviceType	@(0)	zap-generated/MTRStructsObjc.mm:13655
MTREcosystemInformationClusterDeviceTypeStruct	revision	@(0)	zap-generated/MTRStructsObjc.mm:13657
MTREcosystemInformationClusterEcosystemDeviceStruct	deviceName	nil	zap-generated/MTRStructsObjc.mm:13685
MTREcosystemInformationClusterEcosystemDeviceStruct	deviceNameLastEdit	nil	zap-generated/MTRStructsObjc.mm:13687
MTREcosystemInformationClusterEcosystemDeviceStruct	bridgedEndpoint	@(0)	zap-generated/MTRStructsObjc.mm:13689
MTREcosystemInformationClusterEcosystemDeviceStruct	originalEndpoint	@(0)	zap-generated/MTRStructsObjc.mm:13691
MTREcosystemInformationClusterEcosystemDeviceStruct	deviceTypes	[NSArray array]	zap-generated/MTRStructsObjc.mm:13693
MTREcosystemInformationClusterEcosystemDeviceStruct	uniqueLocationIDs	[NSArray array]	zap-generated/MTRStructsObjc.mm:13695
MTREcosystemInformationClusterEcosystemDeviceStruct	uniqueLocationIDsLastEdit	@(0)	zap-generated/MTRStructsObjc.mm:13697
MTREcosystemInformationClusterEcosystemDeviceStruct	fabricIndex	@(0)	zap-generated/MTRStructsObjc.mm:13699
MTREcosystemInformationClusterEcosystemLocationStruct	uniqueLocationID	@""	zap-generated/MTRStructsObjc.mm:13733
MTREcosystemInformationClusterEcosystemLocationStruct	locationDescriptor	[MTRDataTypeLocationDescriptorStruct new]	zap-generated/MTRStructsObjc.mm:13735
MTREcosystemInformationClusterEcosystemLocationStruct	locationDescriptorLastEdit	@(0)	zap-generated/MTRStructsObjc.mm:13737
MTREcosystemInformationClusterEcosystemLocationStruct	fabricIndex	@(0)	zap-generated/MTRStructsObjc.mm:13739
MTRCommissionerControlClusterCommissioningRequestResultEvent	requestID	@(0)	zap-generated/MTRStructsObjc.mm:13769
MTRCommissionerControlClusterCommissioningRequestResultEvent	clientNodeID	@(0)	zap-generated/MTRStructsObjc.mm:13771
MTRCommissionerControlClusterCommissioningRequestResultEvent	statusCode	@(0)	zap-generated/MTRStructsObjc.mm:13773
MTRCommissionerControlClusterCommissioningRequestResultEvent	fabricIndex	@(0)	zap-generated/MTRStructsObjc.mm:13775
MTRJointFabricDatastoreClusterDatastoreStatusEntryStruct	state	@(0)	zap-generated/MTRStructsObjc.mm:13805
MTRJointFabricDatastoreClusterDatastoreStatusEntryStruct	updateTimestamp	@(0)	zap-generated/MTRStructsObjc.mm:13807
MTRJointFabricDatastoreClusterDatastoreStatusEntryStruct	failureCode	@(0)	zap-generated/MTRStructsObjc.mm:13809
MTRJointFabricDatastoreClusterDatastoreNodeKeySetEntryStruct	nodeID	@(0)	zap-generated/MTRStructsObjc.mm:13838
MTRJointFabricDatastoreClusterDatastoreNodeKeySetEntryStruct	groupKeySetID	@(0)	zap-generated/MTRStructsObjc.mm:13840
MTRJointFabricDatastoreClusterDatastoreNodeKeySetEntryStruct	statusEntry	[MTRJointFabricDatastoreClusterDatastoreStatusEntryStruct new]	zap-generated/MTRStructsObjc.mm:13842
MTRJointFabricDatastoreClusterDatastoreNodeInformationEntryStruct	nodeID	@(0)	zap-generated/MTRStructsObjc.mm:13871
MTRJointFabricDatastoreClusterDatastoreNodeInformationEntryStruct	friendlyName	@""	zap-generated/MTRStructsObjc.mm:13873
MTRJointFabricDatastoreClusterDatastoreNodeInformationEntryStruct	commissioningStatusEntry	[MTRJointFabricDatastoreClusterDatastoreStatusEntryStruct new]	zap-generated/MTRStructsObjc.mm:13875
MTRJointFabricDatastoreClusterDatastoreEndpointGroupIDEntryStruct	nodeID	@(0)	zap-generated/MTRStructsObjc.mm:13904
MTRJointFabricDatastoreClusterDatastoreEndpointGroupIDEntryStruct	endpointID	@(0)	zap-generated/MTRStructsObjc.mm:13906
MTRJointFabricDatastoreClusterDatastoreEndpointGroupIDEntryStruct	groupID	@(0)	zap-generated/MTRStructsObjc.mm:13908
MTRJointFabricDatastoreClusterDatastoreEndpointGroupIDEntryStruct	statusEntry	[MTRJointFabricDatastoreClusterDatastoreStatusEntryStruct new]	zap-generated/MTRStructsObjc.mm:13910
MTRJointFabricDatastoreClusterDatastoreBindingTargetStruct	node	nil	zap-generated/MTRStructsObjc.mm:13940
MTRJointFabricDatastoreClusterDatastoreBindingTargetStruct	group	nil	zap-generated/MTRStructsObjc.mm:13942
MTRJointFabricDatastoreClusterDatastoreBindingTargetStruct	endpoint	nil	zap-generated/MTRStructsObjc.mm:13944
MTRJointFabricDatastoreClusterDatastoreBindingTargetStruct	cluster	nil	zap-generated/MTRStructsObjc.mm:13946
MTRJointFabricDatastoreClusterDatastoreEndpointBindingEntryStruct	nodeID	@(0)	zap-generated/MTRStructsObjc.mm:13976
MTRJointFabricDatastoreClusterDatastoreEndpointBindingEntryStruct	endpointID	@(0)	zap-generated/MTRStructsObjc.mm:13978
MTRJointFabricDatastoreClusterDatastoreEndpointBindingEntryStruct	listID	@(0)	zap-generated/MTRStructsObjc.mm:13980
MTRJointFabricDatastoreClusterDatastoreEndpointBindingEntryStruct	binding	[MTRJointFabricDatastoreClusterDatastoreBindingTargetStruct new]	zap-generated/MTRStructsObjc.mm:13982
MTRJointFabricDatastoreClusterDatastoreEndpointBindingEntryStruct	statusEntry	[MTRJointFabricDatastoreClusterDatastoreStatusEntryStruct new]	zap-generated/MTRStructsObjc.mm:13984
MTRJointFabricDatastoreClusterDatastoreAccessControlTargetStruct	cluster	nil	zap-generated/MTRStructsObjc.mm:14015
MTRJointFabricDatastoreClusterDatastoreAccessControlTargetStruct	endpoint	nil	zap-generated/MTRStructsObjc.mm:14017
MTRJointFabricDatastoreClusterDatastoreAccessControlTargetStruct	deviceType	nil	zap-generated/MTRStructsObjc.mm:14019
MTRJointFabricDatastoreClusterDatastoreAccessControlEntryStruct	privilege	@(0)	zap-generated/MTRStructsObjc.mm:14048
MTRJointFabricDatastoreClusterDatastoreAccessControlEntryStruct	authMode	@(0)	zap-generated/MTRStructsObjc.mm:14050
MTRJointFabricDatastoreClusterDatastoreAccessControlEntryStruct	subjects	nil	zap-generated/MTRStructsObjc.mm:14052
MTRJointFabricDatastoreClusterDatastoreAccessControlEntryStruct	targets	nil	zap-generated/MTRStructsObjc.mm:14054
MTRJointFabricDatastoreClusterDatastoreACLEntryStruct	nodeID	@(0)	zap-generated/MTRStructsObjc.mm:14084
MTRJointFabricDatastoreClusterDatastoreACLEntryStruct	listID	@(0)	zap-generated/MTRStructsObjc.mm:14086
MTRJointFabricDatastoreClusterDatastoreACLEntryStruct	aclEntry	[MTRJointFabricDatastoreClusterDatastoreAccessControlEntryStruct new]	zap-generated/MTRStructsObjc.mm:14088
MTRJointFabricDatastoreClusterDatastoreACLEntryStruct	statusEntry	[MTRJointFabricDatastoreClusterDatastoreStatusEntryStruct new]	zap-generated/MTRStructsObjc.mm:14090
MTRJointFabricDatastoreClusterDatastoreAdministratorInformationEntryStruct	nodeID	@(0)	zap-generated/MTRStructsObjc.mm:14120
MTRJointFabricDatastoreClusterDatastoreAdministratorInformationEntryStruct	friendlyName	@""	zap-generated/MTRStructsObjc.mm:14122
MTRJointFabricDatastoreClusterDatastoreAdministratorInformationEntryStruct	vendorID	@(0)	zap-generated/MTRStructsObjc.mm:14124
MTRJointFabricDatastoreClusterDatastoreAdministratorInformationEntryStruct	icac	[NSData data]	zap-generated/MTRStructsObjc.mm:14126
MTRJointFabricDatastoreClusterDatastoreEndpointEntryStruct	endpointID	@(0)	zap-generated/MTRStructsObjc.mm:14156
MTRJointFabricDatastoreClusterDatastoreEndpointEntryStruct	nodeID	@(0)	zap-generated/MTRStructsObjc.mm:14158
MTRJointFabricDatastoreClusterDatastoreEndpointEntryStruct	friendlyName	@""	zap-generated/MTRStructsObjc.mm:14160
MTRJointFabricDatastoreClusterDatastoreGroupInformationEntryStruct	groupID	@(0)	zap-generated/MTRStructsObjc.mm:14189
MTRJointFabricDatastoreClusterDatastoreGroupInformationEntryStruct	friendlyName	@""	zap-generated/MTRStructsObjc.mm:14191
MTRJointFabricDatastoreClusterDatastoreGroupInformationEntryStruct	groupKeySetID	nil	zap-generated/MTRStructsObjc.mm:14193
MTRJointFabricDatastoreClusterDatastoreGroupInformationEntryStruct	groupCAT	nil	zap-generated/MTRStructsObjc.mm:14195
MTRJointFabricDatastoreClusterDatastoreGroupInformationEntryStruct	groupCATVersion	nil	zap-generated/MTRStructsObjc.mm:14197
MTRJointFabricDatastoreClusterDatastoreGroupInformationEntryStruct	groupPermission	@(0)	zap-generated/MTRStructsObjc.mm:14199
MTRJointFabricDatastoreClusterDatastoreGroupKeySetStruct	groupKeySetID	@(0)	zap-generated/MTRStructsObjc.mm:14231
MTRJointFabricDatastoreClusterDatastoreGroupKeySetStruct	groupKeySecurityPolicy	@(0)	zap-generated/MTRStructsObjc.mm:14233
MTRJointFabricDatastoreClusterDatastoreGroupKeySetStruct	epochKey0	nil	zap-generated/MTRStructsObjc.mm:14235
MTRJointFabricDatastoreClusterDatastoreGroupKeySetStruct	epochStartTime0	nil	zap-generated/MTRStructsObjc.mm:14237
MTRJointFabricDatastoreClusterDatastoreGroupKeySetStruct	epochKey1	nil	zap-generated/MTRStructsObjc.mm:14239
MTRJointFabricDatastoreClusterDatastoreGroupKeySetStruct	epochStartTime1	nil	zap-generated/MTRStructsObjc.mm:14241
MTRJointFabricDatastoreClusterDatastoreGroupKeySetStruct	epochKey2	nil	zap-generated/MTRStructsObjc.mm:14243
MTRJointFabricDatastoreClusterDatastoreGroupKeySetStruct	epochStartTime2	nil	zap-generated/MTRStructsObjc.mm:14245
MTRTLSCertificateManagementClusterTLSCertStruct	caid	@(0)	zap-generated/MTRStructsObjc.mm:14279
MTRTLSCertificateManagementClusterTLSCertStruct	certificate	nil	zap-generated/MTRStructsObjc.mm:14281
MTRTLSCertificateManagementClusterTLSCertStruct	fabricIndex	@(0)	zap-generated/MTRStructsObjc.mm:14283
MTRTLSCertificateManagementClusterTLSClientCertificateDetailStruct	ccdid	@(0)	zap-generated/MTRStructsObjc.mm:14312
MTRTLSCertificateManagementClusterTLSClientCertificateDetailStruct	clientCertificate	nil	zap-generated/MTRStructsObjc.mm:14314
MTRTLSCertificateManagementClusterTLSClientCertificateDetailStruct	intermediateCertificates	nil	zap-generated/MTRStructsObjc.mm:14316
MTRTLSCertificateManagementClusterTLSClientCertificateDetailStruct	fabricIndex	@(0)	zap-generated/MTRStructsObjc.mm:14318
MTRTLSClientManagementClusterTLSEndpointStruct	endpointID	@(0)	zap-generated/MTRStructsObjc.mm:14348
MTRTLSClientManagementClusterTLSEndpointStruct	hostname	[NSData data]	zap-generated/MTRStructsObjc.mm:14350
MTRTLSClientManagementClusterTLSEndpointStruct	port	@(0)	zap-generated/MTRStructsObjc.mm:14352
MTRTLSClientManagementClusterTLSEndpointStruct	caid	@(0)	zap-generated/MTRStructsObjc.mm:14354
MTRTLSClientManagementClusterTLSEndpointStruct	ccdid	nil	zap-generated/MTRStructsObjc.mm:14356
MTRTLSClientManagementClusterTLSEndpointStruct	referenceCount	@(0)	zap-generated/MTRStructsObjc.mm:14358
MTRTLSClientManagementClusterTLSEndpointStruct	fabricIndex	@(0)	zap-generated/MTRStructsObjc.mm:14360
MTRCommodityMeteringClusterMeteredQuantityStruct	tariffComponentIDs	[NSArray array]	zap-generated/MTRStructsObjc.mm:14393
MTRCommodityMeteringClusterMeteredQuantityStruct	quantity	@(0)	zap-generated/MTRStructsObjc.mm:14395
MTRUnitTestingClusterSimpleStruct	a	@(0)	zap-generated/MTRStructsObjc.mm:14423
MTRUnitTestingClusterSimpleStruct	b	@(0)	zap-generated/MTRStructsObjc.mm:14425
MTRUnitTestingClusterSimpleStruct	c	@(0)	zap-generated/MTRStructsObjc.mm:14427
MTRUnitTestingClusterSimpleStruct	d	[NSData data]	zap-generated/MTRStructsObjc.mm:14429
MTRUnitTestingClusterSimpleStruct	e	@""	zap-generated/MTRStructsObjc.mm:14431
MTRUnitTestingClusterSimpleStruct	f	@(0)	zap-generated/MTRStructsObjc.mm:14433
MTRUnitTestingClusterSimpleStruct	g	@(0)	zap-generated/MTRStructsObjc.mm:14435
MTRUnitTestingClusterSimpleStruct	h	@(0)	zap-generated/MTRStructsObjc.mm:14437
MTRUnitTestingClusterSimpleStruct	i	nil	zap-generated/MTRStructsObjc.mm:14439
MTRUnitTestingClusterTestFabricScoped	fabricSensitiveInt8u	@(0)	zap-generated/MTRStructsObjc.mm:14485
MTRUnitTestingClusterTestFabricScoped	optionalFabricSensitiveInt8u	nil	zap-generated/MTRStructsObjc.mm:14487
MTRUnitTestingClusterTestFabricScoped	nullableFabricSensitiveInt8u	nil	zap-generated/MTRStructsObjc.mm:14489
MTRUnitTestingClusterTestFabricScoped	nullableOptionalFabricSensitiveInt8u	nil	zap-generated/MTRStructsObjc.mm:14491
MTRUnitTestingClusterTestFabricScoped	fabricSensitiveCharString	@""	zap-generated/MTRStructsObjc.mm:14493
MTRUnitTestingClusterTestFabricScoped	fabricSensitiveStruct	[MTRUnitTestingClusterSimpleStruct new]	zap-generated/MTRStructsObjc.mm:14495
MTRUnitTestingClusterTestFabricScoped	fabricSensitiveInt8uList	[NSArray array]	zap-generated/MTRStructsObjc.mm:14497
MTRUnitTestingClusterTestFabricScoped	fabricIndex	@(0)	zap-generated/MTRStructsObjc.mm:14499
MTRUnitTestingClusterNullablesAndOptionalsStruct	nullableInt	nil	zap-generated/MTRStructsObjc.mm:14544
MTRUnitTestingClusterNullablesAndOptionalsStruct	optionalInt	nil	zap-generated/MTRStructsObjc.mm:14546
MTRUnitTestingClusterNullablesAndOptionalsStruct	nullableOptionalInt	nil	zap-generated/MTRStructsObjc.mm:14548
MTRUnitTestingClusterNullablesAndOptionalsStruct	nullableString	nil	zap-generated/MTRStructsObjc.mm:14550
MTRUnitTestingClusterNullablesAndOptionalsStruct	optionalString	nil	zap-generated/MTRStructsObjc.mm:14552
MTRUnitTestingClusterNullablesAndOptionalsStruct	nullableOptionalString	nil	zap-generated/MTRStructsObjc.mm:14554
MTRUnitTestingClusterNullablesAndOptionalsStruct	nullableStruct	nil	zap-generated/MTRStructsObjc.mm:14556
MTRUnitTestingClusterNullablesAndOptionalsStruct	optionalStruct	nil	zap-generated/MTRStructsObjc.mm:14558
MTRUnitTestingClusterNullablesAndOptionalsStruct	nullableOptionalStruct	nil	zap-generated/MTRStructsObjc.mm:14560
MTRUnitTestingClusterNullablesAndOptionalsStruct	nullableList	nil	zap-generated/MTRStructsObjc.mm:14562
MTRUnitTestingClusterNullablesAndOptionalsStruct	optionalList	nil	zap-generated/MTRStructsObjc.mm:14564
MTRUnitTestingClusterNullablesAndOptionalsStruct	nullableOptionalList	nil	zap-generated/MTRStructsObjc.mm:14566
MTRUnitTestingClusterNestedStruct	a	@(0)	zap-generated/MTRStructsObjc.mm:14619
MTRUnitTestingClusterNestedStruct	b	@(0)	zap-generated/MTRStructsObjc.mm:14621
MTRUnitTestingClusterNestedStruct	c	[MTRUnitTestingClusterSimpleStruct new]	zap-generated/MTRStructsObjc.mm:14623
MTRUnitTestingClusterNestedStruct	d	nil	zap-generated/MTRStructsObjc.mm:14625
MTRUnitTestingClusterNestedStructList	a	@(0)	zap-generated/MTRStructsObjc.mm:14661
MTRUnitTestingClusterNestedStructList	b	@(0)	zap-generated/MTRStructsObjc.mm:14663
MTRUnitTestingClusterNestedStructList	c	[MTRUnitTestingClusterSimpleStruct new]	zap-generated/MTRStructsObjc.mm:14665
MTRUnitTestingClusterNestedStructList	d	[NSArray array]	zap-generated/MTRStructsObjc.mm:14667
MTRUnitTestingClusterNestedStructList	e	[NSArray array]	zap-generated/MTRStructsObjc.mm:14669
MTRUnitTestingClusterNestedStructList	f	[NSArray array]	zap-generated/MTRStructsObjc.mm:14671
MTRUnitTestingClusterNestedStructList	g	[NSArray array]	zap-generated/MTRStructsObjc.mm:14673
MTRUnitTestingClusterDoubleNestedStructList	a	[NSArray array]	zap-generated/MTRStructsObjc.mm:14716
MTRUnitTestingClusterTestListStructOctet	member1	@(0)	zap-generated/MTRStructsObjc.mm:14747
MTRUnitTestingClusterTestListStructOctet	member2	[NSData data]	zap-generated/MTRStructsObjc.mm:14749
MTRUnitTestingClusterTestEventEvent	arg1	@(0)	zap-generated/MTRStructsObjc.mm:14782
MTRUnitTestingClusterTestEventEvent	arg2	@(0)	zap-generated/MTRStructsObjc.mm:14784
MTRUnitTestingClusterTestEventEvent	arg3	@(0)	zap-generated/MTRStructsObjc.mm:14786
MTRUnitTestingClusterTestEventEvent	arg4	[MTRUnitTestingClusterSimpleStruct new]	zap-generated/MTRStructsObjc.mm:14788
MTRUnitTestingClusterTestEventEvent	arg5	[NSArray array]	zap-generated/MTRStructsObjc.mm:14790
MTRUnitTestingClusterTestEventEvent	arg6	[NSArray array]	zap-generated/MTRStructsObjc.mm:14792
MTRUnitTestingClusterTestFabricScopedEventEvent	fabricIndex	@(0)	zap-generated/MTRStructsObjc.mm:14833
MTRUnitTestingClusterTestDifferentVendorMeiEventEvent	arg1	@(0)	zap-generated/MTRStructsObjc.mm:14864
MTRSampleMEIClusterPingCountEventEvent	count	@(0)	zap-generated/MTRStructsObjc.mm:14891
MTRSampleMEIClusterPingCountEventEvent	fabricIndex	@(0)	zap-generated/MTRStructsObjc.mm:14893
